-- MySQL dump 10.13  Distrib 8.0.40, for Win64 (x86_64)
--
-- Host: localhost    Database: football tracker local database
-- ------------------------------------------------------
-- Server version	8.0.40

/*!40101 SET @OLD_CHARACTER_SET_CLIENT=@@CHARACTER_SET_CLIENT */;
/*!40101 SET @OLD_CHARACTER_SET_RESULTS=@@CHARACTER_SET_RESULTS */;
/*!40101 SET @OLD_COLLATION_CONNECTION=@@COLLATION_CONNECTION */;
/*!50503 SET NAMES utf8 */;
/*!40103 SET @OLD_TIME_ZONE=@@TIME_ZONE */;
/*!40103 SET TIME_ZONE='+00:00' */;
/*!40014 SET @OLD_UNIQUE_CHECKS=@@UNIQUE_CHECKS, UNIQUE_CHECKS=0 */;
/*!40014 SET @OLD_FOREIGN_KEY_CHECKS=@@FOREIGN_KEY_CHECKS, FOREIGN_KEY_CHECKS=0 */;
/*!40101 SET @OLD_SQL_MODE=@@SQL_MODE, SQL_MODE='NO_AUTO_VALUE_ON_ZERO' */;
/*!40111 SET @OLD_SQL_NOTES=@@SQL_NOTES, SQL_NOTES=0 */;

--
-- Table structure for table `auth_group`
--

DROP TABLE IF EXISTS `auth_group`;
/*!40101 SET @saved_cs_client     = @@character_set_client */;
/*!50503 SET character_set_client = utf8mb4 */;
CREATE TABLE `auth_group` (
  `id` int NOT NULL AUTO_INCREMENT,
  `name` varchar(150) NOT NULL,
  PRIMARY KEY (`id`),
  UNIQUE KEY `name` (`name`)
) ENGINE=InnoDB DEFAULT CHARSET=utf8mb4 COLLATE=utf8mb4_0900_ai_ci;
/*!40101 SET character_set_client = @saved_cs_client */;

--
-- Dumping data for table `auth_group`
--

LOCK TABLES `auth_group` WRITE;
/*!40000 ALTER TABLE `auth_group` DISABLE KEYS */;
/*!40000 ALTER TABLE `auth_group` ENABLE KEYS */;
UNLOCK TABLES;

--
-- Table structure for table `auth_group_permissions`
--

DROP TABLE IF EXISTS `auth_group_permissions`;
/*!40101 SET @saved_cs_client     = @@character_set_client */;
/*!50503 SET character_set_client = utf8mb4 */;
CREATE TABLE `auth_group_permissions` (
  `id` bigint NOT NULL AUTO_INCREMENT,
  `group_id` int NOT NULL,
  `permission_id` int NOT NULL,
  PRIMARY KEY (`id`),
  UNIQUE KEY `auth_group_permissions_group_id_permission_id_0cd325b0_uniq` (`group_id`,`permission_id`),
  KEY `auth_group_permissio_permission_id_84c5c92e_fk_auth_perm` (`permission_id`),
  CONSTRAINT `auth_group_permissio_permission_id_84c5c92e_fk_auth_perm` FOREIGN KEY (`permission_id`) REFERENCES `auth_permission` (`id`),
  CONSTRAINT `auth_group_permissions_group_id_b120cbf9_fk_auth_group_id` FOREIGN KEY (`group_id`) REFERENCES `auth_group` (`id`)
) ENGINE=InnoDB DEFAULT CHARSET=utf8mb4 COLLATE=utf8mb4_0900_ai_ci;
/*!40101 SET character_set_client = @saved_cs_client */;

--
-- Dumping data for table `auth_group_permissions`
--

LOCK TABLES `auth_group_permissions` WRITE;
/*!40000 ALTER TABLE `auth_group_permissions` DISABLE KEYS */;
/*!40000 ALTER TABLE `auth_group_permissions` ENABLE KEYS */;
UNLOCK TABLES;

--
-- Table structure for table `auth_permission`
--

DROP TABLE IF EXISTS `auth_permission`;
/*!40101 SET @saved_cs_client     = @@character_set_client */;
/*!50503 SET character_set_client = utf8mb4 */;
CREATE TABLE `auth_permission` (
  `id` int NOT NULL AUTO_INCREMENT,
  `name` varchar(255) NOT NULL,
  `content_type_id` int NOT NULL,
  `codename` varchar(100) NOT NULL,
  PRIMARY KEY (`id`),
  UNIQUE KEY `auth_permission_content_type_id_codename_01ab375a_uniq` (`content_type_id`,`codename`),
  CONSTRAINT `auth_permission_content_type_id_2f476e4b_fk_django_co` FOREIGN KEY (`content_type_id`) REFERENCES `django_content_type` (`id`)
) ENGINE=InnoDB AUTO_INCREMENT=177 DEFAULT CHARSET=utf8mb4 COLLATE=utf8mb4_0900_ai_ci;
/*!40101 SET character_set_client = @saved_cs_client */;

--
-- Dumping data for table `auth_permission`
--

LOCK TABLES `auth_permission` WRITE;
/*!40000 ALTER TABLE `auth_permission` DISABLE KEYS */;
INSERT INTO `auth_permission` VALUES (1,'Can add log entry',1,'add_logentry'),(2,'Can change log entry',1,'change_logentry'),(3,'Can delete log entry',1,'delete_logentry'),(4,'Can view log entry',1,'view_logentry'),(5,'Can add permission',2,'add_permission'),(6,'Can change permission',2,'change_permission'),(7,'Can delete permission',2,'delete_permission'),(8,'Can view permission',2,'view_permission'),(9,'Can add group',3,'add_group'),(10,'Can change group',3,'change_group'),(11,'Can delete group',3,'delete_group'),(12,'Can view group',3,'view_group'),(13,'Can add user',4,'add_user'),(14,'Can change user',4,'change_user'),(15,'Can delete user',4,'delete_user'),(16,'Can view user',4,'view_user'),(17,'Can add content type',5,'add_contenttype'),(18,'Can change content type',5,'change_contenttype'),(19,'Can delete content type',5,'delete_contenttype'),(20,'Can view content type',5,'view_contenttype'),(21,'Can add session',6,'add_session'),(22,'Can change session',6,'change_session'),(23,'Can delete session',6,'delete_session'),(24,'Can view session',6,'view_session'),(25,'Can add player',7,'add_player'),(26,'Can change player',7,'change_player'),(27,'Can delete player',7,'delete_player'),(28,'Can view player',7,'view_player'),(29,'Can add league',8,'add_league'),(30,'Can change league',8,'change_league'),(31,'Can delete league',8,'delete_league'),(32,'Can view league',8,'view_league'),(33,'Can add match',9,'add_match'),(34,'Can change match',9,'change_match'),(35,'Can delete match',9,'delete_match'),(36,'Can view match',9,'view_match'),(37,'Can add team',10,'add_team'),(38,'Can change team',10,'change_team'),(39,'Can delete team',10,'delete_team'),(40,'Can view team',10,'view_team'),(41,'Can add user profile',11,'add_userprofile'),(42,'Can change user profile',11,'change_userprofile'),(43,'Can delete user profile',11,'delete_userprofile'),(44,'Can view user profile',11,'view_userprofile'),(45,'Can add goalkeeper',12,'add_goalkeeper'),(46,'Can change goalkeeper',12,'change_goalkeeper'),(47,'Can delete goalkeeper',12,'delete_goalkeeper'),(48,'Can view goalkeeper',12,'view_goalkeeper'),(49,'Can add outfield player',13,'add_outfieldplayer'),(50,'Can change outfield player',13,'change_outfieldplayer'),(51,'Can delete outfield player',13,'delete_outfieldplayer'),(52,'Can view outfield player',13,'view_outfieldplayer'),(53,'Can add player match data',14,'add_playermatchdata'),(54,'Can change player match data',14,'change_playermatchdata'),(55,'Can delete player match data',14,'delete_playermatchdata'),(56,'Can view player match data',14,'view_playermatchdata'),(57,'Can add admin can edit player match data',15,'add_admincaneditplayermatchdata'),(58,'Can change admin can edit player match data',15,'change_admincaneditplayermatchdata'),(59,'Can delete admin can edit player match data',15,'delete_admincaneditplayermatchdata'),(60,'Can view admin can edit player match data',15,'view_admincaneditplayermatchdata'),(61,'Can add player match data booking',16,'add_playermatchdatabooking'),(62,'Can change player match data booking',16,'change_playermatchdatabooking'),(63,'Can delete player match data booking',16,'delete_playermatchdatabooking'),(64,'Can view player match data booking',16,'view_playermatchdatabooking'),(65,'Can add player match data goal',17,'add_playermatchdatagoal'),(66,'Can change player match data goal',17,'change_playermatchdatagoal'),(67,'Can delete player match data goal',17,'delete_playermatchdatagoal'),(68,'Can view player match data goal',17,'view_playermatchdatagoal'),(69,'Can add player match data substitution',18,'add_playermatchdatasubstitution'),(70,'Can change player match data substitution',18,'change_playermatchdatasubstitution'),(71,'Can delete player match data substitution',18,'delete_playermatchdatasubstitution'),(72,'Can view player match data substitution',18,'view_playermatchdatasubstitution'),(73,'Can add player nationality',19,'add_playernationality'),(74,'Can change player nationality',19,'change_playernationality'),(75,'Can delete player nationality',19,'delete_playernationality'),(76,'Can view player nationality',19,'view_playernationality'),(77,'Can add player position',20,'add_playerposition'),(78,'Can change player position',20,'change_playerposition'),(79,'Can delete player position',20,'delete_playerposition'),(80,'Can view player position',20,'view_playerposition'),(81,'Can add player plays for team',21,'add_playerplaysforteam'),(82,'Can change player plays for team',21,'change_playerplaysforteam'),(83,'Can delete player plays for team',21,'delete_playerplaysforteam'),(84,'Can view player plays for team',21,'view_playerplaysforteam'),(85,'Can add manager nationality',22,'add_managernationality'),(86,'Can change manager nationality',22,'change_managernationality'),(87,'Can delete manager nationality',22,'delete_managernationality'),(88,'Can view manager nationality',22,'view_managernationality'),(89,'Can add admin can edit team',23,'add_admincaneditteam'),(90,'Can change admin can edit team',23,'change_admincaneditteam'),(91,'Can delete admin can edit team',23,'delete_admincaneditteam'),(92,'Can view admin can edit team',23,'view_admincaneditteam'),(93,'Can add team match',24,'add_teammatch'),(94,'Can change team match',24,'change_teammatch'),(95,'Can delete team match',24,'delete_teammatch'),(96,'Can view team match',24,'view_teammatch'),(97,'Can add team match data',25,'add_teammatchdata'),(98,'Can change team match data',25,'change_teammatchdata'),(99,'Can delete team match data',25,'delete_teammatchdata'),(100,'Can view team match data',25,'view_teammatchdata'),(101,'Can add admin can edit team match data',26,'add_admincaneditteammatchdata'),(102,'Can change admin can edit team match data',26,'change_admincaneditteammatchdata'),(103,'Can delete admin can edit team match data',26,'delete_admincaneditteammatchdata'),(104,'Can view admin can edit team match data',26,'view_admincaneditteammatchdata'),(105,'Can add team match data booking',27,'add_teammatchdatabooking'),(106,'Can change team match data booking',27,'change_teammatchdatabooking'),(107,'Can delete team match data booking',27,'delete_teammatchdatabooking'),(108,'Can view team match data booking',27,'view_teammatchdatabooking'),(109,'Can add team match data goal',28,'add_teammatchdatagoal'),(110,'Can change team match data goal',28,'change_teammatchdatagoal'),(111,'Can delete team match data goal',28,'delete_teammatchdatagoal'),(112,'Can view team match data goal',28,'view_teammatchdatagoal'),(113,'Can add team match data substitution',29,'add_teammatchdatasubstitution'),(114,'Can change team match data substitution',29,'change_teammatchdatasubstitution'),(115,'Can delete team match data substitution',29,'delete_teammatchdatasubstitution'),(116,'Can view team match data substitution',29,'view_teammatchdatasubstitution'),(117,'Can add team plays in league',30,'add_teamplaysinleague'),(118,'Can change team plays in league',30,'change_teamplaysinleague'),(119,'Can delete team plays in league',30,'delete_teamplaysinleague'),(120,'Can view team plays in league',30,'view_teamplaysinleague'),(121,'Can add user can browse league',31,'add_usercanbrowseleague'),(122,'Can change user can browse league',31,'change_usercanbrowseleague'),(123,'Can delete user can browse league',31,'delete_usercanbrowseleague'),(124,'Can view user can browse league',31,'view_usercanbrowseleague'),(125,'Can add user can browse match',32,'add_usercanbrowsematch'),(126,'Can change user can browse match',32,'change_usercanbrowsematch'),(127,'Can delete user can browse match',32,'delete_usercanbrowsematch'),(128,'Can view user can browse match',32,'view_usercanbrowsematch'),(129,'Can add user can browse player',33,'add_usercanbrowseplayer'),(130,'Can change user can browse player',33,'change_usercanbrowseplayer'),(131,'Can delete user can browse player',33,'delete_usercanbrowseplayer'),(132,'Can view user can browse player',33,'view_usercanbrowseplayer'),(133,'Can add user can browse player match data',34,'add_usercanbrowseplayermatchdata'),(134,'Can change user can browse player match data',34,'change_usercanbrowseplayermatchdata'),(135,'Can delete user can browse player match data',34,'delete_usercanbrowseplayermatchdata'),(136,'Can view user can browse player match data',34,'view_usercanbrowseplayermatchdata'),(137,'Can add user can browse team',35,'add_usercanbrowseteam'),(138,'Can change user can browse team',35,'change_usercanbrowseteam'),(139,'Can delete user can browse team',35,'delete_usercanbrowseteam'),(140,'Can view user can browse team',35,'view_usercanbrowseteam'),(141,'Can add user can browse team match data',36,'add_usercanbrowseteammatchdata'),(142,'Can change user can browse team match data',36,'change_usercanbrowseteammatchdata'),(143,'Can delete user can browse team match data',36,'delete_usercanbrowseteammatchdata'),(144,'Can view user can browse team match data',36,'view_usercanbrowseteammatchdata'),(145,'Can add admin can edit player',37,'add_admincaneditplayer'),(146,'Can change admin can edit player',37,'change_admincaneditplayer'),(147,'Can delete admin can edit player',37,'delete_admincaneditplayer'),(148,'Can view admin can edit player',37,'view_admincaneditplayer'),(149,'Can add admin can edit league',38,'add_admincaneditleague'),(150,'Can change admin can edit league',38,'change_admincaneditleague'),(151,'Can delete admin can edit league',38,'delete_admincaneditleague'),(152,'Can view admin can edit league',38,'view_admincaneditleague'),(153,'Can add admin can edit match',39,'add_admincaneditmatch'),(154,'Can change admin can edit match',39,'change_admincaneditmatch'),(155,'Can delete admin can edit match',39,'delete_admincaneditmatch'),(156,'Can view admin can edit match',39,'view_admincaneditmatch'),(157,'Can add match held in league',40,'add_matchheldinleague'),(158,'Can change match held in league',40,'change_matchheldinleague'),(159,'Can delete match held in league',40,'delete_matchheldinleague'),(160,'Can view match held in league',40,'view_matchheldinleague'),(161,'Can add match referee nationality',41,'add_matchrefereenationality'),(162,'Can change match referee nationality',41,'change_matchrefereenationality'),(163,'Can delete match referee nationality',41,'delete_matchrefereenationality'),(164,'Can view match referee nationality',41,'view_matchrefereenationality'),(165,'Can add player match',42,'add_playermatch'),(166,'Can change player match',42,'change_playermatch'),(167,'Can delete player match',42,'delete_playermatch'),(168,'Can view player match',42,'view_playermatch'),(169,'Can add Token',43,'add_token'),(170,'Can change Token',43,'change_token'),(171,'Can delete Token',43,'delete_token'),(172,'Can view Token',43,'view_token'),(173,'Can add Token',44,'add_tokenproxy'),(174,'Can change Token',44,'change_tokenproxy'),(175,'Can delete Token',44,'delete_tokenproxy'),(176,'Can view Token',44,'view_tokenproxy');
/*!40000 ALTER TABLE `auth_permission` ENABLE KEYS */;
UNLOCK TABLES;

--
-- Table structure for table `auth_user`
--

DROP TABLE IF EXISTS `auth_user`;
/*!40101 SET @saved_cs_client     = @@character_set_client */;
/*!50503 SET character_set_client = utf8mb4 */;
CREATE TABLE `auth_user` (
  `id` int NOT NULL AUTO_INCREMENT,
  `password` varchar(128) NOT NULL,
  `last_login` datetime(6) DEFAULT NULL,
  `is_superuser` tinyint(1) NOT NULL,
  `username` varchar(150) NOT NULL,
  `first_name` varchar(150) NOT NULL,
  `last_name` varchar(150) NOT NULL,
  `email` varchar(254) NOT NULL,
  `is_staff` tinyint(1) NOT NULL,
  `is_active` tinyint(1) NOT NULL,
  `date_joined` datetime(6) NOT NULL,
  PRIMARY KEY (`id`),
  UNIQUE KEY `username` (`username`)
) ENGINE=InnoDB AUTO_INCREMENT=26 DEFAULT CHARSET=utf8mb4 COLLATE=utf8mb4_0900_ai_ci;
/*!40101 SET character_set_client = @saved_cs_client */;

--
-- Dumping data for table `auth_user`
--

LOCK TABLES `auth_user` WRITE;
/*!40000 ALTER TABLE `auth_user` DISABLE KEYS */;
INSERT INTO `auth_user` VALUES (1,'pbkdf2_sha256$1000000$82ZZns3gx6IVKDWZaLtDxK$7bgmmkXLRPxDI9TEPAROXwKc09CaRY5SisMZ9xMUkNY=','2025-04-23 18:48:37.161251',0,'eri','eri','eri','eri@eri.com',1,1,'2025-04-23 18:30:19.479036'),(2,'pbkdf2_sha256$1000000$Kti0nmdkjgFIR5d1pjRL3W$14/yOFerVEqU9dS9JsV24KfPfM9DM2gZDUADUivvQqE=',NULL,0,'er','er','er','er@er.com',1,1,'2025-04-23 18:35:10.207781'),(3,'pbkdf2_sha256$1000000$tGdrHiST8D3v2nTJMpmRa5$Yhp4FCxB2h61l6S9HHMQ/pC2e4F6+QJkELvCLcw5Ag0=','2025-04-23 18:49:00.882681',0,'bar','bar','bar','bar@bar.com',1,1,'2025-04-23 18:37:07.109196'),(4,'pbkdf2_sha256$1000000$BsY7Ad1Ycalqq7dRyMqnQe$WaLWLvQW8+N1hYbz+dHjaS6I6Aos2xfZhH2m0AHejtc=','2025-04-23 18:49:59.029140',1,'erick','','','erickurian@gmail.com',1,1,'2025-04-23 18:49:37.240361'),(5,'pbkdf2_sha256$1000000$Fm2QvUJIUscalODyiXV9vk$McyiFONXKmQIVTT1iD+unDV8z7Qe4o6ARTF/aI5X9rg=',NULL,0,'bassel','bassel','hasan','bassel@bassel.com',1,1,'2025-04-23 19:11:39.258598'),(6,'pbkdf2_sha256$1000000$7O5NaG0h2nXzl0Peouxtt9$Pdv13iWNEMHk6g4vp9NBnqg1zoimaAX3TAn8EKGSplo=',NULL,0,'poke','poke','poke','poke@poke.com',0,1,'2025-04-23 19:36:49.164726'),(7,'pbkdf2_sha256$1000000$Pw8eUVLjNCJNNeH7BaWTG2$ZXE3y5lcuqQ1BGjhaCGiJf0xNFsloONTSX+Dc6pKHIs=',NULL,0,'play','play','play','play@play.com',0,1,'2025-04-23 19:41:17.229565'),(8,'pbkdf2_sha256$1000000$QROe4TQSDPqRP0FoXADfRz$YO8qg8z1tQV/LRBJA6H2JcnMaYUenS3JUz5hvLPH+Ss=',NULL,0,'Roko','roko','condic','roko@condic.com',1,1,'2025-04-23 22:43:03.053746'),(9,'pbkdf2_sha256$1000000$0F4M5m5vIfKOZssfilYqCS$PjLjoFk478UJbRqAweUE3xwPhY8VZYNlKdpfFfBGMxg=',NULL,0,'erii','erii','ii','erii@gmail.com',0,1,'2025-04-23 22:51:09.714752'),(12,'pbkdf2_sha256$1000000$4WXBb0qOK1KBMBsMpLaTvX$VaswKxylCgTwewwVzo+Tl49/WUj1wZA7CVzDudibVek=',NULL,0,'haha','haha','hah','haha@haha.com',0,1,'2025-04-24 05:28:29.140016'),(14,'pbkdf2_sha256$1000000$DLDVtTsBVIs8sBmaYeygV2$4SdKB6u6LK9lJHxFVopkPCE7ooGz85p9V3fBvAv6vwE=',NULL,0,'some','some','body','body@some.com',0,1,'2025-04-24 05:31:42.993128'),(16,'pbkdf2_sha256$1000000$63pL41iMQftacFpAAjT80O$q+7lo1JALcDPIPUIaEE+7w+bAGao0jpKYfGeJJg7Gjw=',NULL,0,'apic','a','pic','a@pic.com',0,1,'2025-04-24 05:38:25.068244'),(17,'pbkdf2_sha256$1000000$rBiDNmHH85XLHdzPxBXBMz$04n200qnl+780TW4Ba7qdPN+ujrtpdJdUjvBQxxPXJo=',NULL,0,'anotherpic','a','pic','a@pic.com',0,1,'2025-04-24 05:42:21.598952'),(25,'pbkdf2_sha256$1000000$Gr1KTavg8qgXU5T3Jvslkm$JohdE//ASxPDz6bae4PPzfTu29Fo8blSbP3SQ8pgB30=',NULL,0,'alpha','alpha','beta','beta@alpha.com',0,1,'2025-04-24 06:21:06.590468');
/*!40000 ALTER TABLE `auth_user` ENABLE KEYS */;
UNLOCK TABLES;

--
-- Table structure for table `auth_user_groups`
--

DROP TABLE IF EXISTS `auth_user_groups`;
/*!40101 SET @saved_cs_client     = @@character_set_client */;
/*!50503 SET character_set_client = utf8mb4 */;
CREATE TABLE `auth_user_groups` (
  `id` bigint NOT NULL AUTO_INCREMENT,
  `user_id` int NOT NULL,
  `group_id` int NOT NULL,
  PRIMARY KEY (`id`),
  UNIQUE KEY `auth_user_groups_user_id_group_id_94350c0c_uniq` (`user_id`,`group_id`),
  KEY `auth_user_groups_group_id_97559544_fk_auth_group_id` (`group_id`),
  CONSTRAINT `auth_user_groups_group_id_97559544_fk_auth_group_id` FOREIGN KEY (`group_id`) REFERENCES `auth_group` (`id`),
  CONSTRAINT `auth_user_groups_user_id_6a12ed8b_fk_auth_user_id` FOREIGN KEY (`user_id`) REFERENCES `auth_user` (`id`)
) ENGINE=InnoDB DEFAULT CHARSET=utf8mb4 COLLATE=utf8mb4_0900_ai_ci;
/*!40101 SET character_set_client = @saved_cs_client */;

--
-- Dumping data for table `auth_user_groups`
--

LOCK TABLES `auth_user_groups` WRITE;
/*!40000 ALTER TABLE `auth_user_groups` DISABLE KEYS */;
/*!40000 ALTER TABLE `auth_user_groups` ENABLE KEYS */;
UNLOCK TABLES;

--
-- Table structure for table `auth_user_user_permissions`
--

DROP TABLE IF EXISTS `auth_user_user_permissions`;
/*!40101 SET @saved_cs_client     = @@character_set_client */;
/*!50503 SET character_set_client = utf8mb4 */;
CREATE TABLE `auth_user_user_permissions` (
  `id` bigint NOT NULL AUTO_INCREMENT,
  `user_id` int NOT NULL,
  `permission_id` int NOT NULL,
  PRIMARY KEY (`id`),
  UNIQUE KEY `auth_user_user_permissions_user_id_permission_id_14a6b632_uniq` (`user_id`,`permission_id`),
  KEY `auth_user_user_permi_permission_id_1fbb5f2c_fk_auth_perm` (`permission_id`),
  CONSTRAINT `auth_user_user_permi_permission_id_1fbb5f2c_fk_auth_perm` FOREIGN KEY (`permission_id`) REFERENCES `auth_permission` (`id`),
  CONSTRAINT `auth_user_user_permissions_user_id_a95ead1b_fk_auth_user_id` FOREIGN KEY (`user_id`) REFERENCES `auth_user` (`id`)
) ENGINE=InnoDB DEFAULT CHARSET=utf8mb4 COLLATE=utf8mb4_0900_ai_ci;
/*!40101 SET character_set_client = @saved_cs_client */;

--
-- Dumping data for table `auth_user_user_permissions`
--

LOCK TABLES `auth_user_user_permissions` WRITE;
/*!40000 ALTER TABLE `auth_user_user_permissions` DISABLE KEYS */;
/*!40000 ALTER TABLE `auth_user_user_permissions` ENABLE KEYS */;
UNLOCK TABLES;

--
-- Table structure for table `authtoken_token`
--

DROP TABLE IF EXISTS `authtoken_token`;
/*!40101 SET @saved_cs_client     = @@character_set_client */;
/*!50503 SET character_set_client = utf8mb4 */;
CREATE TABLE `authtoken_token` (
  `key` varchar(40) NOT NULL,
  `created` datetime(6) NOT NULL,
  `user_id` int NOT NULL,
  PRIMARY KEY (`key`),
  UNIQUE KEY `user_id` (`user_id`),
  CONSTRAINT `authtoken_token_user_id_35299eff_fk_auth_user_id` FOREIGN KEY (`user_id`) REFERENCES `auth_user` (`id`)
) ENGINE=InnoDB DEFAULT CHARSET=utf8mb4 COLLATE=utf8mb4_0900_ai_ci;
/*!40101 SET character_set_client = @saved_cs_client */;

--
-- Dumping data for table `authtoken_token`
--

LOCK TABLES `authtoken_token` WRITE;
/*!40000 ALTER TABLE `authtoken_token` DISABLE KEYS */;
INSERT INTO `authtoken_token` VALUES ('1dedfa0fdc30c034bf236a797ea9b2dec35c6872','2025-04-23 18:35:12.396027',2),('3db8d4bda22c242435b0f4d57f08dda0770d3328','2025-04-24 05:31:44.289809',14),('76b5e7a06fff8c67d94682fa9ce4ce55a842e919','2025-04-23 22:43:05.367308',8),('8140dc8f3d14f7324edf976e4f3ad52ca034ee0f','2025-04-23 19:41:18.699523',7),('9f59ae2648fa0e0feb230214ccf5c66a469df7f3','2025-04-23 19:38:02.379242',6),('a1593a7bf098354783df20f4437865cf4230c543','2025-04-24 06:21:07.967924',25),('b0133c788cccf5d8c6a63d0749675dee10687f20','2025-04-23 18:50:24.767574',4),('b788c0b60f5c94e02235dad1913b13502ef99bd7','2025-04-23 18:37:09.311546',3),('e244ff17484b2038d97f2fe8b125baff9e201a32','2025-04-23 18:30:21.590320',1),('e652dec10130f63b5321e538ea3788d176ab5269','2025-04-23 19:11:41.636020',5),('fc86099846f0e7d13519e173c609ffcc84b1650c','2025-04-23 22:51:11.414913',9);
/*!40000 ALTER TABLE `authtoken_token` ENABLE KEYS */;
UNLOCK TABLES;

--
-- Table structure for table `django_admin_log`
--

DROP TABLE IF EXISTS `django_admin_log`;
/*!40101 SET @saved_cs_client     = @@character_set_client */;
/*!50503 SET character_set_client = utf8mb4 */;
CREATE TABLE `django_admin_log` (
  `id` int NOT NULL AUTO_INCREMENT,
  `action_time` datetime(6) NOT NULL,
  `object_id` longtext,
  `object_repr` varchar(200) NOT NULL,
  `action_flag` smallint unsigned NOT NULL,
  `change_message` longtext NOT NULL,
  `content_type_id` int DEFAULT NULL,
  `user_id` int NOT NULL,
  PRIMARY KEY (`id`),
  KEY `django_admin_log_content_type_id_c4bce8eb_fk_django_co` (`content_type_id`),
  KEY `django_admin_log_user_id_c564eba6_fk_auth_user_id` (`user_id`),
  CONSTRAINT `django_admin_log_content_type_id_c4bce8eb_fk_django_co` FOREIGN KEY (`content_type_id`) REFERENCES `django_content_type` (`id`),
  CONSTRAINT `django_admin_log_user_id_c564eba6_fk_auth_user_id` FOREIGN KEY (`user_id`) REFERENCES `auth_user` (`id`),
  CONSTRAINT `django_admin_log_chk_1` CHECK ((`action_flag` >= 0))
) ENGINE=InnoDB AUTO_INCREMENT=12 DEFAULT CHARSET=utf8mb4 COLLATE=utf8mb4_0900_ai_ci;
/*!40101 SET character_set_client = @saved_cs_client */;

--
-- Dumping data for table `django_admin_log`
--

LOCK TABLES `django_admin_log` WRITE;
/*!40000 ALTER TABLE `django_admin_log` DISABLE KEYS */;
INSERT INTO `django_admin_log` VALUES (1,'2025-04-24 04:56:24.756133','10','apic',3,'',4,4),(2,'2025-04-24 05:17:44.903091','11','apic',3,'',4,4),(3,'2025-04-24 05:33:10.943131','13','apiker',3,'',4,4),(4,'2025-04-24 05:38:03.167092','15','apic',3,'',4,4),(5,'2025-04-24 05:47:05.313564','18','alpha',3,'',4,4),(6,'2025-04-24 06:00:27.166219','19','alpha',3,'',4,4),(7,'2025-04-24 06:01:40.119842','20','alpha',3,'',4,4),(8,'2025-04-24 06:03:07.463355','21','alpha',3,'',4,4),(9,'2025-04-24 06:04:40.497387','22','alpha',3,'',4,4),(10,'2025-04-24 06:19:32.061623','23','alpha',3,'',4,4),(11,'2025-04-24 06:20:50.542386','24','alpha',3,'',4,4);
/*!40000 ALTER TABLE `django_admin_log` ENABLE KEYS */;
UNLOCK TABLES;

--
-- Table structure for table `django_content_type`
--

DROP TABLE IF EXISTS `django_content_type`;
/*!40101 SET @saved_cs_client     = @@character_set_client */;
/*!50503 SET character_set_client = utf8mb4 */;
CREATE TABLE `django_content_type` (
  `id` int NOT NULL AUTO_INCREMENT,
  `app_label` varchar(100) NOT NULL,
  `model` varchar(100) NOT NULL,
  PRIMARY KEY (`id`),
  UNIQUE KEY `django_content_type_app_label_model_76bd3d3b_uniq` (`app_label`,`model`)
) ENGINE=InnoDB AUTO_INCREMENT=45 DEFAULT CHARSET=utf8mb4 COLLATE=utf8mb4_0900_ai_ci;
/*!40101 SET character_set_client = @saved_cs_client */;

--
-- Dumping data for table `django_content_type`
--

LOCK TABLES `django_content_type` WRITE;
/*!40000 ALTER TABLE `django_content_type` DISABLE KEYS */;
INSERT INTO `django_content_type` VALUES (1,'admin','logentry'),(3,'auth','group'),(2,'auth','permission'),(4,'auth','user'),(43,'authtoken','token'),(44,'authtoken','tokenproxy'),(5,'contenttypes','contenttype'),(38,'footballtracker','admincaneditleague'),(39,'footballtracker','admincaneditmatch'),(37,'footballtracker','admincaneditplayer'),(15,'footballtracker','admincaneditplayermatchdata'),(23,'footballtracker','admincaneditteam'),(26,'footballtracker','admincaneditteammatchdata'),(12,'footballtracker','goalkeeper'),(8,'footballtracker','league'),(22,'footballtracker','managernationality'),(9,'footballtracker','match'),(40,'footballtracker','matchheldinleague'),(41,'footballtracker','matchrefereenationality'),(13,'footballtracker','outfieldplayer'),(7,'footballtracker','player'),(42,'footballtracker','playermatch'),(14,'footballtracker','playermatchdata'),(16,'footballtracker','playermatchdatabooking'),(17,'footballtracker','playermatchdatagoal'),(18,'footballtracker','playermatchdatasubstitution'),(19,'footballtracker','playernationality'),(21,'footballtracker','playerplaysforteam'),(20,'footballtracker','playerposition'),(10,'footballtracker','team'),(24,'footballtracker','teammatch'),(25,'footballtracker','teammatchdata'),(27,'footballtracker','teammatchdatabooking'),(28,'footballtracker','teammatchdatagoal'),(29,'footballtracker','teammatchdatasubstitution'),(30,'footballtracker','teamplaysinleague'),(31,'footballtracker','usercanbrowseleague'),(32,'footballtracker','usercanbrowsematch'),(33,'footballtracker','usercanbrowseplayer'),(34,'footballtracker','usercanbrowseplayermatchdata'),(35,'footballtracker','usercanbrowseteam'),(36,'footballtracker','usercanbrowseteammatchdata'),(11,'footballtracker','userprofile'),(6,'sessions','session');
/*!40000 ALTER TABLE `django_content_type` ENABLE KEYS */;
UNLOCK TABLES;

--
-- Table structure for table `django_migrations`
--

DROP TABLE IF EXISTS `django_migrations`;
/*!40101 SET @saved_cs_client     = @@character_set_client */;
/*!50503 SET character_set_client = utf8mb4 */;
CREATE TABLE `django_migrations` (
  `id` bigint NOT NULL AUTO_INCREMENT,
  `app` varchar(255) NOT NULL,
  `name` varchar(255) NOT NULL,
  `applied` datetime(6) NOT NULL,
  PRIMARY KEY (`id`)
) ENGINE=InnoDB AUTO_INCREMENT=24 DEFAULT CHARSET=utf8mb4 COLLATE=utf8mb4_0900_ai_ci;
/*!40101 SET character_set_client = @saved_cs_client */;

--
-- Dumping data for table `django_migrations`
--

LOCK TABLES `django_migrations` WRITE;
/*!40000 ALTER TABLE `django_migrations` DISABLE KEYS */;
INSERT INTO `django_migrations` VALUES (1,'contenttypes','0001_initial','2025-04-23 18:26:52.888886'),(2,'auth','0001_initial','2025-04-23 18:26:53.349400'),(3,'admin','0001_initial','2025-04-23 18:26:53.458804'),(4,'admin','0002_logentry_remove_auto_add','2025-04-23 18:26:53.465610'),(5,'admin','0003_logentry_add_action_flag_choices','2025-04-23 18:26:53.472111'),(6,'contenttypes','0002_remove_content_type_name','2025-04-23 18:26:53.544322'),(7,'auth','0002_alter_permission_name_max_length','2025-04-23 18:26:53.591451'),(8,'auth','0003_alter_user_email_max_length','2025-04-23 18:26:53.607547'),(9,'auth','0004_alter_user_username_opts','2025-04-23 18:26:53.613500'),(10,'auth','0005_alter_user_last_login_null','2025-04-23 18:26:53.702745'),(11,'auth','0006_require_contenttypes_0002','2025-04-23 18:26:53.705330'),(12,'auth','0007_alter_validators_add_error_messages','2025-04-23 18:26:53.710505'),(13,'auth','0008_alter_user_username_max_length','2025-04-23 18:26:53.767023'),(14,'auth','0009_alter_user_last_name_max_length','2025-04-23 18:26:53.820289'),(15,'auth','0010_alter_group_name_max_length','2025-04-23 18:26:53.834472'),(16,'auth','0011_update_proxy_permissions','2025-04-23 18:26:53.840386'),(17,'auth','0012_alter_user_first_name_max_length','2025-04-23 18:26:53.897828'),(18,'authtoken','0001_initial','2025-04-23 18:26:53.963921'),(19,'authtoken','0002_auto_20160226_1747','2025-04-23 18:26:53.980698'),(20,'authtoken','0003_tokenproxy','2025-04-23 18:26:53.983758'),(21,'authtoken','0004_alter_tokenproxy_options','2025-04-23 18:26:53.987738'),(22,'footballtracker','0001_initial','2025-04-23 18:26:57.926534'),(23,'sessions','0001_initial','2025-04-23 18:26:57.959161');
/*!40000 ALTER TABLE `django_migrations` ENABLE KEYS */;
UNLOCK TABLES;

--
-- Table structure for table `django_session`
--

DROP TABLE IF EXISTS `django_session`;
/*!40101 SET @saved_cs_client     = @@character_set_client */;
/*!50503 SET character_set_client = utf8mb4 */;
CREATE TABLE `django_session` (
  `session_key` varchar(40) NOT NULL,
  `session_data` longtext NOT NULL,
  `expire_date` datetime(6) NOT NULL,
  PRIMARY KEY (`session_key`),
  KEY `django_session_expire_date_a5c62663` (`expire_date`)
) ENGINE=InnoDB DEFAULT CHARSET=utf8mb4 COLLATE=utf8mb4_0900_ai_ci;
/*!40101 SET character_set_client = @saved_cs_client */;

--
-- Dumping data for table `django_session`
--

LOCK TABLES `django_session` WRITE;
/*!40000 ALTER TABLE `django_session` DISABLE KEYS */;
INSERT INTO `django_session` VALUES ('2r9poruhoj4382lqjzb1rle975mzfjny','.eJxVjMsOwiAQRf-FtSHKowMu3fsNBGYGqRpISrsy_ffapAvd3nPO_YgQl7mEpfMURhJXYcTpd0sRX1x3QM9YH01iq_M0Jrkr8qBd3hvx-3a4fwcl9vKtgZRBy-Qy-YSs1eARFHswlNFdHCifM0FWydEZQSccENlqbRxZ1CTWDQqXOOo:1u7fAV:NpfgSEjZYFbpK-Lk2TmfeyWndxnp42B9_VFPXhCyDaE','2025-05-07 18:49:59.031507');
/*!40000 ALTER TABLE `django_session` ENABLE KEYS */;
UNLOCK TABLES;

--
-- Table structure for table `footballtracker_admincaneditleague`
--

DROP TABLE IF EXISTS `footballtracker_admincaneditleague`;
/*!40101 SET @saved_cs_client     = @@character_set_client */;
/*!50503 SET character_set_client = utf8mb4 */;
CREATE TABLE `footballtracker_admincaneditleague` (
  `id` bigint NOT NULL AUTO_INCREMENT,
  `user_id` int NOT NULL,
  `league_id` varchar(100) NOT NULL,
  PRIMARY KEY (`id`),
  UNIQUE KEY `unique_admin_edit_league` (`user_id`,`league_id`),
  KEY `footballtracker_admi_league_id_31ccceda_fk_footballt` (`league_id`),
  CONSTRAINT `footballtracker_admi_league_id_31ccceda_fk_footballt` FOREIGN KEY (`league_id`) REFERENCES `footballtracker_league` (`name`),
  CONSTRAINT `footballtracker_admi_user_id_1ea02d72_fk_auth_user` FOREIGN KEY (`user_id`) REFERENCES `auth_user` (`id`)
) ENGINE=InnoDB DEFAULT CHARSET=utf8mb4 COLLATE=utf8mb4_0900_ai_ci;
/*!40101 SET character_set_client = @saved_cs_client */;

--
-- Dumping data for table `footballtracker_admincaneditleague`
--

LOCK TABLES `footballtracker_admincaneditleague` WRITE;
/*!40000 ALTER TABLE `footballtracker_admincaneditleague` DISABLE KEYS */;
/*!40000 ALTER TABLE `footballtracker_admincaneditleague` ENABLE KEYS */;
UNLOCK TABLES;

--
-- Table structure for table `footballtracker_admincaneditmatch`
--

DROP TABLE IF EXISTS `footballtracker_admincaneditmatch`;
/*!40101 SET @saved_cs_client     = @@character_set_client */;
/*!50503 SET character_set_client = utf8mb4 */;
CREATE TABLE `footballtracker_admincaneditmatch` (
  `id` bigint NOT NULL AUTO_INCREMENT,
  `user_id` int NOT NULL,
  `match_id` int NOT NULL,
  PRIMARY KEY (`id`),
  UNIQUE KEY `unique_admin_edit_match` (`user_id`,`match_id`),
  KEY `footballtracker_admi_match_id_1400c8e0_fk_footballt` (`match_id`),
  CONSTRAINT `footballtracker_admi_match_id_1400c8e0_fk_footballt` FOREIGN KEY (`match_id`) REFERENCES `footballtracker_match` (`match_id`),
  CONSTRAINT `footballtracker_admi_user_id_ff023db4_fk_auth_user` FOREIGN KEY (`user_id`) REFERENCES `auth_user` (`id`)
) ENGINE=InnoDB AUTO_INCREMENT=7 DEFAULT CHARSET=utf8mb4 COLLATE=utf8mb4_0900_ai_ci;
/*!40101 SET character_set_client = @saved_cs_client */;

--
-- Dumping data for table `footballtracker_admincaneditmatch`
--

LOCK TABLES `footballtracker_admincaneditmatch` WRITE;
/*!40000 ALTER TABLE `footballtracker_admincaneditmatch` DISABLE KEYS */;
INSERT INTO `footballtracker_admincaneditmatch` VALUES (1,1,1),(2,2,1),(3,3,1),(4,4,1),(5,5,1),(6,8,1);
/*!40000 ALTER TABLE `footballtracker_admincaneditmatch` ENABLE KEYS */;
UNLOCK TABLES;

--
-- Table structure for table `footballtracker_admincaneditplayer`
--

DROP TABLE IF EXISTS `footballtracker_admincaneditplayer`;
/*!40101 SET @saved_cs_client     = @@character_set_client */;
/*!50503 SET character_set_client = utf8mb4 */;
CREATE TABLE `footballtracker_admincaneditplayer` (
  `id` bigint NOT NULL AUTO_INCREMENT,
  `user_id` int NOT NULL,
  `player_id` int NOT NULL,
  PRIMARY KEY (`id`),
  UNIQUE KEY `unique_admin_edit_player` (`user_id`,`player_id`),
  KEY `footballtracker_admi_player_id_e5163ef1_fk_footballt` (`player_id`),
  CONSTRAINT `footballtracker_admi_player_id_e5163ef1_fk_footballt` FOREIGN KEY (`player_id`) REFERENCES `footballtracker_player` (`player_id`),
  CONSTRAINT `footballtracker_admi_user_id_5e1339f1_fk_auth_user` FOREIGN KEY (`user_id`) REFERENCES `auth_user` (`id`)
) ENGINE=InnoDB AUTO_INCREMENT=4003 DEFAULT CHARSET=utf8mb4 COLLATE=utf8mb4_0900_ai_ci;
/*!40101 SET character_set_client = @saved_cs_client */;

--
-- Dumping data for table `footballtracker_admincaneditplayer`
--

LOCK TABLES `footballtracker_admincaneditplayer` WRITE;
/*!40000 ALTER TABLE `footballtracker_admincaneditplayer` DISABLE KEYS */;
INSERT INTO `footballtracker_admincaneditplayer` VALUES (1,1,1),(2,1,2),(3,1,3),(4,1,4),(5,1,5),(6,1,6),(7,1,7),(8,1,8),(9,1,9),(10,1,10),(11,1,11),(12,1,12),(13,1,13),(14,1,14),(15,1,15),(16,1,16),(17,1,17),(18,1,18),(19,1,19),(20,1,20),(21,1,21),(22,1,22),(23,1,23),(24,1,24),(25,1,25),(26,1,26),(27,1,27),(28,1,28),(29,1,29),(30,1,30),(31,1,31),(32,1,32),(33,1,33),(34,1,34),(35,1,35),(36,1,36),(37,1,37),(38,1,38),(39,1,39),(40,1,40),(41,1,41),(42,1,42),(43,1,43),(44,1,44),(45,1,45),(46,1,46),(47,1,47),(48,1,48),(49,1,49),(50,1,50),(51,1,51),(52,1,52),(53,1,53),(54,1,54),(55,1,55),(56,1,56),(57,1,57),(58,1,58),(59,1,59),(60,1,60),(61,1,61),(62,1,62),(63,1,63),(64,1,64),(65,1,65),(66,1,66),(67,1,67),(68,1,68),(69,1,69),(70,1,70),(71,1,71),(72,1,72),(73,1,73),(74,1,74),(75,1,75),(76,1,76),(77,1,77),(78,1,78),(79,1,79),(80,1,80),(81,1,81),(82,1,82),(83,1,83),(84,1,84),(85,1,85),(86,1,86),(87,1,87),(88,1,88),(89,1,89),(90,1,90),(91,1,91),(92,1,92),(93,1,93),(94,1,94),(95,1,95),(96,1,96),(97,1,97),(98,1,98),(99,1,99),(100,1,100),(101,1,101),(102,1,102),(103,1,103),(104,1,104),(105,1,105),(106,1,106),(107,1,107),(108,1,108),(109,1,109),(110,1,110),(111,1,111),(112,1,112),(113,1,113),(114,1,114),(115,1,115),(116,1,116),(117,1,117),(118,1,118),(119,1,119),(120,1,120),(121,1,121),(122,1,122),(123,1,123),(124,1,124),(125,1,125),(126,1,126),(127,1,127),(128,1,128),(129,1,129),(130,1,130),(131,1,131),(132,1,132),(133,1,133),(134,1,134),(135,1,135),(136,1,136),(137,1,137),(138,1,138),(139,1,139),(140,1,140),(141,1,141),(142,1,142),(143,1,143),(144,1,144),(145,1,145),(146,1,146),(147,1,147),(148,1,148),(149,1,149),(150,1,150),(151,1,151),(152,1,152),(153,1,153),(154,1,154),(155,1,155),(156,1,156),(157,1,157),(158,1,158),(159,1,159),(160,1,160),(161,1,161),(162,1,162),(163,1,163),(164,1,164),(165,1,165),(166,1,166),(167,1,167),(168,1,168),(169,1,169),(170,1,170),(171,1,171),(172,1,172),(173,1,173),(174,1,174),(175,1,175),(176,1,176),(177,1,177),(178,1,178),(179,1,179),(180,1,180),(181,1,181),(182,1,182),(183,1,183),(184,1,184),(185,1,185),(186,1,186),(187,1,187),(188,1,188),(189,1,189),(190,1,190),(191,1,191),(192,1,192),(193,1,193),(194,1,194),(195,1,195),(196,1,196),(197,1,197),(198,1,198),(199,1,199),(200,1,200),(201,1,201),(202,1,202),(203,1,203),(204,1,204),(205,1,205),(206,1,206),(207,1,207),(208,1,208),(209,1,209),(210,1,210),(211,1,211),(212,1,212),(213,1,213),(214,1,214),(215,1,215),(216,1,216),(217,1,217),(218,1,218),(219,1,219),(220,1,220),(221,1,221),(222,1,222),(223,1,223),(224,1,224),(225,1,225),(226,1,226),(227,1,227),(228,1,228),(229,1,229),(230,1,230),(231,1,231),(232,1,232),(233,1,233),(234,1,234),(235,1,235),(236,1,236),(237,1,237),(238,1,238),(239,1,239),(240,1,240),(241,1,241),(242,1,242),(243,1,243),(244,1,244),(245,1,245),(246,1,246),(247,1,247),(248,1,248),(249,1,249),(250,1,250),(251,1,251),(252,1,252),(253,1,253),(254,1,254),(255,1,255),(256,1,256),(257,1,257),(258,1,258),(259,1,259),(260,1,260),(261,1,261),(262,1,262),(263,1,263),(264,1,264),(265,1,265),(266,1,266),(267,1,267),(268,1,268),(269,1,269),(270,1,270),(271,1,271),(272,1,272),(273,1,273),(274,1,274),(275,1,275),(276,1,276),(277,1,277),(278,1,278),(279,1,279),(280,1,280),(281,1,281),(282,1,282),(283,1,283),(284,1,284),(285,1,285),(286,1,286),(287,1,287),(288,1,288),(289,1,289),(290,1,290),(291,1,291),(292,1,292),(293,1,293),(294,1,294),(295,1,295),(296,1,296),(297,1,297),(298,1,298),(299,1,299),(300,1,300),(301,1,301),(302,1,302),(303,1,303),(304,1,304),(305,1,305),(306,1,306),(307,1,307),(308,1,308),(309,1,309),(310,1,310),(311,1,311),(312,1,312),(313,1,313),(314,1,314),(315,1,315),(316,1,316),(317,1,317),(318,1,318),(319,1,319),(320,1,320),(321,1,321),(322,1,322),(323,1,323),(324,1,324),(325,1,325),(326,1,326),(327,1,327),(328,1,328),(329,1,329),(330,1,330),(331,1,331),(332,1,332),(333,1,333),(334,1,334),(335,1,335),(336,1,336),(337,1,337),(338,1,338),(339,1,339),(340,1,340),(341,1,341),(342,1,342),(343,1,343),(344,1,344),(345,1,345),(346,1,346),(347,1,347),(348,1,348),(349,1,349),(350,1,350),(351,1,351),(352,1,352),(353,1,353),(354,1,354),(355,1,355),(356,1,356),(357,1,357),(358,1,358),(359,1,359),(360,1,360),(361,1,361),(362,1,362),(363,1,363),(364,1,364),(365,1,365),(366,1,366),(367,1,367),(368,1,368),(369,1,369),(370,1,370),(371,1,371),(372,1,372),(373,1,373),(374,1,374),(375,1,375),(376,1,376),(377,1,377),(378,1,378),(379,1,379),(380,1,380),(381,1,381),(382,1,382),(383,1,383),(384,1,384),(385,1,385),(386,1,386),(387,1,387),(388,1,388),(389,1,389),(390,1,390),(391,1,391),(392,1,392),(393,1,393),(394,1,394),(395,1,395),(396,1,396),(397,1,397),(398,1,398),(399,1,399),(400,1,400),(401,1,401),(402,1,402),(403,1,403),(404,1,404),(405,1,405),(406,1,406),(407,1,407),(408,1,408),(409,1,409),(410,1,410),(411,1,411),(412,1,412),(413,1,413),(414,1,414),(415,1,415),(416,1,416),(417,1,417),(418,1,418),(419,1,419),(420,1,420),(421,1,421),(422,1,422),(423,1,423),(424,1,424),(425,1,425),(426,1,426),(427,1,427),(428,1,428),(429,1,429),(430,1,430),(431,1,431),(432,1,432),(433,1,433),(434,1,434),(435,1,435),(436,1,436),(437,1,437),(438,1,438),(439,1,439),(440,1,440),(441,1,441),(442,1,442),(443,1,443),(444,1,444),(445,1,445),(446,1,446),(447,1,447),(448,1,448),(449,1,449),(450,1,450),(451,1,451),(452,1,452),(453,1,453),(454,1,454),(455,1,455),(456,1,456),(457,1,457),(458,1,458),(459,1,459),(460,1,460),(461,1,461),(462,1,462),(463,1,463),(464,1,464),(465,1,465),(466,1,466),(467,1,467),(468,1,468),(469,1,469),(470,1,470),(471,1,471),(472,1,472),(473,1,473),(474,1,474),(475,1,475),(476,1,476),(477,1,477),(478,1,478),(479,1,479),(480,1,480),(481,1,481),(482,1,482),(483,1,483),(484,1,484),(485,1,485),(486,1,486),(487,1,487),(488,1,488),(489,1,489),(490,1,490),(491,1,491),(492,1,492),(493,1,493),(494,1,494),(495,1,495),(496,1,496),(497,1,497),(498,1,498),(499,1,499),(500,1,500),(501,1,501),(502,1,502),(503,1,503),(504,1,504),(505,1,505),(506,1,506),(507,1,507),(508,1,508),(509,1,509),(510,1,510),(511,1,511),(512,1,512),(513,1,513),(514,1,514),(515,1,515),(516,1,516),(517,1,517),(518,1,518),(519,1,519),(520,1,520),(521,1,521),(522,1,522),(523,1,523),(524,1,524),(525,1,525),(526,1,526),(527,1,527),(528,1,528),(529,1,529),(530,1,530),(531,1,531),(532,1,532),(533,1,533),(534,1,534),(535,1,535),(536,1,536),(537,1,537),(538,1,538),(539,1,539),(540,1,540),(541,1,541),(542,1,542),(543,1,543),(544,1,544),(545,1,545),(546,1,546),(547,1,547),(548,1,548),(549,1,549),(550,1,550),(551,1,551),(552,1,552),(553,1,553),(554,1,554),(555,1,555),(556,1,556),(557,1,557),(558,1,558),(559,1,559),(560,1,560),(561,1,561),(562,1,562),(563,1,563),(564,1,564),(565,1,565),(566,1,566),(567,1,567),(568,1,568),(569,1,569),(570,1,570),(571,1,571),(572,1,572),(573,1,573),(574,1,574),(575,1,575),(576,1,576),(577,1,577),(578,1,578),(579,1,579),(580,1,580),(581,1,581),(582,1,582),(583,1,583),(584,1,584),(585,1,585),(586,1,586),(587,1,587),(588,1,588),(589,1,589),(590,1,590),(591,1,591),(592,1,592),(593,1,593),(594,1,594),(595,1,595),(596,1,596),(597,1,597),(598,1,598),(599,1,599),(600,1,600),(601,1,601),(602,1,602),(603,1,603),(604,1,604),(605,1,605),(606,1,606),(607,1,607),(608,1,608),(609,1,609),(610,1,610),(611,1,611),(612,1,612),(613,1,613),(614,1,614),(615,1,615),(616,1,616),(617,1,617),(618,1,618),(619,1,619),(620,1,620),(621,1,621),(622,1,622),(623,1,623),(624,1,624),(625,1,625),(626,1,626),(627,1,627),(628,1,628),(629,1,629),(630,1,630),(631,1,631),(632,1,632),(633,1,633),(634,1,634),(635,1,635),(636,1,636),(637,1,637),(638,1,638),(639,1,639),(640,1,640),(641,1,641),(642,1,642),(643,1,643),(644,1,644),(645,1,645),(646,1,646),(647,1,647),(648,1,648),(649,1,649),(650,1,650),(651,1,651),(652,1,652),(653,1,653),(654,1,654),(655,1,655),(656,1,656),(657,1,657),(658,1,658),(659,1,659),(660,1,660),(661,1,661),(662,1,662),(663,1,663),(664,1,664),(665,1,665),(666,1,666),(667,1,667),(668,2,1),(669,2,2),(670,2,3),(671,2,4),(672,2,5),(673,2,6),(674,2,7),(675,2,8),(676,2,9),(677,2,10),(678,2,11),(679,2,12),(680,2,13),(681,2,14),(682,2,15),(683,2,16),(684,2,17),(685,2,18),(686,2,19),(687,2,20),(688,2,21),(689,2,22),(690,2,23),(691,2,24),(692,2,25),(693,2,26),(694,2,27),(695,2,28),(696,2,29),(697,2,30),(698,2,31),(699,2,32),(700,2,33),(701,2,34),(702,2,35),(703,2,36),(704,2,37),(705,2,38),(706,2,39),(707,2,40),(708,2,41),(709,2,42),(710,2,43),(711,2,44),(712,2,45),(713,2,46),(714,2,47),(715,2,48),(716,2,49),(717,2,50),(718,2,51),(719,2,52),(720,2,53),(721,2,54),(722,2,55),(723,2,56),(724,2,57),(725,2,58),(726,2,59),(727,2,60),(728,2,61),(729,2,62),(730,2,63),(731,2,64),(732,2,65),(733,2,66),(734,2,67),(735,2,68),(736,2,69),(737,2,70),(738,2,71),(739,2,72),(740,2,73),(741,2,74),(742,2,75),(743,2,76),(744,2,77),(745,2,78),(746,2,79),(747,2,80),(748,2,81),(749,2,82),(750,2,83),(751,2,84),(752,2,85),(753,2,86),(754,2,87),(755,2,88),(756,2,89),(757,2,90),(758,2,91),(759,2,92),(760,2,93),(761,2,94),(762,2,95),(763,2,96),(764,2,97),(765,2,98),(766,2,99),(767,2,100),(768,2,101),(769,2,102),(770,2,103),(771,2,104),(772,2,105),(773,2,106),(774,2,107),(775,2,108),(776,2,109),(777,2,110),(778,2,111),(779,2,112),(780,2,113),(781,2,114),(782,2,115),(783,2,116),(784,2,117),(785,2,118),(786,2,119),(787,2,120),(788,2,121),(789,2,122),(790,2,123),(791,2,124),(792,2,125),(793,2,126),(794,2,127),(795,2,128),(796,2,129),(797,2,130),(798,2,131),(799,2,132),(800,2,133),(801,2,134),(802,2,135),(803,2,136),(804,2,137),(805,2,138),(806,2,139),(807,2,140),(808,2,141),(809,2,142),(810,2,143),(811,2,144),(812,2,145),(813,2,146),(814,2,147),(815,2,148),(816,2,149),(817,2,150),(818,2,151),(819,2,152),(820,2,153),(821,2,154),(822,2,155),(823,2,156),(824,2,157),(825,2,158),(826,2,159),(827,2,160),(828,2,161),(829,2,162),(830,2,163),(831,2,164),(832,2,165),(833,2,166),(834,2,167),(835,2,168),(836,2,169),(837,2,170),(838,2,171),(839,2,172),(840,2,173),(841,2,174),(842,2,175),(843,2,176),(844,2,177),(845,2,178),(846,2,179),(847,2,180),(848,2,181),(849,2,182),(850,2,183),(851,2,184),(852,2,185),(853,2,186),(854,2,187),(855,2,188),(856,2,189),(857,2,190),(858,2,191),(859,2,192),(860,2,193),(861,2,194),(862,2,195),(863,2,196),(864,2,197),(865,2,198),(866,2,199),(867,2,200),(868,2,201),(869,2,202),(870,2,203),(871,2,204),(872,2,205),(873,2,206),(874,2,207),(875,2,208),(876,2,209),(877,2,210),(878,2,211),(879,2,212),(880,2,213),(881,2,214),(882,2,215),(883,2,216),(884,2,217),(885,2,218),(886,2,219),(887,2,220),(888,2,221),(889,2,222),(890,2,223),(891,2,224),(892,2,225),(893,2,226),(894,2,227),(895,2,228),(896,2,229),(897,2,230),(898,2,231),(899,2,232),(900,2,233),(901,2,234),(902,2,235),(903,2,236),(904,2,237),(905,2,238),(906,2,239),(907,2,240),(908,2,241),(909,2,242),(910,2,243),(911,2,244),(912,2,245),(913,2,246),(914,2,247),(915,2,248),(916,2,249),(917,2,250),(918,2,251),(919,2,252),(920,2,253),(921,2,254),(922,2,255),(923,2,256),(924,2,257),(925,2,258),(926,2,259),(927,2,260),(928,2,261),(929,2,262),(930,2,263),(931,2,264),(932,2,265),(933,2,266),(934,2,267),(935,2,268),(936,2,269),(937,2,270),(938,2,271),(939,2,272),(940,2,273),(941,2,274),(942,2,275),(943,2,276),(944,2,277),(945,2,278),(946,2,279),(947,2,280),(948,2,281),(949,2,282),(950,2,283),(951,2,284),(952,2,285),(953,2,286),(954,2,287),(955,2,288),(956,2,289),(957,2,290),(958,2,291),(959,2,292),(960,2,293),(961,2,294),(962,2,295),(963,2,296),(964,2,297),(965,2,298),(966,2,299),(967,2,300),(968,2,301),(969,2,302),(970,2,303),(971,2,304),(972,2,305),(973,2,306),(974,2,307),(975,2,308),(976,2,309),(977,2,310),(978,2,311),(979,2,312),(980,2,313),(981,2,314),(982,2,315),(983,2,316),(984,2,317),(985,2,318),(986,2,319),(987,2,320),(988,2,321),(989,2,322),(990,2,323),(991,2,324),(992,2,325),(993,2,326),(994,2,327),(995,2,328),(996,2,329),(997,2,330),(998,2,331),(999,2,332),(1000,2,333),(1001,2,334),(1002,2,335),(1003,2,336),(1004,2,337),(1005,2,338),(1006,2,339),(1007,2,340),(1008,2,341),(1009,2,342),(1010,2,343),(1011,2,344),(1012,2,345),(1013,2,346),(1014,2,347),(1015,2,348),(1016,2,349),(1017,2,350),(1018,2,351),(1019,2,352),(1020,2,353),(1021,2,354),(1022,2,355),(1023,2,356),(1024,2,357),(1025,2,358),(1026,2,359),(1027,2,360),(1028,2,361),(1029,2,362),(1030,2,363),(1031,2,364),(1032,2,365),(1033,2,366),(1034,2,367),(1035,2,368),(1036,2,369),(1037,2,370),(1038,2,371),(1039,2,372),(1040,2,373),(1041,2,374),(1042,2,375),(1043,2,376),(1044,2,377),(1045,2,378),(1046,2,379),(1047,2,380),(1048,2,381),(1049,2,382),(1050,2,383),(1051,2,384),(1052,2,385),(1053,2,386),(1054,2,387),(1055,2,388),(1056,2,389),(1057,2,390),(1058,2,391),(1059,2,392),(1060,2,393),(1061,2,394),(1062,2,395),(1063,2,396),(1064,2,397),(1065,2,398),(1066,2,399),(1067,2,400),(1068,2,401),(1069,2,402),(1070,2,403),(1071,2,404),(1072,2,405),(1073,2,406),(1074,2,407),(1075,2,408),(1076,2,409),(1077,2,410),(1078,2,411),(1079,2,412),(1080,2,413),(1081,2,414),(1082,2,415),(1083,2,416),(1084,2,417),(1085,2,418),(1086,2,419),(1087,2,420),(1088,2,421),(1089,2,422),(1090,2,423),(1091,2,424),(1092,2,425),(1093,2,426),(1094,2,427),(1095,2,428),(1096,2,429),(1097,2,430),(1098,2,431),(1099,2,432),(1100,2,433),(1101,2,434),(1102,2,435),(1103,2,436),(1104,2,437),(1105,2,438),(1106,2,439),(1107,2,440),(1108,2,441),(1109,2,442),(1110,2,443),(1111,2,444),(1112,2,445),(1113,2,446),(1114,2,447),(1115,2,448),(1116,2,449),(1117,2,450),(1118,2,451),(1119,2,452),(1120,2,453),(1121,2,454),(1122,2,455),(1123,2,456),(1124,2,457),(1125,2,458),(1126,2,459),(1127,2,460),(1128,2,461),(1129,2,462),(1130,2,463),(1131,2,464),(1132,2,465),(1133,2,466),(1134,2,467),(1135,2,468),(1136,2,469),(1137,2,470),(1138,2,471),(1139,2,472),(1140,2,473),(1141,2,474),(1142,2,475),(1143,2,476),(1144,2,477),(1145,2,478),(1146,2,479),(1147,2,480),(1148,2,481),(1149,2,482),(1150,2,483),(1151,2,484),(1152,2,485),(1153,2,486),(1154,2,487),(1155,2,488),(1156,2,489),(1157,2,490),(1158,2,491),(1159,2,492),(1160,2,493),(1161,2,494),(1162,2,495),(1163,2,496),(1164,2,497),(1165,2,498),(1166,2,499),(1167,2,500),(1168,2,501),(1169,2,502),(1170,2,503),(1171,2,504),(1172,2,505),(1173,2,506),(1174,2,507),(1175,2,508),(1176,2,509),(1177,2,510),(1178,2,511),(1179,2,512),(1180,2,513),(1181,2,514),(1182,2,515),(1183,2,516),(1184,2,517),(1185,2,518),(1186,2,519),(1187,2,520),(1188,2,521),(1189,2,522),(1190,2,523),(1191,2,524),(1192,2,525),(1193,2,526),(1194,2,527),(1195,2,528),(1196,2,529),(1197,2,530),(1198,2,531),(1199,2,532),(1200,2,533),(1201,2,534),(1202,2,535),(1203,2,536),(1204,2,537),(1205,2,538),(1206,2,539),(1207,2,540),(1208,2,541),(1209,2,542),(1210,2,543),(1211,2,544),(1212,2,545),(1213,2,546),(1214,2,547),(1215,2,548),(1216,2,549),(1217,2,550),(1218,2,551),(1219,2,552),(1220,2,553),(1221,2,554),(1222,2,555),(1223,2,556),(1224,2,557),(1225,2,558),(1226,2,559),(1227,2,560),(1228,2,561),(1229,2,562),(1230,2,563),(1231,2,564),(1232,2,565),(1233,2,566),(1234,2,567),(1235,2,568),(1236,2,569),(1237,2,570),(1238,2,571),(1239,2,572),(1240,2,573),(1241,2,574),(1242,2,575),(1243,2,576),(1244,2,577),(1245,2,578),(1246,2,579),(1247,2,580),(1248,2,581),(1249,2,582),(1250,2,583),(1251,2,584),(1252,2,585),(1253,2,586),(1254,2,587),(1255,2,588),(1256,2,589),(1257,2,590),(1258,2,591),(1259,2,592),(1260,2,593),(1261,2,594),(1262,2,595),(1263,2,596),(1264,2,597),(1265,2,598),(1266,2,599),(1267,2,600),(1268,2,601),(1269,2,602),(1270,2,603),(1271,2,604),(1272,2,605),(1273,2,606),(1274,2,607),(1275,2,608),(1276,2,609),(1277,2,610),(1278,2,611),(1279,2,612),(1280,2,613),(1281,2,614),(1282,2,615),(1283,2,616),(1284,2,617),(1285,2,618),(1286,2,619),(1287,2,620),(1288,2,621),(1289,2,622),(1290,2,623),(1291,2,624),(1292,2,625),(1293,2,626),(1294,2,627),(1295,2,628),(1296,2,629),(1297,2,630),(1298,2,631),(1299,2,632),(1300,2,633),(1301,2,634),(1302,2,635),(1303,2,636),(1304,2,637),(1305,2,638),(1306,2,639),(1307,2,640),(1308,2,641),(1309,2,642),(1310,2,643),(1311,2,644),(1312,2,645),(1313,2,646),(1314,2,647),(1315,2,648),(1316,2,649),(1317,2,650),(1318,2,651),(1319,2,652),(1320,2,653),(1321,2,654),(1322,2,655),(1323,2,656),(1324,2,657),(1325,2,658),(1326,2,659),(1327,2,660),(1328,2,661),(1329,2,662),(1330,2,663),(1331,2,664),(1332,2,665),(1333,2,666),(1334,2,667),(1335,3,1),(1336,3,2),(1337,3,3),(1338,3,4),(1339,3,5),(1340,3,6),(1341,3,7),(1342,3,8),(1343,3,9),(1344,3,10),(1345,3,11),(1346,3,12),(1347,3,13),(1348,3,14),(1349,3,15),(1350,3,16),(1351,3,17),(1352,3,18),(1353,3,19),(1354,3,20),(1355,3,21),(1356,3,22),(1357,3,23),(1358,3,24),(1359,3,25),(1360,3,26),(1361,3,27),(1362,3,28),(1363,3,29),(1364,3,30),(1365,3,31),(1366,3,32),(1367,3,33),(1368,3,34),(1369,3,35),(1370,3,36),(1371,3,37),(1372,3,38),(1373,3,39),(1374,3,40),(1375,3,41),(1376,3,42),(1377,3,43),(1378,3,44),(1379,3,45),(1380,3,46),(1381,3,47),(1382,3,48),(1383,3,49),(1384,3,50),(1385,3,51),(1386,3,52),(1387,3,53),(1388,3,54),(1389,3,55),(1390,3,56),(1391,3,57),(1392,3,58),(1393,3,59),(1394,3,60),(1395,3,61),(1396,3,62),(1397,3,63),(1398,3,64),(1399,3,65),(1400,3,66),(1401,3,67),(1402,3,68),(1403,3,69),(1404,3,70),(1405,3,71),(1406,3,72),(1407,3,73),(1408,3,74),(1409,3,75),(1410,3,76),(1411,3,77),(1412,3,78),(1413,3,79),(1414,3,80),(1415,3,81),(1416,3,82),(1417,3,83),(1418,3,84),(1419,3,85),(1420,3,86),(1421,3,87),(1422,3,88),(1423,3,89),(1424,3,90),(1425,3,91),(1426,3,92),(1427,3,93),(1428,3,94),(1429,3,95),(1430,3,96),(1431,3,97),(1432,3,98),(1433,3,99),(1434,3,100),(1435,3,101),(1436,3,102),(1437,3,103),(1438,3,104),(1439,3,105),(1440,3,106),(1441,3,107),(1442,3,108),(1443,3,109),(1444,3,110),(1445,3,111),(1446,3,112),(1447,3,113),(1448,3,114),(1449,3,115),(1450,3,116),(1451,3,117),(1452,3,118),(1453,3,119),(1454,3,120),(1455,3,121),(1456,3,122),(1457,3,123),(1458,3,124),(1459,3,125),(1460,3,126),(1461,3,127),(1462,3,128),(1463,3,129),(1464,3,130),(1465,3,131),(1466,3,132),(1467,3,133),(1468,3,134),(1469,3,135),(1470,3,136),(1471,3,137),(1472,3,138),(1473,3,139),(1474,3,140),(1475,3,141),(1476,3,142),(1477,3,143),(1478,3,144),(1479,3,145),(1480,3,146),(1481,3,147),(1482,3,148),(1483,3,149),(1484,3,150),(1485,3,151),(1486,3,152),(1487,3,153),(1488,3,154),(1489,3,155),(1490,3,156),(1491,3,157),(1492,3,158),(1493,3,159),(1494,3,160),(1495,3,161),(1496,3,162),(1497,3,163),(1498,3,164),(1499,3,165),(1500,3,166),(1501,3,167),(1502,3,168),(1503,3,169),(1504,3,170),(1505,3,171),(1506,3,172),(1507,3,173),(1508,3,174),(1509,3,175),(1510,3,176),(1511,3,177),(1512,3,178),(1513,3,179),(1514,3,180),(1515,3,181),(1516,3,182),(1517,3,183),(1518,3,184),(1519,3,185),(1520,3,186),(1521,3,187),(1522,3,188),(1523,3,189),(1524,3,190),(1525,3,191),(1526,3,192),(1527,3,193),(1528,3,194),(1529,3,195),(1530,3,196),(1531,3,197),(1532,3,198),(1533,3,199),(1534,3,200),(1535,3,201),(1536,3,202),(1537,3,203),(1538,3,204),(1539,3,205),(1540,3,206),(1541,3,207),(1542,3,208),(1543,3,209),(1544,3,210),(1545,3,211),(1546,3,212),(1547,3,213),(1548,3,214),(1549,3,215),(1550,3,216),(1551,3,217),(1552,3,218),(1553,3,219),(1554,3,220),(1555,3,221),(1556,3,222),(1557,3,223),(1558,3,224),(1559,3,225),(1560,3,226),(1561,3,227),(1562,3,228),(1563,3,229),(1564,3,230),(1565,3,231),(1566,3,232),(1567,3,233),(1568,3,234),(1569,3,235),(1570,3,236),(1571,3,237),(1572,3,238),(1573,3,239),(1574,3,240),(1575,3,241),(1576,3,242),(1577,3,243),(1578,3,244),(1579,3,245),(1580,3,246),(1581,3,247),(1582,3,248),(1583,3,249),(1584,3,250),(1585,3,251),(1586,3,252),(1587,3,253),(1588,3,254),(1589,3,255),(1590,3,256),(1591,3,257),(1592,3,258),(1593,3,259),(1594,3,260),(1595,3,261),(1596,3,262),(1597,3,263),(1598,3,264),(1599,3,265),(1600,3,266),(1601,3,267),(1602,3,268),(1603,3,269),(1604,3,270),(1605,3,271),(1606,3,272),(1607,3,273),(1608,3,274),(1609,3,275),(1610,3,276),(1611,3,277),(1612,3,278),(1613,3,279),(1614,3,280),(1615,3,281),(1616,3,282),(1617,3,283),(1618,3,284),(1619,3,285),(1620,3,286),(1621,3,287),(1622,3,288),(1623,3,289),(1624,3,290),(1625,3,291),(1626,3,292),(1627,3,293),(1628,3,294),(1629,3,295),(1630,3,296),(1631,3,297),(1632,3,298),(1633,3,299),(1634,3,300),(1635,3,301),(1636,3,302),(1637,3,303),(1638,3,304),(1639,3,305),(1640,3,306),(1641,3,307),(1642,3,308),(1643,3,309),(1644,3,310),(1645,3,311),(1646,3,312),(1647,3,313),(1648,3,314),(1649,3,315),(1650,3,316),(1651,3,317),(1652,3,318),(1653,3,319),(1654,3,320),(1655,3,321),(1656,3,322),(1657,3,323),(1658,3,324),(1659,3,325),(1660,3,326),(1661,3,327),(1662,3,328),(1663,3,329),(1664,3,330),(1665,3,331),(1666,3,332),(1667,3,333),(1668,3,334),(1669,3,335),(1670,3,336),(1671,3,337),(1672,3,338),(1673,3,339),(1674,3,340),(1675,3,341),(1676,3,342),(1677,3,343),(1678,3,344),(1679,3,345),(1680,3,346),(1681,3,347),(1682,3,348),(1683,3,349),(1684,3,350),(1685,3,351),(1686,3,352),(1687,3,353),(1688,3,354),(1689,3,355),(1690,3,356),(1691,3,357),(1692,3,358),(1693,3,359),(1694,3,360),(1695,3,361),(1696,3,362),(1697,3,363),(1698,3,364),(1699,3,365),(1700,3,366),(1701,3,367),(1702,3,368),(1703,3,369),(1704,3,370),(1705,3,371),(1706,3,372),(1707,3,373),(1708,3,374),(1709,3,375),(1710,3,376),(1711,3,377),(1712,3,378),(1713,3,379),(1714,3,380),(1715,3,381),(1716,3,382),(1717,3,383),(1718,3,384),(1719,3,385),(1720,3,386),(1721,3,387),(1722,3,388),(1723,3,389),(1724,3,390),(1725,3,391),(1726,3,392),(1727,3,393),(1728,3,394),(1729,3,395),(1730,3,396),(1731,3,397),(1732,3,398),(1733,3,399),(1734,3,400),(1735,3,401),(1736,3,402),(1737,3,403),(1738,3,404),(1739,3,405),(1740,3,406),(1741,3,407),(1742,3,408),(1743,3,409),(1744,3,410),(1745,3,411),(1746,3,412),(1747,3,413),(1748,3,414),(1749,3,415),(1750,3,416),(1751,3,417),(1752,3,418),(1753,3,419),(1754,3,420),(1755,3,421),(1756,3,422),(1757,3,423),(1758,3,424),(1759,3,425),(1760,3,426),(1761,3,427),(1762,3,428),(1763,3,429),(1764,3,430),(1765,3,431),(1766,3,432),(1767,3,433),(1768,3,434),(1769,3,435),(1770,3,436),(1771,3,437),(1772,3,438),(1773,3,439),(1774,3,440),(1775,3,441),(1776,3,442),(1777,3,443),(1778,3,444),(1779,3,445),(1780,3,446),(1781,3,447),(1782,3,448),(1783,3,449),(1784,3,450),(1785,3,451),(1786,3,452),(1787,3,453),(1788,3,454),(1789,3,455),(1790,3,456),(1791,3,457),(1792,3,458),(1793,3,459),(1794,3,460),(1795,3,461),(1796,3,462),(1797,3,463),(1798,3,464),(1799,3,465),(1800,3,466),(1801,3,467),(1802,3,468),(1803,3,469),(1804,3,470),(1805,3,471),(1806,3,472),(1807,3,473),(1808,3,474),(1809,3,475),(1810,3,476),(1811,3,477),(1812,3,478),(1813,3,479),(1814,3,480),(1815,3,481),(1816,3,482),(1817,3,483),(1818,3,484),(1819,3,485),(1820,3,486),(1821,3,487),(1822,3,488),(1823,3,489),(1824,3,490),(1825,3,491),(1826,3,492),(1827,3,493),(1828,3,494),(1829,3,495),(1830,3,496),(1831,3,497),(1832,3,498),(1833,3,499),(1834,3,500),(1835,3,501),(1836,3,502),(1837,3,503),(1838,3,504),(1839,3,505),(1840,3,506),(1841,3,507),(1842,3,508),(1843,3,509),(1844,3,510),(1845,3,511),(1846,3,512),(1847,3,513),(1848,3,514),(1849,3,515),(1850,3,516),(1851,3,517),(1852,3,518),(1853,3,519),(1854,3,520),(1855,3,521),(1856,3,522),(1857,3,523),(1858,3,524),(1859,3,525),(1860,3,526),(1861,3,527),(1862,3,528),(1863,3,529),(1864,3,530),(1865,3,531),(1866,3,532),(1867,3,533),(1868,3,534),(1869,3,535),(1870,3,536),(1871,3,537),(1872,3,538),(1873,3,539),(1874,3,540),(1875,3,541),(1876,3,542),(1877,3,543),(1878,3,544),(1879,3,545),(1880,3,546),(1881,3,547),(1882,3,548),(1883,3,549),(1884,3,550),(1885,3,551),(1886,3,552),(1887,3,553),(1888,3,554),(1889,3,555),(1890,3,556),(1891,3,557),(1892,3,558),(1893,3,559),(1894,3,560),(1895,3,561),(1896,3,562),(1897,3,563),(1898,3,564),(1899,3,565),(1900,3,566),(1901,3,567),(1902,3,568),(1903,3,569),(1904,3,570),(1905,3,571),(1906,3,572),(1907,3,573),(1908,3,574),(1909,3,575),(1910,3,576),(1911,3,577),(1912,3,578),(1913,3,579),(1914,3,580),(1915,3,581),(1916,3,582),(1917,3,583),(1918,3,584),(1919,3,585),(1920,3,586),(1921,3,587),(1922,3,588),(1923,3,589),(1924,3,590),(1925,3,591),(1926,3,592),(1927,3,593),(1928,3,594),(1929,3,595),(1930,3,596),(1931,3,597),(1932,3,598),(1933,3,599),(1934,3,600),(1935,3,601),(1936,3,602),(1937,3,603),(1938,3,604),(1939,3,605),(1940,3,606),(1941,3,607),(1942,3,608),(1943,3,609),(1944,3,610),(1945,3,611),(1946,3,612),(1947,3,613),(1948,3,614),(1949,3,615),(1950,3,616),(1951,3,617),(1952,3,618),(1953,3,619),(1954,3,620),(1955,3,621),(1956,3,622),(1957,3,623),(1958,3,624),(1959,3,625),(1960,3,626),(1961,3,627),(1962,3,628),(1963,3,629),(1964,3,630),(1965,3,631),(1966,3,632),(1967,3,633),(1968,3,634),(1969,3,635),(1970,3,636),(1971,3,637),(1972,3,638),(1973,3,639),(1974,3,640),(1975,3,641),(1976,3,642),(1977,3,643),(1978,3,644),(1979,3,645),(1980,3,646),(1981,3,647),(1982,3,648),(1983,3,649),(1984,3,650),(1985,3,651),(1986,3,652),(1987,3,653),(1988,3,654),(1989,3,655),(1990,3,656),(1991,3,657),(1992,3,658),(1993,3,659),(1994,3,660),(1995,3,661),(1996,3,662),(1997,3,663),(1998,3,664),(1999,3,665),(2000,3,666),(2001,3,667),(2002,4,1),(2003,4,2),(2004,4,3),(2005,4,4),(2006,4,5),(2007,4,6),(2008,4,7),(2009,4,8),(2010,4,9),(2011,4,10),(2012,4,11),(2013,4,12),(2014,4,13),(2015,4,14),(2016,4,15),(2017,4,16),(2018,4,17),(2019,4,18),(2020,4,19),(2021,4,20),(2022,4,21),(2023,4,22),(2024,4,23),(2025,4,24),(2026,4,25),(2027,4,26),(2028,4,27),(2029,4,28),(2030,4,29),(2031,4,30),(2032,4,31),(2033,4,32),(2034,4,33),(2035,4,34),(2036,4,35),(2037,4,36),(2038,4,37),(2039,4,38),(2040,4,39),(2041,4,40),(2042,4,41),(2043,4,42),(2044,4,43),(2045,4,44),(2046,4,45),(2047,4,46),(2048,4,47),(2049,4,48),(2050,4,49),(2051,4,50),(2052,4,51),(2053,4,52),(2054,4,53),(2055,4,54),(2056,4,55),(2057,4,56),(2058,4,57),(2059,4,58),(2060,4,59),(2061,4,60),(2062,4,61),(2063,4,62),(2064,4,63),(2065,4,64),(2066,4,65),(2067,4,66),(2068,4,67),(2069,4,68),(2070,4,69),(2071,4,70),(2072,4,71),(2073,4,72),(2074,4,73),(2075,4,74),(2076,4,75),(2077,4,76),(2078,4,77),(2079,4,78),(2080,4,79),(2081,4,80),(2082,4,81),(2083,4,82),(2084,4,83),(2085,4,84),(2086,4,85),(2087,4,86),(2088,4,87),(2089,4,88),(2090,4,89),(2091,4,90),(2092,4,91),(2093,4,92),(2094,4,93),(2095,4,94),(2096,4,95),(2097,4,96),(2098,4,97),(2099,4,98),(2100,4,99),(2101,4,100),(2102,4,101),(2103,4,102),(2104,4,103),(2105,4,104),(2106,4,105),(2107,4,106),(2108,4,107),(2109,4,108),(2110,4,109),(2111,4,110),(2112,4,111),(2113,4,112),(2114,4,113),(2115,4,114),(2116,4,115),(2117,4,116),(2118,4,117),(2119,4,118),(2120,4,119),(2121,4,120),(2122,4,121),(2123,4,122),(2124,4,123),(2125,4,124),(2126,4,125),(2127,4,126),(2128,4,127),(2129,4,128),(2130,4,129),(2131,4,130),(2132,4,131),(2133,4,132),(2134,4,133),(2135,4,134),(2136,4,135),(2137,4,136),(2138,4,137),(2139,4,138),(2140,4,139),(2141,4,140),(2142,4,141),(2143,4,142),(2144,4,143),(2145,4,144),(2146,4,145),(2147,4,146),(2148,4,147),(2149,4,148),(2150,4,149),(2151,4,150),(2152,4,151),(2153,4,152),(2154,4,153),(2155,4,154),(2156,4,155),(2157,4,156),(2158,4,157),(2159,4,158),(2160,4,159),(2161,4,160),(2162,4,161),(2163,4,162),(2164,4,163),(2165,4,164),(2166,4,165),(2167,4,166),(2168,4,167),(2169,4,168),(2170,4,169),(2171,4,170),(2172,4,171),(2173,4,172),(2174,4,173),(2175,4,174),(2176,4,175),(2177,4,176),(2178,4,177),(2179,4,178),(2180,4,179),(2181,4,180),(2182,4,181),(2183,4,182),(2184,4,183),(2185,4,184),(2186,4,185),(2187,4,186),(2188,4,187),(2189,4,188),(2190,4,189),(2191,4,190),(2192,4,191),(2193,4,192),(2194,4,193),(2195,4,194),(2196,4,195),(2197,4,196),(2198,4,197),(2199,4,198),(2200,4,199),(2201,4,200),(2202,4,201),(2203,4,202),(2204,4,203),(2205,4,204),(2206,4,205),(2207,4,206),(2208,4,207),(2209,4,208),(2210,4,209),(2211,4,210),(2212,4,211),(2213,4,212),(2214,4,213),(2215,4,214),(2216,4,215),(2217,4,216),(2218,4,217),(2219,4,218),(2220,4,219),(2221,4,220),(2222,4,221),(2223,4,222),(2224,4,223),(2225,4,224),(2226,4,225),(2227,4,226),(2228,4,227),(2229,4,228),(2230,4,229),(2231,4,230),(2232,4,231),(2233,4,232),(2234,4,233),(2235,4,234),(2236,4,235),(2237,4,236),(2238,4,237),(2239,4,238),(2240,4,239),(2241,4,240),(2242,4,241),(2243,4,242),(2244,4,243),(2245,4,244),(2246,4,245),(2247,4,246),(2248,4,247),(2249,4,248),(2250,4,249),(2251,4,250),(2252,4,251),(2253,4,252),(2254,4,253),(2255,4,254),(2256,4,255),(2257,4,256),(2258,4,257),(2259,4,258),(2260,4,259),(2261,4,260),(2262,4,261),(2263,4,262),(2264,4,263),(2265,4,264),(2266,4,265),(2267,4,266),(2268,4,267),(2269,4,268),(2270,4,269),(2271,4,270),(2272,4,271),(2273,4,272),(2274,4,273),(2275,4,274),(2276,4,275),(2277,4,276),(2278,4,277),(2279,4,278),(2280,4,279),(2281,4,280),(2282,4,281),(2283,4,282),(2284,4,283),(2285,4,284),(2286,4,285),(2287,4,286),(2288,4,287),(2289,4,288),(2290,4,289),(2291,4,290),(2292,4,291),(2293,4,292),(2294,4,293),(2295,4,294),(2296,4,295),(2297,4,296),(2298,4,297),(2299,4,298),(2300,4,299),(2301,4,300),(2302,4,301),(2303,4,302),(2304,4,303),(2305,4,304),(2306,4,305),(2307,4,306),(2308,4,307),(2309,4,308),(2310,4,309),(2311,4,310),(2312,4,311),(2313,4,312),(2314,4,313),(2315,4,314),(2316,4,315),(2317,4,316),(2318,4,317),(2319,4,318),(2320,4,319),(2321,4,320),(2322,4,321),(2323,4,322),(2324,4,323),(2325,4,324),(2326,4,325),(2327,4,326),(2328,4,327),(2329,4,328),(2330,4,329),(2331,4,330),(2332,4,331),(2333,4,332),(2334,4,333),(2335,4,334),(2336,4,335),(2337,4,336),(2338,4,337),(2339,4,338),(2340,4,339),(2341,4,340),(2342,4,341),(2343,4,342),(2344,4,343),(2345,4,344),(2346,4,345),(2347,4,346),(2348,4,347),(2349,4,348),(2350,4,349),(2351,4,350),(2352,4,351),(2353,4,352),(2354,4,353),(2355,4,354),(2356,4,355),(2357,4,356),(2358,4,357),(2359,4,358),(2360,4,359),(2361,4,360),(2362,4,361),(2363,4,362),(2364,4,363),(2365,4,364),(2366,4,365),(2367,4,366),(2368,4,367),(2369,4,368),(2370,4,369),(2371,4,370),(2372,4,371),(2373,4,372),(2374,4,373),(2375,4,374),(2376,4,375),(2377,4,376),(2378,4,377),(2379,4,378),(2380,4,379),(2381,4,380),(2382,4,381),(2383,4,382),(2384,4,383),(2385,4,384),(2386,4,385),(2387,4,386),(2388,4,387),(2389,4,388),(2390,4,389),(2391,4,390),(2392,4,391),(2393,4,392),(2394,4,393),(2395,4,394),(2396,4,395),(2397,4,396),(2398,4,397),(2399,4,398),(2400,4,399),(2401,4,400),(2402,4,401),(2403,4,402),(2404,4,403),(2405,4,404),(2406,4,405),(2407,4,406),(2408,4,407),(2409,4,408),(2410,4,409),(2411,4,410),(2412,4,411),(2413,4,412),(2414,4,413),(2415,4,414),(2416,4,415),(2417,4,416),(2418,4,417),(2419,4,418),(2420,4,419),(2421,4,420),(2422,4,421),(2423,4,422),(2424,4,423),(2425,4,424),(2426,4,425),(2427,4,426),(2428,4,427),(2429,4,428),(2430,4,429),(2431,4,430),(2432,4,431),(2433,4,432),(2434,4,433),(2435,4,434),(2436,4,435),(2437,4,436),(2438,4,437),(2439,4,438),(2440,4,439),(2441,4,440),(2442,4,441),(2443,4,442),(2444,4,443),(2445,4,444),(2446,4,445),(2447,4,446),(2448,4,447),(2449,4,448),(2450,4,449),(2451,4,450),(2452,4,451),(2453,4,452),(2454,4,453),(2455,4,454),(2456,4,455),(2457,4,456),(2458,4,457),(2459,4,458),(2460,4,459),(2461,4,460),(2462,4,461),(2463,4,462),(2464,4,463),(2465,4,464),(2466,4,465),(2467,4,466),(2468,4,467),(2469,4,468),(2470,4,469),(2471,4,470),(2472,4,471),(2473,4,472),(2474,4,473),(2475,4,474),(2476,4,475),(2477,4,476),(2478,4,477),(2479,4,478),(2480,4,479),(2481,4,480),(2482,4,481),(2483,4,482),(2484,4,483),(2485,4,484),(2486,4,485),(2487,4,486),(2488,4,487),(2489,4,488),(2490,4,489),(2491,4,490),(2492,4,491),(2493,4,492),(2494,4,493),(2495,4,494),(2496,4,495),(2497,4,496),(2498,4,497),(2499,4,498),(2500,4,499),(2501,4,500),(2502,4,501),(2503,4,502),(2504,4,503),(2505,4,504),(2506,4,505),(2507,4,506),(2508,4,507),(2509,4,508),(2510,4,509),(2511,4,510),(2512,4,511),(2513,4,512),(2514,4,513),(2515,4,514),(2516,4,515),(2517,4,516),(2518,4,517),(2519,4,518),(2520,4,519),(2521,4,520),(2522,4,521),(2523,4,522),(2524,4,523),(2525,4,524),(2526,4,525),(2527,4,526),(2528,4,527),(2529,4,528),(2530,4,529),(2531,4,530),(2532,4,531),(2533,4,532),(2534,4,533),(2535,4,534),(2536,4,535),(2537,4,536),(2538,4,537),(2539,4,538),(2540,4,539),(2541,4,540),(2542,4,541),(2543,4,542),(2544,4,543),(2545,4,544),(2546,4,545),(2547,4,546),(2548,4,547),(2549,4,548),(2550,4,549),(2551,4,550),(2552,4,551),(2553,4,552),(2554,4,553),(2555,4,554),(2556,4,555),(2557,4,556),(2558,4,557),(2559,4,558),(2560,4,559),(2561,4,560),(2562,4,561),(2563,4,562),(2564,4,563),(2565,4,564),(2566,4,565),(2567,4,566),(2568,4,567),(2569,4,568),(2570,4,569),(2571,4,570),(2572,4,571),(2573,4,572),(2574,4,573),(2575,4,574),(2576,4,575),(2577,4,576),(2578,4,577),(2579,4,578),(2580,4,579),(2581,4,580),(2582,4,581),(2583,4,582),(2584,4,583),(2585,4,584),(2586,4,585),(2587,4,586),(2588,4,587),(2589,4,588),(2590,4,589),(2591,4,590),(2592,4,591),(2593,4,592),(2594,4,593),(2595,4,594),(2596,4,595),(2597,4,596),(2598,4,597),(2599,4,598),(2600,4,599),(2601,4,600),(2602,4,601),(2603,4,602),(2604,4,603),(2605,4,604),(2606,4,605),(2607,4,606),(2608,4,607),(2609,4,608),(2610,4,609),(2611,4,610),(2612,4,611),(2613,4,612),(2614,4,613),(2615,4,614),(2616,4,615),(2617,4,616),(2618,4,617),(2619,4,618),(2620,4,619),(2621,4,620),(2622,4,621),(2623,4,622),(2624,4,623),(2625,4,624),(2626,4,625),(2627,4,626),(2628,4,627),(2629,4,628),(2630,4,629),(2631,4,630),(2632,4,631),(2633,4,632),(2634,4,633),(2635,4,634),(2636,4,635),(2637,4,636),(2638,4,637),(2639,4,638),(2640,4,639),(2641,4,640),(2642,4,641),(2643,4,642),(2644,4,643),(2645,4,644),(2646,4,645),(2647,4,646),(2648,4,647),(2649,4,648),(2650,4,649),(2651,4,650),(2652,4,651),(2653,4,652),(2654,4,653),(2655,4,654),(2656,4,655),(2657,4,656),(2658,4,657),(2659,4,658),(2660,4,659),(2661,4,660),(2662,4,661),(2663,4,662),(2664,4,663),(2665,4,664),(2666,4,665),(2667,4,666),(2668,4,667),(2669,5,1),(2670,5,2),(2671,5,3),(2672,5,4),(2673,5,5),(2674,5,6),(2675,5,7),(2676,5,8),(2677,5,9),(2678,5,10),(2679,5,11),(2680,5,12),(2681,5,13),(2682,5,14),(2683,5,15),(2684,5,16),(2685,5,17),(2686,5,18),(2687,5,19),(2688,5,20),(2689,5,21),(2690,5,22),(2691,5,23),(2692,5,24),(2693,5,25),(2694,5,26),(2695,5,27),(2696,5,28),(2697,5,29),(2698,5,30),(2699,5,31),(2700,5,32),(2701,5,33),(2702,5,34),(2703,5,35),(2704,5,36),(2705,5,37),(2706,5,38),(2707,5,39),(2708,5,40),(2709,5,41),(2710,5,42),(2711,5,43),(2712,5,44),(2713,5,45),(2714,5,46),(2715,5,47),(2716,5,48),(2717,5,49),(2718,5,50),(2719,5,51),(2720,5,52),(2721,5,53),(2722,5,54),(2723,5,55),(2724,5,56),(2725,5,57),(2726,5,58),(2727,5,59),(2728,5,60),(2729,5,61),(2730,5,62),(2731,5,63),(2732,5,64),(2733,5,65),(2734,5,66),(2735,5,67),(2736,5,68),(2737,5,69),(2738,5,70),(2739,5,71),(2740,5,72),(2741,5,73),(2742,5,74),(2743,5,75),(2744,5,76),(2745,5,77),(2746,5,78),(2747,5,79),(2748,5,80),(2749,5,81),(2750,5,82),(2751,5,83),(2752,5,84),(2753,5,85),(2754,5,86),(2755,5,87),(2756,5,88),(2757,5,89),(2758,5,90),(2759,5,91),(2760,5,92),(2761,5,93),(2762,5,94),(2763,5,95),(2764,5,96),(2765,5,97),(2766,5,98),(2767,5,99),(2768,5,100),(2769,5,101),(2770,5,102),(2771,5,103),(2772,5,104),(2773,5,105),(2774,5,106),(2775,5,107),(2776,5,108),(2777,5,109),(2778,5,110),(2779,5,111),(2780,5,112),(2781,5,113),(2782,5,114),(2783,5,115),(2784,5,116),(2785,5,117),(2786,5,118),(2787,5,119),(2788,5,120),(2789,5,121),(2790,5,122),(2791,5,123),(2792,5,124),(2793,5,125),(2794,5,126),(2795,5,127),(2796,5,128),(2797,5,129),(2798,5,130),(2799,5,131),(2800,5,132),(2801,5,133),(2802,5,134),(2803,5,135),(2804,5,136),(2805,5,137),(2806,5,138),(2807,5,139),(2808,5,140),(2809,5,141),(2810,5,142),(2811,5,143),(2812,5,144),(2813,5,145),(2814,5,146),(2815,5,147),(2816,5,148),(2817,5,149),(2818,5,150),(2819,5,151),(2820,5,152),(2821,5,153),(2822,5,154),(2823,5,155),(2824,5,156),(2825,5,157),(2826,5,158),(2827,5,159),(2828,5,160),(2829,5,161),(2830,5,162),(2831,5,163),(2832,5,164),(2833,5,165),(2834,5,166),(2835,5,167),(2836,5,168),(2837,5,169),(2838,5,170),(2839,5,171),(2840,5,172),(2841,5,173),(2842,5,174),(2843,5,175),(2844,5,176),(2845,5,177),(2846,5,178),(2847,5,179),(2848,5,180),(2849,5,181),(2850,5,182),(2851,5,183),(2852,5,184),(2853,5,185),(2854,5,186),(2855,5,187),(2856,5,188),(2857,5,189),(2858,5,190),(2859,5,191),(2860,5,192),(2861,5,193),(2862,5,194),(2863,5,195),(2864,5,196),(2865,5,197),(2866,5,198),(2867,5,199),(2868,5,200),(2869,5,201),(2870,5,202),(2871,5,203),(2872,5,204),(2873,5,205),(2874,5,206),(2875,5,207),(2876,5,208),(2877,5,209),(2878,5,210),(2879,5,211),(2880,5,212),(2881,5,213),(2882,5,214),(2883,5,215),(2884,5,216),(2885,5,217),(2886,5,218),(2887,5,219),(2888,5,220),(2889,5,221),(2890,5,222),(2891,5,223),(2892,5,224),(2893,5,225),(2894,5,226),(2895,5,227),(2896,5,228),(2897,5,229),(2898,5,230),(2899,5,231),(2900,5,232),(2901,5,233),(2902,5,234),(2903,5,235),(2904,5,236),(2905,5,237),(2906,5,238),(2907,5,239),(2908,5,240),(2909,5,241),(2910,5,242),(2911,5,243),(2912,5,244),(2913,5,245),(2914,5,246),(2915,5,247),(2916,5,248),(2917,5,249),(2918,5,250),(2919,5,251),(2920,5,252),(2921,5,253),(2922,5,254),(2923,5,255),(2924,5,256),(2925,5,257),(2926,5,258),(2927,5,259),(2928,5,260),(2929,5,261),(2930,5,262),(2931,5,263),(2932,5,264),(2933,5,265),(2934,5,266),(2935,5,267),(2936,5,268),(2937,5,269),(2938,5,270),(2939,5,271),(2940,5,272),(2941,5,273),(2942,5,274),(2943,5,275),(2944,5,276),(2945,5,277),(2946,5,278),(2947,5,279),(2948,5,280),(2949,5,281),(2950,5,282),(2951,5,283),(2952,5,284),(2953,5,285),(2954,5,286),(2955,5,287),(2956,5,288),(2957,5,289),(2958,5,290),(2959,5,291),(2960,5,292),(2961,5,293),(2962,5,294),(2963,5,295),(2964,5,296),(2965,5,297),(2966,5,298),(2967,5,299),(2968,5,300),(2969,5,301),(2970,5,302),(2971,5,303),(2972,5,304),(2973,5,305),(2974,5,306),(2975,5,307),(2976,5,308),(2977,5,309),(2978,5,310),(2979,5,311),(2980,5,312),(2981,5,313),(2982,5,314),(2983,5,315),(2984,5,316),(2985,5,317),(2986,5,318),(2987,5,319),(2988,5,320),(2989,5,321),(2990,5,322),(2991,5,323),(2992,5,324),(2993,5,325),(2994,5,326),(2995,5,327),(2996,5,328),(2997,5,329),(2998,5,330),(2999,5,331),(3000,5,332),(3001,5,333),(3002,5,334),(3003,5,335),(3004,5,336),(3005,5,337),(3006,5,338),(3007,5,339),(3008,5,340),(3009,5,341),(3010,5,342),(3011,5,343),(3012,5,344),(3013,5,345),(3014,5,346),(3015,5,347),(3016,5,348),(3017,5,349),(3018,5,350),(3019,5,351),(3020,5,352),(3021,5,353),(3022,5,354),(3023,5,355),(3024,5,356),(3025,5,357),(3026,5,358),(3027,5,359),(3028,5,360),(3029,5,361),(3030,5,362),(3031,5,363),(3032,5,364),(3033,5,365),(3034,5,366),(3035,5,367),(3036,5,368),(3037,5,369),(3038,5,370),(3039,5,371),(3040,5,372),(3041,5,373),(3042,5,374),(3043,5,375),(3044,5,376),(3045,5,377),(3046,5,378),(3047,5,379),(3048,5,380),(3049,5,381),(3050,5,382),(3051,5,383),(3052,5,384),(3053,5,385),(3054,5,386),(3055,5,387),(3056,5,388),(3057,5,389),(3058,5,390),(3059,5,391),(3060,5,392),(3061,5,393),(3062,5,394),(3063,5,395),(3064,5,396),(3065,5,397),(3066,5,398),(3067,5,399),(3068,5,400),(3069,5,401),(3070,5,402),(3071,5,403),(3072,5,404),(3073,5,405),(3074,5,406),(3075,5,407),(3076,5,408),(3077,5,409),(3078,5,410),(3079,5,411),(3080,5,412),(3081,5,413),(3082,5,414),(3083,5,415),(3084,5,416),(3085,5,417),(3086,5,418),(3087,5,419),(3088,5,420),(3089,5,421),(3090,5,422),(3091,5,423),(3092,5,424),(3093,5,425),(3094,5,426),(3095,5,427),(3096,5,428),(3097,5,429),(3098,5,430),(3099,5,431),(3100,5,432),(3101,5,433),(3102,5,434),(3103,5,435),(3104,5,436),(3105,5,437),(3106,5,438),(3107,5,439),(3108,5,440),(3109,5,441),(3110,5,442),(3111,5,443),(3112,5,444),(3113,5,445),(3114,5,446),(3115,5,447),(3116,5,448),(3117,5,449),(3118,5,450),(3119,5,451),(3120,5,452),(3121,5,453),(3122,5,454),(3123,5,455),(3124,5,456),(3125,5,457),(3126,5,458),(3127,5,459),(3128,5,460),(3129,5,461),(3130,5,462),(3131,5,463),(3132,5,464),(3133,5,465),(3134,5,466),(3135,5,467),(3136,5,468),(3137,5,469),(3138,5,470),(3139,5,471),(3140,5,472),(3141,5,473),(3142,5,474),(3143,5,475),(3144,5,476),(3145,5,477),(3146,5,478),(3147,5,479),(3148,5,480),(3149,5,481),(3150,5,482),(3151,5,483),(3152,5,484),(3153,5,485),(3154,5,486),(3155,5,487),(3156,5,488),(3157,5,489),(3158,5,490),(3159,5,491),(3160,5,492),(3161,5,493),(3162,5,494),(3163,5,495),(3164,5,496),(3165,5,497),(3166,5,498),(3167,5,499),(3168,5,500),(3169,5,501),(3170,5,502),(3171,5,503),(3172,5,504),(3173,5,505),(3174,5,506),(3175,5,507),(3176,5,508),(3177,5,509),(3178,5,510),(3179,5,511),(3180,5,512),(3181,5,513),(3182,5,514),(3183,5,515),(3184,5,516),(3185,5,517),(3186,5,518),(3187,5,519),(3188,5,520),(3189,5,521),(3190,5,522),(3191,5,523),(3192,5,524),(3193,5,525),(3194,5,526),(3195,5,527),(3196,5,528),(3197,5,529),(3198,5,530),(3199,5,531),(3200,5,532),(3201,5,533),(3202,5,534),(3203,5,535),(3204,5,536),(3205,5,537),(3206,5,538),(3207,5,539),(3208,5,540),(3209,5,541),(3210,5,542),(3211,5,543),(3212,5,544),(3213,5,545),(3214,5,546),(3215,5,547),(3216,5,548),(3217,5,549),(3218,5,550),(3219,5,551),(3220,5,552),(3221,5,553),(3222,5,554),(3223,5,555),(3224,5,556),(3225,5,557),(3226,5,558),(3227,5,559),(3228,5,560),(3229,5,561),(3230,5,562),(3231,5,563),(3232,5,564),(3233,5,565),(3234,5,566),(3235,5,567),(3236,5,568),(3237,5,569),(3238,5,570),(3239,5,571),(3240,5,572),(3241,5,573),(3242,5,574),(3243,5,575),(3244,5,576),(3245,5,577),(3246,5,578),(3247,5,579),(3248,5,580),(3249,5,581),(3250,5,582),(3251,5,583),(3252,5,584),(3253,5,585),(3254,5,586),(3255,5,587),(3256,5,588),(3257,5,589),(3258,5,590),(3259,5,591),(3260,5,592),(3261,5,593),(3262,5,594),(3263,5,595),(3264,5,596),(3265,5,597),(3266,5,598),(3267,5,599),(3268,5,600),(3269,5,601),(3270,5,602),(3271,5,603),(3272,5,604),(3273,5,605),(3274,5,606),(3275,5,607),(3276,5,608),(3277,5,609),(3278,5,610),(3279,5,611),(3280,5,612),(3281,5,613),(3282,5,614),(3283,5,615),(3284,5,616),(3285,5,617),(3286,5,618),(3287,5,619),(3288,5,620),(3289,5,621),(3290,5,622),(3291,5,623),(3292,5,624),(3293,5,625),(3294,5,626),(3295,5,627),(3296,5,628),(3297,5,629),(3298,5,630),(3299,5,631),(3300,5,632),(3301,5,633),(3302,5,634),(3303,5,635),(3304,5,636),(3305,5,637),(3306,5,638),(3307,5,639),(3308,5,640),(3309,5,641),(3310,5,642),(3311,5,643),(3312,5,644),(3313,5,645),(3314,5,646),(3315,5,647),(3316,5,648),(3317,5,649),(3318,5,650),(3319,5,651),(3320,5,652),(3321,5,653),(3322,5,654),(3323,5,655),(3324,5,656),(3325,5,657),(3326,5,658),(3327,5,659),(3328,5,660),(3329,5,661),(3330,5,662),(3331,5,663),(3332,5,664),(3333,5,665),(3334,5,666),(3335,5,667),(3336,8,1),(3337,8,2),(3338,8,3),(3339,8,4),(3340,8,5),(3341,8,6),(3342,8,7),(3343,8,8),(3344,8,9),(3345,8,10),(3346,8,11),(3347,8,12),(3348,8,13),(3349,8,14),(3350,8,15),(3351,8,16),(3352,8,17),(3353,8,18),(3354,8,19),(3355,8,20),(3356,8,21),(3357,8,22),(3358,8,23),(3359,8,24),(3360,8,25),(3361,8,26),(3362,8,27),(3363,8,28),(3364,8,29),(3365,8,30),(3366,8,31),(3367,8,32),(3368,8,33),(3369,8,34),(3370,8,35),(3371,8,36),(3372,8,37),(3373,8,38),(3374,8,39),(3375,8,40),(3376,8,41),(3377,8,42),(3378,8,43),(3379,8,44),(3380,8,45),(3381,8,46),(3382,8,47),(3383,8,48),(3384,8,49),(3385,8,50),(3386,8,51),(3387,8,52),(3388,8,53),(3389,8,54),(3390,8,55),(3391,8,56),(3392,8,57),(3393,8,58),(3394,8,59),(3395,8,60),(3396,8,61),(3397,8,62),(3398,8,63),(3399,8,64),(3400,8,65),(3401,8,66),(3402,8,67),(3403,8,68),(3404,8,69),(3405,8,70),(3406,8,71),(3407,8,72),(3408,8,73),(3409,8,74),(3410,8,75),(3411,8,76),(3412,8,77),(3413,8,78),(3414,8,79),(3415,8,80),(3416,8,81),(3417,8,82),(3418,8,83),(3419,8,84),(3420,8,85),(3421,8,86),(3422,8,87),(3423,8,88),(3424,8,89),(3425,8,90),(3426,8,91),(3427,8,92),(3428,8,93),(3429,8,94),(3430,8,95),(3431,8,96),(3432,8,97),(3433,8,98),(3434,8,99),(3435,8,100),(3436,8,101),(3437,8,102),(3438,8,103),(3439,8,104),(3440,8,105),(3441,8,106),(3442,8,107),(3443,8,108),(3444,8,109),(3445,8,110),(3446,8,111),(3447,8,112),(3448,8,113),(3449,8,114),(3450,8,115),(3451,8,116),(3452,8,117),(3453,8,118),(3454,8,119),(3455,8,120),(3456,8,121),(3457,8,122),(3458,8,123),(3459,8,124),(3460,8,125),(3461,8,126),(3462,8,127),(3463,8,128),(3464,8,129),(3465,8,130),(3466,8,131),(3467,8,132),(3468,8,133),(3469,8,134),(3470,8,135),(3471,8,136),(3472,8,137),(3473,8,138),(3474,8,139),(3475,8,140),(3476,8,141),(3477,8,142),(3478,8,143),(3479,8,144),(3480,8,145),(3481,8,146),(3482,8,147),(3483,8,148),(3484,8,149),(3485,8,150),(3486,8,151),(3487,8,152),(3488,8,153),(3489,8,154),(3490,8,155),(3491,8,156),(3492,8,157),(3493,8,158),(3494,8,159),(3495,8,160),(3496,8,161),(3497,8,162),(3498,8,163),(3499,8,164),(3500,8,165),(3501,8,166),(3502,8,167),(3503,8,168),(3504,8,169),(3505,8,170),(3506,8,171),(3507,8,172),(3508,8,173),(3509,8,174),(3510,8,175),(3511,8,176),(3512,8,177),(3513,8,178),(3514,8,179),(3515,8,180),(3516,8,181),(3517,8,182),(3518,8,183),(3519,8,184),(3520,8,185),(3521,8,186),(3522,8,187),(3523,8,188),(3524,8,189),(3525,8,190),(3526,8,191),(3527,8,192),(3528,8,193),(3529,8,194),(3530,8,195),(3531,8,196),(3532,8,197),(3533,8,198),(3534,8,199),(3535,8,200),(3536,8,201),(3537,8,202),(3538,8,203),(3539,8,204),(3540,8,205),(3541,8,206),(3542,8,207),(3543,8,208),(3544,8,209),(3545,8,210),(3546,8,211),(3547,8,212),(3548,8,213),(3549,8,214),(3550,8,215),(3551,8,216),(3552,8,217),(3553,8,218),(3554,8,219),(3555,8,220),(3556,8,221),(3557,8,222),(3558,8,223),(3559,8,224),(3560,8,225),(3561,8,226),(3562,8,227),(3563,8,228),(3564,8,229),(3565,8,230),(3566,8,231),(3567,8,232),(3568,8,233),(3569,8,234),(3570,8,235),(3571,8,236),(3572,8,237),(3573,8,238),(3574,8,239),(3575,8,240),(3576,8,241),(3577,8,242),(3578,8,243),(3579,8,244),(3580,8,245),(3581,8,246),(3582,8,247),(3583,8,248),(3584,8,249),(3585,8,250),(3586,8,251),(3587,8,252),(3588,8,253),(3589,8,254),(3590,8,255),(3591,8,256),(3592,8,257),(3593,8,258),(3594,8,259),(3595,8,260),(3596,8,261),(3597,8,262),(3598,8,263),(3599,8,264),(3600,8,265),(3601,8,266),(3602,8,267),(3603,8,268),(3604,8,269),(3605,8,270),(3606,8,271),(3607,8,272),(3608,8,273),(3609,8,274),(3610,8,275),(3611,8,276),(3612,8,277),(3613,8,278),(3614,8,279),(3615,8,280),(3616,8,281),(3617,8,282),(3618,8,283),(3619,8,284),(3620,8,285),(3621,8,286),(3622,8,287),(3623,8,288),(3624,8,289),(3625,8,290),(3626,8,291),(3627,8,292),(3628,8,293),(3629,8,294),(3630,8,295),(3631,8,296),(3632,8,297),(3633,8,298),(3634,8,299),(3635,8,300),(3636,8,301),(3637,8,302),(3638,8,303),(3639,8,304),(3640,8,305),(3641,8,306),(3642,8,307),(3643,8,308),(3644,8,309),(3645,8,310),(3646,8,311),(3647,8,312),(3648,8,313),(3649,8,314),(3650,8,315),(3651,8,316),(3652,8,317),(3653,8,318),(3654,8,319),(3655,8,320),(3656,8,321),(3657,8,322),(3658,8,323),(3659,8,324),(3660,8,325),(3661,8,326),(3662,8,327),(3663,8,328),(3664,8,329),(3665,8,330),(3666,8,331),(3667,8,332),(3668,8,333),(3669,8,334),(3670,8,335),(3671,8,336),(3672,8,337),(3673,8,338),(3674,8,339),(3675,8,340),(3676,8,341),(3677,8,342),(3678,8,343),(3679,8,344),(3680,8,345),(3681,8,346),(3682,8,347),(3683,8,348),(3684,8,349),(3685,8,350),(3686,8,351),(3687,8,352),(3688,8,353),(3689,8,354),(3690,8,355),(3691,8,356),(3692,8,357),(3693,8,358),(3694,8,359),(3695,8,360),(3696,8,361),(3697,8,362),(3698,8,363),(3699,8,364),(3700,8,365),(3701,8,366),(3702,8,367),(3703,8,368),(3704,8,369),(3705,8,370),(3706,8,371),(3707,8,372),(3708,8,373),(3709,8,374),(3710,8,375),(3711,8,376),(3712,8,377),(3713,8,378),(3714,8,379),(3715,8,380),(3716,8,381),(3717,8,382),(3718,8,383),(3719,8,384),(3720,8,385),(3721,8,386),(3722,8,387),(3723,8,388),(3724,8,389),(3725,8,390),(3726,8,391),(3727,8,392),(3728,8,393),(3729,8,394),(3730,8,395),(3731,8,396),(3732,8,397),(3733,8,398),(3734,8,399),(3735,8,400),(3736,8,401),(3737,8,402),(3738,8,403),(3739,8,404),(3740,8,405),(3741,8,406),(3742,8,407),(3743,8,408),(3744,8,409),(3745,8,410),(3746,8,411),(3747,8,412),(3748,8,413),(3749,8,414),(3750,8,415),(3751,8,416),(3752,8,417),(3753,8,418),(3754,8,419),(3755,8,420),(3756,8,421),(3757,8,422),(3758,8,423),(3759,8,424),(3760,8,425),(3761,8,426),(3762,8,427),(3763,8,428),(3764,8,429),(3765,8,430),(3766,8,431),(3767,8,432),(3768,8,433),(3769,8,434),(3770,8,435),(3771,8,436),(3772,8,437),(3773,8,438),(3774,8,439),(3775,8,440),(3776,8,441),(3777,8,442),(3778,8,443),(3779,8,444),(3780,8,445),(3781,8,446),(3782,8,447),(3783,8,448),(3784,8,449),(3785,8,450),(3786,8,451),(3787,8,452),(3788,8,453),(3789,8,454),(3790,8,455),(3791,8,456),(3792,8,457),(3793,8,458),(3794,8,459),(3795,8,460),(3796,8,461),(3797,8,462),(3798,8,463),(3799,8,464),(3800,8,465),(3801,8,466),(3802,8,467),(3803,8,468),(3804,8,469),(3805,8,470),(3806,8,471),(3807,8,472),(3808,8,473),(3809,8,474),(3810,8,475),(3811,8,476),(3812,8,477),(3813,8,478),(3814,8,479),(3815,8,480),(3816,8,481),(3817,8,482),(3818,8,483),(3819,8,484),(3820,8,485),(3821,8,486),(3822,8,487),(3823,8,488),(3824,8,489),(3825,8,490),(3826,8,491),(3827,8,492),(3828,8,493),(3829,8,494),(3830,8,495),(3831,8,496),(3832,8,497),(3833,8,498),(3834,8,499),(3835,8,500),(3836,8,501),(3837,8,502),(3838,8,503),(3839,8,504),(3840,8,505),(3841,8,506),(3842,8,507),(3843,8,508),(3844,8,509),(3845,8,510),(3846,8,511),(3847,8,512),(3848,8,513),(3849,8,514),(3850,8,515),(3851,8,516),(3852,8,517),(3853,8,518),(3854,8,519),(3855,8,520),(3856,8,521),(3857,8,522),(3858,8,523),(3859,8,524),(3860,8,525),(3861,8,526),(3862,8,527),(3863,8,528),(3864,8,529),(3865,8,530),(3866,8,531),(3867,8,532),(3868,8,533),(3869,8,534),(3870,8,535),(3871,8,536),(3872,8,537),(3873,8,538),(3874,8,539),(3875,8,540),(3876,8,541),(3877,8,542),(3878,8,543),(3879,8,544),(3880,8,545),(3881,8,546),(3882,8,547),(3883,8,548),(3884,8,549),(3885,8,550),(3886,8,551),(3887,8,552),(3888,8,553),(3889,8,554),(3890,8,555),(3891,8,556),(3892,8,557),(3893,8,558),(3894,8,559),(3895,8,560),(3896,8,561),(3897,8,562),(3898,8,563),(3899,8,564),(3900,8,565),(3901,8,566),(3902,8,567),(3903,8,568),(3904,8,569),(3905,8,570),(3906,8,571),(3907,8,572),(3908,8,573),(3909,8,574),(3910,8,575),(3911,8,576),(3912,8,577),(3913,8,578),(3914,8,579),(3915,8,580),(3916,8,581),(3917,8,582),(3918,8,583),(3919,8,584),(3920,8,585),(3921,8,586),(3922,8,587),(3923,8,588),(3924,8,589),(3925,8,590),(3926,8,591),(3927,8,592),(3928,8,593),(3929,8,594),(3930,8,595),(3931,8,596),(3932,8,597),(3933,8,598),(3934,8,599),(3935,8,600),(3936,8,601),(3937,8,602),(3938,8,603),(3939,8,604),(3940,8,605),(3941,8,606),(3942,8,607),(3943,8,608),(3944,8,609),(3945,8,610),(3946,8,611),(3947,8,612),(3948,8,613),(3949,8,614),(3950,8,615),(3951,8,616),(3952,8,617),(3953,8,618),(3954,8,619),(3955,8,620),(3956,8,621),(3957,8,622),(3958,8,623),(3959,8,624),(3960,8,625),(3961,8,626),(3962,8,627),(3963,8,628),(3964,8,629),(3965,8,630),(3966,8,631),(3967,8,632),(3968,8,633),(3969,8,634),(3970,8,635),(3971,8,636),(3972,8,637),(3973,8,638),(3974,8,639),(3975,8,640),(3976,8,641),(3977,8,642),(3978,8,643),(3979,8,644),(3980,8,645),(3981,8,646),(3982,8,647),(3983,8,648),(3984,8,649),(3985,8,650),(3986,8,651),(3987,8,652),(3988,8,653),(3989,8,654),(3990,8,655),(3991,8,656),(3992,8,657),(3993,8,658),(3994,8,659),(3995,8,660),(3996,8,661),(3997,8,662),(3998,8,663),(3999,8,664),(4000,8,665),(4001,8,666),(4002,8,667);
/*!40000 ALTER TABLE `footballtracker_admincaneditplayer` ENABLE KEYS */;
UNLOCK TABLES;

--
-- Table structure for table `footballtracker_admincaneditplayermatchdata`
--

DROP TABLE IF EXISTS `footballtracker_admincaneditplayermatchdata`;
/*!40101 SET @saved_cs_client     = @@character_set_client */;
/*!50503 SET character_set_client = utf8mb4 */;
CREATE TABLE `footballtracker_admincaneditplayermatchdata` (
  `id` bigint NOT NULL AUTO_INCREMENT,
  `user_id` int NOT NULL,
  `player_match_data_id` bigint NOT NULL,
  PRIMARY KEY (`id`),
  UNIQUE KEY `unique_admin_edit_player_match_data` (`user_id`,`player_match_data_id`),
  KEY `footballtracker_admi_player_match_data_id_02ad6f2d_fk_footballt` (`player_match_data_id`),
  CONSTRAINT `footballtracker_admi_player_match_data_id_02ad6f2d_fk_footballt` FOREIGN KEY (`player_match_data_id`) REFERENCES `footballtracker_playermatchdata` (`id`),
  CONSTRAINT `footballtracker_admi_user_id_18e3e721_fk_auth_user` FOREIGN KEY (`user_id`) REFERENCES `auth_user` (`id`)
) ENGINE=InnoDB AUTO_INCREMENT=133 DEFAULT CHARSET=utf8mb4 COLLATE=utf8mb4_0900_ai_ci;
/*!40101 SET character_set_client = @saved_cs_client */;

--
-- Dumping data for table `footballtracker_admincaneditplayermatchdata`
--

LOCK TABLES `footballtracker_admincaneditplayermatchdata` WRITE;
/*!40000 ALTER TABLE `footballtracker_admincaneditplayermatchdata` DISABLE KEYS */;
INSERT INTO `footballtracker_admincaneditplayermatchdata` VALUES (1,1,1),(2,1,2),(3,1,3),(4,1,4),(5,1,5),(6,1,6),(7,1,7),(8,1,8),(9,1,9),(10,1,10),(11,1,11),(12,1,12),(13,1,13),(14,1,14),(15,1,15),(16,1,16),(17,1,17),(18,1,18),(19,1,19),(20,1,20),(21,1,21),(22,1,22),(23,2,1),(24,2,2),(25,2,3),(26,2,4),(27,2,5),(28,2,6),(29,2,7),(30,2,8),(31,2,9),(32,2,10),(33,2,11),(34,2,12),(35,2,13),(36,2,14),(37,2,15),(38,2,16),(39,2,17),(40,2,18),(41,2,19),(42,2,20),(43,2,21),(44,2,22),(45,3,1),(46,3,2),(47,3,3),(48,3,4),(49,3,5),(50,3,6),(51,3,7),(52,3,8),(53,3,9),(54,3,10),(55,3,11),(56,3,12),(57,3,13),(58,3,14),(59,3,15),(60,3,16),(61,3,17),(62,3,18),(63,3,19),(64,3,20),(65,3,21),(66,3,22),(67,4,1),(68,4,2),(69,4,3),(70,4,4),(71,4,5),(72,4,6),(73,4,7),(74,4,8),(75,4,9),(76,4,10),(77,4,11),(78,4,12),(79,4,13),(80,4,14),(81,4,15),(82,4,16),(83,4,17),(84,4,18),(85,4,19),(86,4,20),(87,4,21),(88,4,22),(89,5,1),(90,5,2),(91,5,3),(92,5,4),(93,5,5),(94,5,6),(95,5,7),(96,5,8),(97,5,9),(98,5,10),(99,5,11),(100,5,12),(101,5,13),(102,5,14),(103,5,15),(104,5,16),(105,5,17),(106,5,18),(107,5,19),(108,5,20),(109,5,21),(110,5,22),(111,8,1),(112,8,2),(113,8,3),(114,8,4),(115,8,5),(116,8,6),(117,8,7),(118,8,8),(119,8,9),(120,8,10),(121,8,11),(122,8,12),(123,8,13),(124,8,14),(125,8,15),(126,8,16),(127,8,17),(128,8,18),(129,8,19),(130,8,20),(131,8,21),(132,8,22);
/*!40000 ALTER TABLE `footballtracker_admincaneditplayermatchdata` ENABLE KEYS */;
UNLOCK TABLES;

--
-- Table structure for table `footballtracker_admincaneditteam`
--

DROP TABLE IF EXISTS `footballtracker_admincaneditteam`;
/*!40101 SET @saved_cs_client     = @@character_set_client */;
/*!50503 SET character_set_client = utf8mb4 */;
CREATE TABLE `footballtracker_admincaneditteam` (
  `id` bigint NOT NULL AUTO_INCREMENT,
  `user_id` int NOT NULL,
  `team_id` varchar(100) NOT NULL,
  PRIMARY KEY (`id`),
  UNIQUE KEY `unique_admin_edit_team` (`user_id`,`team_id`),
  KEY `footballtracker_admi_team_id_513153db_fk_footballt` (`team_id`),
  CONSTRAINT `footballtracker_admi_team_id_513153db_fk_footballt` FOREIGN KEY (`team_id`) REFERENCES `footballtracker_team` (`name`),
  CONSTRAINT `footballtracker_admi_user_id_6da8737a_fk_auth_user` FOREIGN KEY (`user_id`) REFERENCES `auth_user` (`id`)
) ENGINE=InnoDB AUTO_INCREMENT=128 DEFAULT CHARSET=utf8mb4 COLLATE=utf8mb4_0900_ai_ci;
/*!40101 SET character_set_client = @saved_cs_client */;

--
-- Dumping data for table `footballtracker_admincaneditteam`
--

LOCK TABLES `footballtracker_admincaneditteam` WRITE;
/*!40000 ALTER TABLE `footballtracker_admincaneditteam` DISABLE KEYS */;
INSERT INTO `footballtracker_admincaneditteam` VALUES (1,1,'Athletic Club'),(2,1,'Atltico Madrid'),(3,1,'Barcelona'),(4,1,'CA Osasuna'),(5,1,'CD Legans'),(6,1,'Celta Vigo'),(7,1,'Deportivo Alavs'),(8,1,'Getafe CF'),(9,1,'Girona FC'),(10,1,'Rayo Vallecano'),(11,1,'RC Deportivo'),(12,1,'RCD Espanyol'),(13,1,'RCD Mallorca'),(14,1,'Real Betis'),(15,1,'Real Madrid'),(16,1,'Real Sociedad'),(17,1,'Real Valladolid'),(18,1,'Sevilla'),(20,1,'Valencia CF'),(21,1,'Villarreal CF'),(22,2,'Athletic Club'),(23,2,'Atltico Madrid'),(24,2,'Barcelona'),(25,2,'CA Osasuna'),(26,2,'CD Legans'),(27,2,'Celta Vigo'),(28,2,'Deportivo Alavs'),(29,2,'Getafe CF'),(30,2,'Girona FC'),(31,2,'Rayo Vallecano'),(32,2,'RC Deportivo'),(33,2,'RCD Espanyol'),(34,2,'RCD Mallorca'),(35,2,'Real Betis'),(36,2,'Real Madrid'),(37,2,'Real Sociedad'),(38,2,'Real Valladolid'),(39,2,'Sevilla'),(41,2,'Valencia CF'),(42,2,'Villarreal CF'),(43,3,'Athletic Club'),(44,3,'Atltico Madrid'),(45,3,'Barcelona'),(46,3,'CA Osasuna'),(127,3,'Canada'),(47,3,'CD Legans'),(48,3,'Celta Vigo'),(49,3,'Deportivo Alavs'),(50,3,'Getafe CF'),(51,3,'Girona FC'),(52,3,'Rayo Vallecano'),(53,3,'RC Deportivo'),(54,3,'RCD Espanyol'),(55,3,'RCD Mallorca'),(56,3,'Real Betis'),(57,3,'Real Madrid'),(58,3,'Real Sociedad'),(59,3,'Real Valladolid'),(60,3,'Sevilla'),(62,3,'Valencia CF'),(63,3,'Villarreal CF'),(64,4,'Athletic Club'),(65,4,'Atltico Madrid'),(66,4,'Barcelona'),(67,4,'CA Osasuna'),(68,4,'CD Legans'),(69,4,'Celta Vigo'),(70,4,'Deportivo Alavs'),(71,4,'Getafe CF'),(72,4,'Girona FC'),(73,4,'Rayo Vallecano'),(74,4,'RC Deportivo'),(75,4,'RCD Espanyol'),(76,4,'RCD Mallorca'),(77,4,'Real Betis'),(78,4,'Real Madrid'),(79,4,'Real Sociedad'),(80,4,'Real Valladolid'),(81,4,'Sevilla'),(83,4,'Valencia CF'),(84,4,'Villarreal CF'),(85,5,'Athletic Club'),(86,5,'Atltico Madrid'),(87,5,'Barcelona'),(88,5,'CA Osasuna'),(89,5,'CD Legans'),(90,5,'Celta Vigo'),(91,5,'Deportivo Alavs'),(92,5,'Getafe CF'),(93,5,'Girona FC'),(94,5,'Rayo Vallecano'),(95,5,'RC Deportivo'),(96,5,'RCD Espanyol'),(97,5,'RCD Mallorca'),(98,5,'Real Betis'),(99,5,'Real Madrid'),(100,5,'Real Sociedad'),(101,5,'Real Valladolid'),(102,5,'Sevilla'),(104,5,'Valencia CF'),(105,5,'Villarreal CF'),(107,8,'Athletic Club'),(108,8,'Atltico Madrid'),(109,8,'Barcelona'),(110,8,'CA Osasuna'),(111,8,'CD Legans'),(112,8,'Celta Vigo'),(113,8,'Deportivo Alavs'),(114,8,'Getafe CF'),(115,8,'Girona FC'),(116,8,'Rayo Vallecano'),(117,8,'RC Deportivo'),(118,8,'RCD Espanyol'),(119,8,'RCD Mallorca'),(120,8,'Real Betis'),(121,8,'Real Madrid'),(122,8,'Real Sociedad'),(123,8,'Real Valladolid'),(124,8,'Sevilla'),(125,8,'Valencia CF'),(126,8,'Villarreal CF');
/*!40000 ALTER TABLE `footballtracker_admincaneditteam` ENABLE KEYS */;
UNLOCK TABLES;

--
-- Table structure for table `footballtracker_admincaneditteammatchdata`
--

DROP TABLE IF EXISTS `footballtracker_admincaneditteammatchdata`;
/*!40101 SET @saved_cs_client     = @@character_set_client */;
/*!50503 SET character_set_client = utf8mb4 */;
CREATE TABLE `footballtracker_admincaneditteammatchdata` (
  `id` bigint NOT NULL AUTO_INCREMENT,
  `user_id` int NOT NULL,
  `team_match_data_id` bigint NOT NULL,
  PRIMARY KEY (`id`),
  UNIQUE KEY `unique_admin_edit_team_match_data` (`user_id`,`team_match_data_id`),
  KEY `footballtracker_admi_team_match_data_id_1d7b953b_fk_footballt` (`team_match_data_id`),
  CONSTRAINT `footballtracker_admi_team_match_data_id_1d7b953b_fk_footballt` FOREIGN KEY (`team_match_data_id`) REFERENCES `footballtracker_teammatchdata` (`id`),
  CONSTRAINT `footballtracker_admi_user_id_594068f0_fk_auth_user` FOREIGN KEY (`user_id`) REFERENCES `auth_user` (`id`)
) ENGINE=InnoDB AUTO_INCREMENT=13 DEFAULT CHARSET=utf8mb4 COLLATE=utf8mb4_0900_ai_ci;
/*!40101 SET character_set_client = @saved_cs_client */;

--
-- Dumping data for table `footballtracker_admincaneditteammatchdata`
--

LOCK TABLES `footballtracker_admincaneditteammatchdata` WRITE;
/*!40000 ALTER TABLE `footballtracker_admincaneditteammatchdata` DISABLE KEYS */;
INSERT INTO `footballtracker_admincaneditteammatchdata` VALUES (1,1,1),(2,1,2),(3,2,1),(4,2,2),(5,3,1),(6,3,2),(7,4,1),(8,4,2),(9,5,1),(10,5,2),(11,8,1),(12,8,2);
/*!40000 ALTER TABLE `footballtracker_admincaneditteammatchdata` ENABLE KEYS */;
UNLOCK TABLES;

--
-- Table structure for table `footballtracker_goalkeeper`
--

DROP TABLE IF EXISTS `footballtracker_goalkeeper`;
/*!40101 SET @saved_cs_client     = @@character_set_client */;
/*!50503 SET character_set_client = utf8mb4 */;
CREATE TABLE `footballtracker_goalkeeper` (
  `player_id` int NOT NULL,
  `goals_conceded` int NOT NULL,
  `goals_saved` int NOT NULL,
  `clean_sheets` int NOT NULL,
  `penalties_saved` int NOT NULL,
  PRIMARY KEY (`player_id`),
  CONSTRAINT `footballtracker_goal_player_id_d9f4042d_fk_footballt` FOREIGN KEY (`player_id`) REFERENCES `footballtracker_player` (`player_id`)
) ENGINE=InnoDB DEFAULT CHARSET=utf8mb4 COLLATE=utf8mb4_0900_ai_ci;
/*!40101 SET character_set_client = @saved_cs_client */;

--
-- Dumping data for table `footballtracker_goalkeeper`
--

LOCK TABLES `footballtracker_goalkeeper` WRITE;
/*!40000 ALTER TABLE `footballtracker_goalkeeper` DISABLE KEYS */;
INSERT INTO `footballtracker_goalkeeper` VALUES (1,47,95,4,25),(2,63,44,18,13),(3,48,73,17,12),(6,37,55,2,23),(8,80,77,25,2),(10,98,7,7,1),(11,63,37,2,16),(12,62,21,20,4),(13,44,84,6,13),(14,83,89,9,23),(17,53,44,11,3),(19,42,11,2,2),(21,94,37,22,8),(24,85,58,20,10),(29,24,98,5,17),(30,30,53,21,21),(34,93,32,13,8),(38,97,22,6,9),(42,45,31,10,12),(43,81,28,13,8),(46,27,70,24,4),(47,11,56,11,16),(52,65,78,22,10),(53,92,39,25,7),(54,27,26,15,3),(55,88,73,8,6),(57,93,82,8,9),(60,77,17,12,6),(65,96,97,8,10),(68,79,50,24,1),(69,25,23,9,14),(70,61,15,9,15),(71,15,47,22,10),(73,97,49,2,12),(77,87,71,25,22),(78,51,50,24,9),(81,57,67,11,18),(86,91,94,6,9),(88,51,40,1,19),(89,49,14,16,21),(91,8,16,20,18),(92,1,42,1,15),(94,28,88,21,19),(97,84,92,10,16),(102,72,13,23,2),(105,53,28,20,22),(107,80,92,1,4),(111,60,12,13,24),(113,96,41,1,21),(115,41,98,15,9),(116,96,81,18,5),(117,28,3,11,17),(118,28,74,2,9),(120,89,1,16,9),(121,77,37,22,23),(126,62,82,10,24),(128,10,8,19,18),(133,74,58,10,19),(135,27,86,9,12),(136,52,69,5,18),(137,47,53,15,12),(138,20,29,7,10),(139,55,13,25,22),(140,93,28,23,10),(142,78,27,23,2),(144,14,48,22,12),(150,90,96,24,14),(151,82,5,23,5),(152,11,48,16,11),(155,59,7,3,15),(158,91,46,9,23),(159,73,93,12,13),(161,55,16,14,12),(163,23,53,24,19),(164,40,13,5,5),(165,97,29,3,8),(168,22,89,8,20),(173,97,98,10,15),(174,81,88,6,25),(175,53,80,19,2),(177,81,53,3,16),(178,80,67,2,6),(179,35,27,13,9),(180,71,71,23,17),(181,47,66,2,5),(183,22,23,9,12),(184,15,41,7,9),(186,49,82,22,23),(188,80,78,9,3),(191,94,93,19,14),(194,82,28,4,10),(195,19,65,21,18),(197,15,49,5,13),(198,85,70,19,13),(200,67,85,15,14),(202,47,28,22,18),(205,32,89,15,19),(207,77,45,19,11),(208,85,45,19,16),(210,29,13,5,13),(211,48,51,25,10),(212,45,53,17,2),(213,77,23,24,21),(214,2,78,25,25),(222,97,77,16,19),(225,98,38,20,24),(227,24,32,10,6),(228,20,25,3,4),(229,3,42,12,7),(230,70,1,23,20),(232,51,88,7,18),(235,81,88,10,18),(240,78,55,24,21),(242,5,5,24,17),(243,90,59,14,15),(245,94,63,10,18),(247,98,55,19,20),(251,88,76,23,5),(252,4,47,19,12),(253,13,71,2,11),(257,75,49,3,22),(259,95,18,3,10),(263,10,57,14,16),(265,57,96,18,12),(272,44,86,8,21),(273,40,25,22,12),(275,70,81,9,4),(276,6,59,18,17),(278,34,88,12,10),(279,55,80,3,12),(280,28,100,24,15),(283,82,98,10,25),(284,17,89,2,22),(286,14,6,25,17),(290,68,31,1,7),(292,79,99,18,4),(296,30,34,14,25),(300,69,9,12,14),(301,86,70,1,2),(302,27,50,11,8),(303,21,35,7,8),(304,40,71,11,25),(305,57,24,23,21),(306,2,53,25,17),(307,39,12,6,14),(310,27,10,6,15),(313,94,67,7,11),(314,20,79,1,17),(316,83,26,12,16),(317,1,20,1,22),(318,92,61,4,4),(319,14,12,20,23),(322,12,44,20,11),(326,54,69,23,11),(327,9,3,11,18),(330,78,13,6,10),(338,41,67,11,17),(344,32,79,16,19),(345,45,55,25,18),(347,8,2,22,15),(348,94,19,17,12),(353,87,89,7,7),(354,97,46,23,2),(356,88,36,20,10),(357,81,95,25,23),(359,41,38,24,6),(361,43,23,19,18),(365,90,38,18,25),(367,100,89,10,19),(368,92,11,5,13),(369,4,4,7,22),(373,36,70,18,7),(374,95,86,4,23),(376,95,100,13,2),(377,85,50,22,11),(380,72,94,5,9),(382,39,79,1,25),(385,12,10,13,24),(386,13,90,23,15),(387,21,78,12,25),(388,89,94,10,10),(389,15,71,19,7),(390,74,78,4,6),(393,99,68,21,10),(398,59,33,17,9),(402,47,2,9,1),(403,19,75,10,21),(406,75,82,19,20),(407,91,37,8,12),(409,88,65,25,25),(412,75,63,7,7),(414,36,93,22,16),(415,93,100,2,17),(420,3,82,19,9),(421,97,96,14,9),(422,30,24,14,21),(427,22,41,10,14),(428,90,45,12,8),(431,33,41,17,13),(433,11,6,6,3),(435,36,58,22,11),(436,97,59,13,20),(439,93,18,16,23),(440,35,4,13,10),(444,85,77,25,10),(447,89,4,2,8),(452,48,80,21,13),(459,38,21,9,22),(461,4,73,20,17),(464,40,88,3,10),(466,83,45,4,22),(467,98,21,11,8),(471,49,69,4,7),(472,57,97,13,12),(476,39,86,12,10),(477,14,64,25,18),(478,52,29,13,5),(486,57,4,5,20),(489,28,46,25,24),(491,24,96,6,17),(492,82,41,17,7),(493,77,87,9,19),(494,16,59,11,16),(498,21,21,16,8),(500,68,2,13,16),(501,39,77,6,7),(504,95,3,7,17),(507,67,68,9,17),(508,73,84,4,18),(511,78,86,21,14),(513,49,39,22,14),(514,92,35,24,9),(517,87,56,11,18),(518,74,67,16,22),(522,33,1,22,16),(523,41,47,12,5),(528,21,100,6,11),(529,63,8,13,5),(530,52,91,19,17),(532,81,61,9,4),(537,98,13,20,2),(542,58,38,6,1),(544,43,71,22,23),(545,10,74,5,22),(546,41,71,18,1),(549,87,6,13,7),(550,90,99,14,2),(555,6,97,1,12),(556,78,23,16,25),(558,88,100,6,13),(560,4,65,24,2),(562,71,12,11,17),(563,36,98,2,25),(570,65,10,10,1),(573,49,70,2,21),(575,98,94,13,10),(576,99,20,22,6),(577,41,2,6,20),(581,11,51,19,16),(582,2,51,18,11),(583,47,46,2,23),(585,79,100,1,10),(588,53,82,14,21),(590,87,78,2,8),(591,93,86,2,2),(592,26,1,7,15),(593,14,40,19,10),(595,84,4,18,13),(596,79,20,5,21),(597,46,51,19,14),(599,92,8,3,5),(600,41,70,22,8),(601,23,80,16,3),(603,65,23,11,18),(605,45,49,12,4),(607,83,95,12,1),(609,72,69,20,6),(610,31,59,12,18),(611,31,56,22,11),(615,13,66,4,8),(616,76,72,19,4),(617,94,92,19,25),(621,64,20,22,3),(623,39,71,19,9),(625,89,1,12,23),(626,88,78,17,7),(628,25,13,23,16),(634,54,55,13,7),(638,50,43,25,20),(644,86,21,1,15),(645,20,34,13,18),(649,37,79,20,10),(651,23,63,25,18),(652,38,45,1,7),(653,24,41,1,11),(654,85,2,25,22),(655,71,43,23,21),(656,92,69,1,6),(657,100,34,8,8),(658,70,16,6,12),(659,77,99,6,14),(660,94,88,18,16),(662,19,23,1,2),(663,25,25,4,18),(666,69,59,15,14);
/*!40000 ALTER TABLE `footballtracker_goalkeeper` ENABLE KEYS */;
UNLOCK TABLES;

--
-- Table structure for table `footballtracker_league`
--

DROP TABLE IF EXISTS `footballtracker_league`;
/*!40101 SET @saved_cs_client     = @@character_set_client */;
/*!50503 SET character_set_client = utf8mb4 */;
CREATE TABLE `footballtracker_league` (
  `name` varchar(100) NOT NULL,
  PRIMARY KEY (`name`)
) ENGINE=InnoDB DEFAULT CHARSET=utf8mb4 COLLATE=utf8mb4_0900_ai_ci;
/*!40101 SET character_set_client = @saved_cs_client */;

--
-- Dumping data for table `footballtracker_league`
--

LOCK TABLES `footballtracker_league` WRITE;
/*!40000 ALTER TABLE `footballtracker_league` DISABLE KEYS */;
INSERT INTO `footballtracker_league` VALUES ('FIFA'),('La Liga'),('World Cup');
/*!40000 ALTER TABLE `footballtracker_league` ENABLE KEYS */;
UNLOCK TABLES;

--
-- Table structure for table `footballtracker_managernationality`
--

DROP TABLE IF EXISTS `footballtracker_managernationality`;
/*!40101 SET @saved_cs_client     = @@character_set_client */;
/*!50503 SET character_set_client = utf8mb4 */;
CREATE TABLE `footballtracker_managernationality` (
  `id` bigint NOT NULL AUTO_INCREMENT,
  `nationality` varchar(2) NOT NULL,
  `team_id` varchar(100) NOT NULL,
  PRIMARY KEY (`id`),
  UNIQUE KEY `unique_team_manager_nationality` (`team_id`,`nationality`),
  CONSTRAINT `footballtracker_mana_team_id_cc378f6d_fk_footballt` FOREIGN KEY (`team_id`) REFERENCES `footballtracker_team` (`name`)
) ENGINE=InnoDB DEFAULT CHARSET=utf8mb4 COLLATE=utf8mb4_0900_ai_ci;
/*!40101 SET character_set_client = @saved_cs_client */;

--
-- Dumping data for table `footballtracker_managernationality`
--

LOCK TABLES `footballtracker_managernationality` WRITE;
/*!40000 ALTER TABLE `footballtracker_managernationality` DISABLE KEYS */;
/*!40000 ALTER TABLE `footballtracker_managernationality` ENABLE KEYS */;
UNLOCK TABLES;

--
-- Table structure for table `footballtracker_match`
--

DROP TABLE IF EXISTS `footballtracker_match`;
/*!40101 SET @saved_cs_client     = @@character_set_client */;
/*!50503 SET character_set_client = utf8mb4 */;
CREATE TABLE `footballtracker_match` (
  `match_id` int NOT NULL AUTO_INCREMENT,
  `date` date NOT NULL,
  `location` varchar(100) NOT NULL,
  `start_time` time(6) NOT NULL,
  `referee_name` varchar(100) NOT NULL,
  `end_time` time(6) NOT NULL,
  PRIMARY KEY (`match_id`)
) ENGINE=InnoDB AUTO_INCREMENT=2 DEFAULT CHARSET=utf8mb4 COLLATE=utf8mb4_0900_ai_ci;
/*!40101 SET character_set_client = @saved_cs_client */;

--
-- Dumping data for table `footballtracker_match`
--

LOCK TABLES `footballtracker_match` WRITE;
/*!40000 ALTER TABLE `footballtracker_match` DISABLE KEYS */;
INSERT INTO `footballtracker_match` VALUES (1,'2025-04-23','Wembley Stadium','15:00:00.000000','John Doe','17:00:00.000000');
/*!40000 ALTER TABLE `footballtracker_match` ENABLE KEYS */;
UNLOCK TABLES;

--
-- Table structure for table `footballtracker_matchheldinleague`
--

DROP TABLE IF EXISTS `footballtracker_matchheldinleague`;
/*!40101 SET @saved_cs_client     = @@character_set_client */;
/*!50503 SET character_set_client = utf8mb4 */;
CREATE TABLE `footballtracker_matchheldinleague` (
  `id` bigint NOT NULL AUTO_INCREMENT,
  `league_id` varchar(100) NOT NULL,
  `match_id` int NOT NULL,
  PRIMARY KEY (`id`),
  UNIQUE KEY `unique_match_held_in_league_match_league` (`match_id`,`league_id`),
  KEY `footballtracker_matc_league_id_fbdcfe27_fk_footballt` (`league_id`),
  CONSTRAINT `footballtracker_matc_league_id_fbdcfe27_fk_footballt` FOREIGN KEY (`league_id`) REFERENCES `footballtracker_league` (`name`),
  CONSTRAINT `footballtracker_matc_match_id_ecd6f41f_fk_footballt` FOREIGN KEY (`match_id`) REFERENCES `footballtracker_match` (`match_id`)
) ENGINE=InnoDB AUTO_INCREMENT=2 DEFAULT CHARSET=utf8mb4 COLLATE=utf8mb4_0900_ai_ci;
/*!40101 SET character_set_client = @saved_cs_client */;

--
-- Dumping data for table `footballtracker_matchheldinleague`
--

LOCK TABLES `footballtracker_matchheldinleague` WRITE;
/*!40000 ALTER TABLE `footballtracker_matchheldinleague` DISABLE KEYS */;
/*!40000 ALTER TABLE `footballtracker_matchheldinleague` ENABLE KEYS */;
UNLOCK TABLES;

--
-- Table structure for table `footballtracker_matchrefereenationality`
--

DROP TABLE IF EXISTS `footballtracker_matchrefereenationality`;
/*!40101 SET @saved_cs_client     = @@character_set_client */;
/*!50503 SET character_set_client = utf8mb4 */;
CREATE TABLE `footballtracker_matchrefereenationality` (
  `id` bigint NOT NULL AUTO_INCREMENT,
  `nationality` varchar(2) NOT NULL,
  `match_id` int NOT NULL,
  PRIMARY KEY (`id`),
  UNIQUE KEY `unique_match_referee_nationality` (`match_id`,`nationality`),
  CONSTRAINT `footballtracker_matc_match_id_25d99ffa_fk_footballt` FOREIGN KEY (`match_id`) REFERENCES `footballtracker_match` (`match_id`)
) ENGINE=InnoDB AUTO_INCREMENT=2 DEFAULT CHARSET=utf8mb4 COLLATE=utf8mb4_0900_ai_ci;
/*!40101 SET character_set_client = @saved_cs_client */;

--
-- Dumping data for table `footballtracker_matchrefereenationality`
--

LOCK TABLES `footballtracker_matchrefereenationality` WRITE;
/*!40000 ALTER TABLE `footballtracker_matchrefereenationality` DISABLE KEYS */;
INSERT INTO `footballtracker_matchrefereenationality` VALUES (1,'ES',1);
/*!40000 ALTER TABLE `footballtracker_matchrefereenationality` ENABLE KEYS */;
UNLOCK TABLES;

--
-- Table structure for table `footballtracker_outfieldplayer`
--

DROP TABLE IF EXISTS `footballtracker_outfieldplayer`;
/*!40101 SET @saved_cs_client     = @@character_set_client */;
/*!50503 SET character_set_client = utf8mb4 */;
CREATE TABLE `footballtracker_outfieldplayer` (
  `player_id` int NOT NULL,
  `goals` int NOT NULL,
  `assists` int NOT NULL,
  `penalties_scored` int NOT NULL,
  PRIMARY KEY (`player_id`),
  CONSTRAINT `footballtracker_outf_player_id_4f6cbfb1_fk_footballt` FOREIGN KEY (`player_id`) REFERENCES `footballtracker_player` (`player_id`)
) ENGINE=InnoDB DEFAULT CHARSET=utf8mb4 COLLATE=utf8mb4_0900_ai_ci;
/*!40101 SET character_set_client = @saved_cs_client */;

--
-- Dumping data for table `footballtracker_outfieldplayer`
--

LOCK TABLES `footballtracker_outfieldplayer` WRITE;
/*!40000 ALTER TABLE `footballtracker_outfieldplayer` DISABLE KEYS */;
INSERT INTO `footballtracker_outfieldplayer` VALUES (4,18,146,4),(5,93,32,31),(7,62,51,43),(9,80,215,35),(15,82,158,35),(16,77,54,18),(18,65,65,13),(20,97,117,32),(22,63,250,17),(23,95,68,32),(25,1,205,38),(26,24,164,22),(27,38,102,44),(28,74,20,23),(31,84,82,31),(32,71,133,18),(33,27,227,28),(35,91,156,1),(36,98,40,18),(37,88,52,16),(39,75,25,48),(40,83,168,16),(41,5,191,35),(44,13,172,9),(45,86,6,25),(48,1,47,27),(49,33,185,24),(50,70,169,41),(51,97,195,16),(56,19,231,32),(58,75,9,10),(59,100,12,32),(61,60,209,23),(62,52,76,11),(63,41,26,23),(64,10,81,3),(66,36,40,9),(67,16,225,33),(72,85,206,21),(74,1,124,7),(75,88,58,35),(76,72,70,49),(79,4,30,26),(80,74,15,5),(82,72,163,5),(83,90,155,16),(84,44,110,29),(85,33,248,33),(87,27,200,7),(90,44,4,49),(93,8,95,39),(95,50,121,34),(96,15,4,37),(98,98,43,10),(99,51,248,49),(100,57,248,15),(101,96,45,11),(103,81,5,31),(104,22,183,20),(106,71,126,15),(108,63,144,26),(109,51,30,7),(110,50,2,27),(112,50,140,22),(114,22,62,9),(119,10,161,24),(122,43,148,12),(123,71,54,24),(124,4,177,14),(125,40,182,49),(127,58,236,47),(129,86,236,15),(130,8,111,25),(131,44,52,25),(132,93,135,5),(134,83,122,49),(141,32,244,48),(143,83,96,19),(145,16,241,23),(146,8,123,47),(147,15,136,16),(148,3,120,13),(149,27,183,9),(153,4,241,47),(154,40,169,50),(156,7,12,6),(157,5,236,17),(160,47,42,29),(162,50,123,22),(166,12,63,10),(167,85,242,39),(169,71,154,8),(170,55,229,3),(171,54,128,2),(172,1,77,6),(176,18,89,18),(182,12,74,43),(185,73,7,41),(187,59,234,15),(189,66,45,28),(190,15,226,24),(192,46,122,25),(193,93,229,2),(196,2,210,38),(199,30,25,36),(201,99,10,27),(203,77,225,49),(204,21,131,49),(206,20,187,50),(209,98,239,50),(215,26,191,38),(216,96,114,15),(217,89,100,26),(218,60,230,5),(219,25,20,42),(220,77,79,36),(221,12,42,20),(223,9,68,15),(224,29,92,38),(226,92,216,19),(231,85,39,32),(233,21,52,11),(234,70,57,43),(236,58,205,31),(237,92,158,1),(238,70,119,25),(239,98,60,5),(241,17,137,49),(244,39,31,15),(246,32,25,41),(248,12,57,34),(249,37,216,20),(250,27,190,24),(254,46,123,43),(255,15,55,41),(256,74,9,22),(258,92,223,6),(260,27,243,38),(261,31,128,11),(262,49,164,24),(264,16,153,50),(266,70,183,39),(267,20,40,1),(268,60,179,41),(269,81,235,34),(270,42,121,3),(271,77,32,41),(274,67,64,16),(277,27,88,21),(281,49,187,33),(282,74,4,12),(285,72,11,25),(287,71,69,3),(288,53,217,34),(289,66,86,28),(291,5,40,14),(293,34,199,33),(294,11,73,16),(295,91,117,15),(297,72,6,21),(298,26,194,37),(299,19,68,12),(308,71,84,37),(309,50,75,20),(311,10,124,33),(312,81,70,9),(315,28,32,45),(320,76,225,39),(321,38,114,13),(323,72,38,16),(324,56,68,15),(325,83,124,17),(328,83,193,35),(329,81,106,16),(331,40,157,2),(332,16,111,44),(333,18,124,1),(334,61,203,28),(335,97,214,42),(336,76,207,39),(337,72,86,18),(339,1,133,15),(340,62,10,21),(341,91,100,2),(342,63,78,14),(343,22,106,9),(346,18,197,47),(349,97,186,44),(350,39,56,1),(351,4,195,21),(352,9,97,46),(355,33,136,31),(358,70,21,16),(360,47,137,30),(362,2,218,47),(363,72,159,9),(364,12,146,26),(366,48,120,35),(370,79,80,49),(371,69,24,44),(372,55,147,17),(375,54,71,9),(378,14,44,41),(379,98,169,15),(381,49,237,8),(383,92,69,32),(384,31,223,6),(391,86,134,26),(392,9,112,10),(394,27,166,12),(395,27,236,42),(396,67,11,18),(397,56,158,33),(399,76,62,19),(400,77,16,45),(401,55,189,21),(404,19,23,6),(405,78,88,21),(408,6,238,4),(410,56,169,20),(411,52,10,29),(413,58,240,29),(416,57,41,11),(417,45,144,23),(418,84,198,28),(419,57,53,39),(423,61,129,45),(424,48,148,10),(425,55,225,15),(426,12,45,22),(429,28,186,49),(430,49,205,23),(432,36,216,16),(434,66,239,26),(437,79,108,15),(438,40,80,47),(441,39,20,16),(442,65,193,23),(443,32,60,45),(445,43,49,21),(446,40,137,8),(448,4,211,6),(449,57,53,9),(450,23,36,39),(451,93,74,15),(453,18,9,32),(454,30,88,43),(455,26,107,14),(456,24,183,6),(457,13,245,26),(458,85,20,36),(460,98,132,23),(462,3,15,34),(463,64,22,36),(465,100,231,36),(468,74,22,32),(469,83,45,23),(470,46,11,7),(473,40,58,14),(474,38,6,40),(475,41,120,12),(479,74,49,23),(480,3,94,46),(481,1,6,14),(482,58,148,46),(483,77,197,21),(484,58,43,11),(485,39,82,7),(487,84,169,45),(488,1,112,13),(490,92,143,20),(495,83,43,46),(496,55,29,27),(497,3,132,4),(499,53,237,35),(502,89,199,20),(503,50,27,6),(505,46,184,44),(506,22,214,39),(509,68,133,13),(510,48,54,7),(512,9,24,37),(515,23,184,19),(516,75,81,8),(519,58,59,11),(520,51,142,10),(521,69,204,15),(524,16,69,1),(525,58,245,49),(526,57,241,42),(527,34,75,30),(531,79,212,45),(533,46,108,19),(534,69,119,26),(535,97,71,22),(536,50,6,14),(538,97,18,24),(539,47,168,18),(540,46,19,38),(541,35,119,24),(543,23,237,5),(547,95,187,30),(548,26,41,34),(551,28,81,32),(552,6,22,27),(553,1,181,49),(554,71,136,28),(557,74,142,32),(559,49,59,18),(561,18,243,11),(564,21,8,3),(565,50,146,34),(566,86,11,27),(567,32,41,5),(568,91,120,42),(569,83,51,50),(571,62,129,50),(572,67,234,24),(574,66,123,6),(578,84,42,47),(579,46,96,20),(580,81,97,35),(584,21,93,41),(586,100,180,49),(587,50,156,24),(589,86,101,29),(594,86,247,46),(598,16,191,50),(602,21,211,16),(604,56,37,50),(606,80,94,48),(608,39,21,1),(612,49,219,45),(613,22,204,12),(614,12,68,36),(618,9,65,27),(619,12,13,38),(620,16,242,22),(622,39,218,10),(624,70,183,5),(627,64,17,9),(629,41,68,36),(630,55,152,49),(631,96,131,2),(632,34,64,49),(633,11,106,18),(635,100,117,2),(636,50,104,27),(637,97,12,28),(639,56,187,28),(640,6,135,10),(641,77,110,31),(642,14,3,13),(643,23,193,3),(646,16,93,12),(647,49,104,28),(648,16,72,5),(650,94,49,46),(661,74,39,5),(664,8,91,24),(665,16,144,10),(667,36,4,26);
/*!40000 ALTER TABLE `footballtracker_outfieldplayer` ENABLE KEYS */;
UNLOCK TABLES;

--
-- Table structure for table `footballtracker_player`
--

DROP TABLE IF EXISTS `footballtracker_player`;
/*!40101 SET @saved_cs_client     = @@character_set_client */;
/*!50503 SET character_set_client = utf8mb4 */;
CREATE TABLE `footballtracker_player` (
  `player_id` int NOT NULL AUTO_INCREMENT,
  `name` varchar(100) NOT NULL,
  `dob` date NOT NULL,
  `minutes_played` int NOT NULL,
  `matches_played` int NOT NULL,
  `market_value` double NOT NULL,
  `preferred_foot` varchar(10) NOT NULL,
  `height` double NOT NULL,
  `yellow_cards` int NOT NULL,
  `red_cards` int NOT NULL,
  `owning_team_id` varchar(100) DEFAULT NULL,
  `playing_team_id` varchar(100) DEFAULT NULL,
  PRIMARY KEY (`player_id`),
  KEY `footballtracker_play_owning_team_id_23266b1f_fk_footballt` (`owning_team_id`),
  KEY `footballtracker_play_playing_team_id_2dfb6481_fk_footballt` (`playing_team_id`),
  CONSTRAINT `footballtracker_play_owning_team_id_23266b1f_fk_footballt` FOREIGN KEY (`owning_team_id`) REFERENCES `footballtracker_team` (`name`),
  CONSTRAINT `footballtracker_play_playing_team_id_2dfb6481_fk_footballt` FOREIGN KEY (`playing_team_id`) REFERENCES `footballtracker_team` (`name`)
) ENGINE=InnoDB AUTO_INCREMENT=668 DEFAULT CHARSET=utf8mb4 COLLATE=utf8mb4_0900_ai_ci;
/*!40101 SET character_set_client = @saved_cs_client */;

--
-- Dumping data for table `footballtracker_player`
--

LOCK TABLES `footballtracker_player` WRITE;
/*!40000 ALTER TABLE `footballtracker_player` DISABLE KEYS */;
INSERT INTO `footballtracker_player` VALUES (1,'scar de Marcos','1981-01-01',2981,20,50.02,'Left',1.99,6,5,'Athletic Club','Athletic Club'),(2,'Iigo Ruiz de Galarreta','1992-01-01',1528,35,59.76,'Right',1.94,14,2,'Athletic Club','Athletic Club'),(3,'Iigo Lekue','1988-01-01',1428,18,99.62,'Right',1.93,4,0,'Athletic Club','Athletic Club'),(4,'Iaki Williams','2002-01-01',1344,27,51.77,'Left',1.7,15,4,'Athletic Club','Athletic Club'),(5,'Mikel Vesga','1976-01-01',1229,24,51.07,'Right',1.9,10,5,'Athletic Club','Athletic Club'),(6,'lex Berenguer','2002-01-01',2096,35,97.07,'Left',1.87,1,2,'Athletic Club','Athletic Club'),(7,'Yeray lvarez','1971-01-01',1532,32,71.72,'Right',1.85,2,0,'Athletic Club','Athletic Club'),(8,'Unai Simn','1970-01-01',1435,37,71.14,'Left',1.72,15,1,'Athletic Club','Athletic Club'),(9,'Unai Nez','2005-01-01',1714,40,75.37,'Right',1.77,13,4,'Athletic Club','Athletic Club'),(10,'Gorka Guruzeta','1978-01-01',1377,20,56.9,'Left',1.99,6,4,'Athletic Club','Athletic Club'),(11,'Andoni Gorosabel','1983-01-01',2082,29,21.57,'Right',1.76,1,2,'Athletic Club','Athletic Club'),(12,'Oihan Sancet','1985-01-01',1268,18,73.92,'Right',1.8,12,2,'Athletic Club','Athletic Club'),(13,'Dani Vivian','1976-01-01',2785,23,37.82,'Right',1.99,0,4,'Athletic Club','Athletic Club'),(14,'Nico Williams','1977-01-01',2857,36,29.16,'Left',1.78,0,4,'Athletic Club','Athletic Club'),(15,'Julen Agirrezabala','1995-01-01',1200,14,90.66,'Right',1.7,3,4,'Athletic Club','Athletic Club'),(16,'Beat Prados','1984-01-01',1616,15,72.09,'Left',1.77,13,0,'Athletic Club','Athletic Club'),(17,'Aitor Paredes','2002-01-01',1432,17,63.19,'Right',1.78,2,4,'Athletic Club','Athletic Club'),(18,'lvaro Djal','1989-01-01',2724,38,92.68,'Right',1.94,7,5,'Athletic Club','Athletic Club'),(19,'Unai Gmez','1975-01-01',2577,10,52.34,'Left',1.98,4,4,'Athletic Club','Athletic Club'),(20,'Adama Boiro','1973-01-01',2305,17,88.14,'Left',1.82,4,5,'Athletic Club','Athletic Club'),(21,'Mikel Jauregizar','1975-01-01',1497,35,40.18,'Left',1.81,13,2,'Athletic Club','Athletic Club'),(22,'Maroan Sannadi','2002-01-01',1686,11,70.34,'Left',1.82,13,3,'Athletic Club','Athletic Club'),(23,'Unai Vencedor','1992-01-01',1259,31,97.61,'Right',1.88,12,0,'Athletic Club','Athletic Club'),(24,'Nico Serrano','1999-01-01',2539,37,18.83,'Left',1.9,12,0,'Athletic Club','Athletic Club'),(25,'Javier Martn','2000-01-01',1909,15,68.31,'Right',1.79,9,3,'Athletic Club','Athletic Club'),(26,'Adu Ares','1998-01-01',1459,16,82.7,'Left',1.77,4,1,'Athletic Club','Athletic Club'),(27,'Beat Gerenabarrena','2002-01-01',2323,10,19.59,'Left',1.95,5,2,'Athletic Club','Athletic Club'),(28,'Luis Bilbao','1970-01-01',2590,40,14.26,'Right',1.91,2,3,'Athletic Club','Athletic Club'),(29,'lex Padilla','1993-01-01',1318,35,56.01,'Left',1.95,3,0,'Athletic Club','Athletic Club'),(30,'Aimar Vicandi','1996-01-01',2451,28,15.21,'Right',1.74,11,0,'Athletic Club','Athletic Club'),(31,'Peio Huestamendia','1973-01-01',2880,12,76.43,'Right',1.95,11,1,'Athletic Club','Athletic Club'),(32,'Iker Pagazartundua','1981-01-01',1301,11,56.81,'Right',1.89,9,0,'Athletic Club','Athletic Club'),(33,'Johaneko Louis-Jean','1990-01-01',2310,13,50.27,'Left',1.85,9,3,'Athletic Club','Athletic Club'),(34,'Unai Egluz','1978-01-01',2530,38,10.78,'Right',1.9,11,4,'Athletic Club','Athletic Club'),(35,'Hugo Rincn','1975-01-01',2791,15,78.56,'Left',1.65,3,3,'Athletic Club','Athletic Club'),(36,'Alejandro Rego','1975-01-01',1031,26,50.53,'Left',1.71,9,3,'Athletic Club','Athletic Club'),(37,'Elijah Gift','1990-01-01',2889,31,66.22,'Right',1.86,10,4,'Athletic Club','Athletic Club'),(38,'Junior Bita','1992-01-01',2774,18,29.42,'Left',1.76,4,3,'Athletic Club','Athletic Club'),(39,'Aingeru Olabarrieta','2000-01-01',1654,40,59.21,'Right',1.67,2,2,'Athletic Club','Athletic Club'),(40,'Igor Oyono','1971-01-01',2620,23,42.19,'Right',1.72,1,5,'Athletic Club','Athletic Club'),(41,'lvaro Marn','2004-01-01',2269,37,55.68,'Left',1.91,0,2,'Athletic Club','Athletic Club'),(42,'Jon de Luis','2004-01-01',2367,34,16.75,'Left',1.7,5,2,'Athletic Club','Athletic Club'),(43,'Peio Canales','1974-01-01',1177,20,44.69,'Right',1.84,7,4,'Athletic Club','Athletic Club'),(44,'Ibon Snchez','1974-01-01',1266,20,20.66,'Left',1.68,4,5,'Athletic Club','Athletic Club'),(45,'Iker Varela','1972-01-01',1614,11,79.76,'Left',1.89,15,1,'Athletic Club','Athletic Club'),(46,'Endika Bujn','1971-01-01',2681,36,75.42,'Left',1.8,3,3,'Athletic Club','Athletic Club'),(47,'Javier Elas','1974-01-01',2072,25,5.23,'Left',1.85,7,4,'Athletic Club','Athletic Club'),(48,'Ander Izagirre','1976-01-01',1143,28,61.22,'Right',1.84,1,0,'Athletic Club','Athletic Club'),(49,'Eaut Lete','1994-01-01',2639,32,60.34,'Left',1.72,15,3,'Athletic Club','Athletic Club'),(50,'Xabi Irurita','1974-01-01',2144,22,93.13,'Right',1.72,5,1,'Athletic Club','Athletic Club'),(51,'Eneko Aguilar','1973-01-01',1160,27,92.68,'Left',1.89,2,4,'Athletic Club','Athletic Club'),(52,'Oier Gastesi','1997-01-01',2227,11,89.55,'Right',1.82,8,3,'Athletic Club','Athletic Club'),(53,'Aimar Duabeitia','2002-01-01',2555,21,42.7,'Right',1.99,6,3,'Athletic Club','Athletic Club'),(54,'Eneko Ebro','2004-01-01',1034,17,62.58,'Right',1.86,2,4,'Athletic Club','Athletic Club'),(55,'Miguel Barandalla','1984-01-01',2784,31,21.46,'Left',1.8,7,1,'Athletic Club','Athletic Club'),(56,'Erlantz Palacn','2000-01-01',2707,32,22.11,'Left',1.8,12,3,'Athletic Club','Athletic Club'),(57,'Javi Sola','1978-01-01',1221,38,15.3,'Left',1.73,13,5,'Athletic Club','Athletic Club'),(58,'Ibai Sanz','1986-01-01',1603,10,9.53,'Right',1.97,15,2,'Athletic Club','Athletic Club'),(59,'Asier Hierro','1983-01-01',1402,19,17.34,'Right',2,10,3,'Athletic Club','Athletic Club'),(60,'Mikel Santos','1970-01-01',2435,40,69.86,'Right',1.81,3,5,'Athletic Club','Athletic Club'),(61,'Adrin Prez','2005-01-01',1783,35,99.69,'Right',1.95,12,1,'Athletic Club','Athletic Club'),(62,'Csar Azpilicueta','2005-01-01',1515,39,88.41,'Left',1.83,0,0,'Atltico Madrid','Atltico Madrid'),(63,'Jan Oblak','2004-01-01',1076,13,33.63,'Right',1.99,5,3,'Atltico Madrid','Atltico Madrid'),(64,'Jorge Koke','1988-01-01',2414,35,58.65,'Left',1.91,15,1,'Atltico Madrid','Atltico Madrid'),(65,'Antoine Griezmann','1981-01-01',1863,23,28.04,'Right',1.69,11,3,'Atltico Madrid','Atltico Madrid'),(66,'Thomas Lemar','1977-01-01',1194,21,24,'Left',1.83,12,4,'Atltico Madrid','Atltico Madrid'),(67,'Rodrigo de Paul','1970-01-01',2919,20,33.71,'Left',1.71,14,3,'Atltico Madrid','Atltico Madrid'),(68,'Jos Mara Gimnez','1975-01-01',2030,16,7.61,'Right',1.66,13,4,'Atltico Madrid','Atltico Madrid'),(69,'ngel Correa','1984-01-01',2265,30,28.32,'Right',1.88,3,0,'Atltico Madrid','Atltico Madrid'),(70,'Clment Lenglet','1994-01-01',2640,23,57.83,'Right',1.71,4,0,'Atltico Madrid','Atltico Madrid'),(71,'Alexander Sorloth','2005-01-01',1031,22,28.1,'Left',2,10,1,'Atltico Madrid','Atltico Madrid'),(72,'Marcos Llorente','1976-01-01',2341,38,13.81,'Right',1.99,15,2,'Atltico Madrid','Atltico Madrid'),(73,'Juan Musso','1977-01-01',2418,15,19.86,'Right',1.75,7,3,'Atltico Madrid','Atltico Madrid'),(74,'Nahuel Molina','1988-01-01',1155,29,6.76,'Left',1.79,1,2,'Atltico Madrid','Atltico Madrid'),(75,'Reinildo Mandava','1998-01-01',1081,10,36.17,'Right',1.76,4,0,'Atltico Madrid','Atltico Madrid'),(76,'Robin le Normand','1996-01-01',1233,25,97.35,'Left',1.71,15,4,'Atltico Madrid','Atltico Madrid'),(77,'Javi Galn','1994-01-01',2133,18,8.87,'Right',1.97,5,3,'Atltico Madrid','Atltico Madrid'),(78,'Julin lvarez','1979-01-01',1065,40,95.4,'Left',1.98,3,3,'Atltico Madrid','Atltico Madrid'),(79,'Conor Gallagher','2000-01-01',2588,35,29.24,'Right',1.96,7,5,'Atltico Madrid','Atltico Madrid'),(80,'Samuel Lino','1993-01-01',1855,11,21.82,'Right',1.82,2,0,'Atltico Madrid','Atltico Madrid'),(81,'Rodrigo Riquelme','1970-01-01',2172,24,73.13,'Left',1.72,9,4,'Atltico Madrid','Atltico Madrid'),(82,'Giuliano Simeone','1989-01-01',1923,36,14.4,'Right',1.76,11,4,'Atltico Madrid','Atltico Madrid'),(83,'Pablo Barrios','1971-01-01',2741,34,45.46,'Right',1.84,4,3,'Atltico Madrid','Atltico Madrid'),(84,'Wojciech Szczsny','1985-01-01',2991,26,81.18,'Right',1.87,6,4,'Barcelona','Barcelona'),(85,'Marc-Andr Ter Stegen','1976-01-01',2692,23,86.03,'Left',1.72,0,3,'Barcelona','Barcelona'),(86,'Iigo Martnez','1973-01-01',1042,26,92.01,'Right',1.77,9,5,'Barcelona','Barcelona'),(87,'Andreas Christensen','1990-01-01',2375,13,15.19,'Right',1.72,13,2,'Barcelona','Barcelona'),(88,'Dani Olmo','1980-01-01',1832,25,49.37,'Right',1.7,2,1,'Barcelona','Barcelona'),(89,'Frenkie de Jong','2005-01-01',2066,28,98.82,'Left',1.88,1,5,'Barcelona','Barcelona'),(90,'Belloli Raphinha','1972-01-01',2698,36,5.24,'Left',1.8,11,4,'Barcelona','Barcelona'),(91,'Ferrn Torres','1978-01-01',1325,25,88.91,'Left',1.88,3,2,'Barcelona','Barcelona'),(92,'Ronald Arajo','1993-01-01',2451,35,5.38,'Right',1.72,12,4,'Barcelona','Barcelona'),(93,'Jules Kound','1999-01-01',1113,40,97.98,'Right',1.86,12,1,'Barcelona','Barcelona'),(94,'Eric Garca','2004-01-01',1708,37,95.21,'Left',1.68,7,4,'Barcelona','Barcelona'),(95,'Iaki Pea','1979-01-01',1035,12,92.77,'Right',1.91,14,4,'Barcelona','Barcelona'),(96,'Ansu Fati','1977-01-01',2409,40,5.97,'Left',1.76,12,4,'Barcelona','Barcelona'),(97,'Gonzalez Pedri','1995-01-01',1217,13,73.17,'Right',1.83,6,2,'Barcelona','Barcelona'),(98,'Pau Vctor','2001-01-01',1751,24,62.35,'Right',1.87,4,3,'Barcelona','Barcelona'),(99,'Alejandro Balde','2003-01-01',2870,23,84.19,'Left',1.77,3,1,'Barcelona','Barcelona'),(100,'Pablo Gavi','1980-01-01',1104,19,38.17,'Right',1.94,3,1,'Barcelona','Barcelona'),(101,'Pablo Torre','1981-01-01',2587,19,71.06,'Left',1.77,15,3,'Barcelona','Barcelona'),(102,'Ander Astralaga','1997-01-01',1779,24,85.94,'Right',1.74,0,5,'Barcelona','Barcelona'),(103,'Marc Casad','1987-01-01',1128,23,5.56,'Left',1.96,8,1,'Barcelona','Barcelona'),(104,'Lamine Yamal','1973-01-01',1285,19,26.18,'Right',1.68,1,2,'Barcelona','Barcelona'),(105,'Hctor Fort','1975-01-01',1669,10,81.68,'Right',1.91,12,0,'Barcelona','Barcelona'),(106,'Sergi Domnguez','1973-01-01',2851,21,17.89,'Left',1.67,14,4,'Barcelona','Barcelona'),(107,'Fermn Lpez','2002-01-01',2295,27,90.41,'Left',1.99,12,0,'Barcelona','Barcelona'),(108,'Gerard Martin','1979-01-01',1540,16,37.38,'Right',1.79,10,3,'Barcelona','Barcelona'),(109,'Marc Bernal','1977-01-01',1532,30,26.86,'Right',1.66,8,0,'Barcelona','Barcelona'),(110,'Pau Cubars','1990-01-01',2107,23,67.3,'Right',1.88,11,0,'Barcelona','Barcelona'),(111,'Ante Budimir','1983-01-01',2898,19,76.14,'Right',1.67,4,5,'CA Osasuna','CA Osasuna'),(112,'Moi Gmez','1995-01-01',2095,13,57.12,'Right',1.85,5,0,'CA Osasuna','CA Osasuna'),(113,'Lucas Torr','1994-01-01',1855,23,40.21,'Right',1.7,10,2,'CA Osasuna','CA Osasuna'),(114,'Rubn Garca','1977-01-01',1657,38,85.96,'Left',1.98,10,1,'CA Osasuna','CA Osasuna'),(115,'Unai Garca','1978-01-01',1183,14,10.14,'Right',1.83,6,0,'CA Osasuna','CA Osasuna'),(116,'Juan Cruz','2004-01-01',2196,14,97.23,'Left',1.66,10,3,'CA Osasuna','CA Osasuna'),(117,'Rubn Pea','1991-01-01',1905,20,84.97,'Left',1.74,2,5,'CA Osasuna','CA Osasuna'),(118,'Sergio Herrera','1985-01-01',1523,26,52.38,'Left',1.89,9,4,'CA Osasuna','CA Osasuna'),(119,'Jos Arniz','2004-01-01',1502,24,18.55,'Right',1.98,14,0,'CA Osasuna','CA Osasuna'),(120,'Kike Barja','1981-01-01',1738,25,7.65,'Right',1.9,15,4,'CA Osasuna','CA Osasuna'),(121,'Alejandro Catena','1990-01-01',1030,11,30.75,'Left',1.98,3,2,'CA Osasuna','CA Osasuna'),(122,'Jorge Herrando','2005-01-01',1398,34,22.3,'Left',1.93,5,2,'CA Osasuna','CA Osasuna'),(123,'Jon Moncayola','2001-01-01',2357,27,65.06,'Right',1.74,0,0,'CA Osasuna','CA Osasuna'),(124,'Aimar Oroz','1994-01-01',2860,33,21.05,'Left',1.69,2,2,'CA Osasuna','CA Osasuna'),(125,'Enzo Boyomo','1994-01-01',1171,29,36.27,'Left',1.7,15,1,'CA Osasuna','CA Osasuna'),(126,'Jess Areso','1983-01-01',2116,13,88.52,'Left',1.69,2,0,'CA Osasuna','CA Osasuna'),(127,'Pablo Ibez','1994-01-01',1569,39,15.52,'Right',1.87,13,4,'CA Osasuna','CA Osasuna'),(128,'Ral Garca','1971-01-01',2355,31,89.69,'Right',1.85,2,3,'CA Osasuna','CA Osasuna'),(129,'Abel Bretones','1980-01-01',2753,34,9.91,'Left',1.73,13,2,'CA Osasuna','CA Osasuna'),(130,'Bryan Zaragoza','1978-01-01',2737,14,60.55,'Left',1.7,6,3,'CA Osasuna','CA Osasuna'),(131,'Iker Muoz','1988-01-01',1140,27,36.76,'Right',1.8,5,4,'CA Osasuna','CA Osasuna'),(132,'Matija Nastasi','2005-01-01',1033,30,70.63,'Right',1.93,13,3,'CD Legans','CD Legans'),(133,'Marko Dmitrovi','1975-01-01',1141,39,88.34,'Right',1.97,9,3,'CD Legans','CD Legans'),(134,'Renato Tapia','2000-01-01',2383,38,9.08,'Left',1.85,12,2,'CD Legans','CD Legans'),(135,'Munir el Haddadi','1990-01-01',2746,12,59.82,'Right',1.96,13,4,'CD Legans','CD Legans'),(136,'Borna Barii','1986-01-01',1764,35,12.67,'Left',1.96,15,4,'CD Legans','CD Legans'),(137,'Jorge Senz','1971-01-01',1859,24,38.01,'Left',1.85,6,2,'CD Legans','CD Legans'),(138,'Valentin Rosier','1971-01-01',2223,35,18.24,'Right',1.94,1,0,'CD Legans','CD Legans'),(139,'Julin Chicco','1992-01-01',1853,18,26.37,'Right',1.9,11,0,'CD Legans','CD Legans'),(140,'Juan Soriano','1975-01-01',2501,40,25.32,'Left',1.92,11,2,'CD Legans','CD Legans'),(141,'Dani Raba','1972-01-01',2966,38,25.19,'Left',1.76,4,2,'CD Legans','CD Legans'),(142,'scar Rodrguez','1993-01-01',1456,13,70.41,'Left',1.72,3,5,'CD Legans','CD Legans'),(143,'Yvan Neyou','1970-01-01',2704,24,80.46,'Left',1.82,2,2,'CD Legans','CD Legans'),(144,'Javi Hernndez','1988-01-01',1836,27,43.9,'Left',1.73,0,4,'CD Legans','CD Legans'),(145,'Roberto Lpez','1983-01-01',2295,14,84.34,'Left',1.67,0,0,'CD Legans','CD Legans'),(146,'Enric Franquesa','1988-01-01',1684,40,68.94,'Left',1.84,15,4,'CD Legans','CD Legans'),(147,'Sergio Gonzlez','1983-01-01',2780,36,49.54,'Left',1.99,5,1,'CD Legans','CD Legans'),(148,'Miguel de la Fuente','1971-01-01',1649,20,27.76,'Left',1.88,8,1,'CD Legans','CD Legans'),(149,'Juan Cruz','1988-01-01',2121,35,87.72,'Right',1.77,12,0,'CD Legans','CD Legans'),(150,'Lus Duk','1995-01-01',2538,33,52.2,'Right',1.82,1,1,'CD Legans','CD Legans'),(151,'Seydouba Ciss','1975-01-01',1814,40,44.52,'Left',1.72,9,4,'CD Legans','CD Legans'),(152,'Adri Altimira','1997-01-01',1484,38,39.46,'Right',1.79,4,4,'CD Legans','CD Legans'),(153,'Diego Garca','1973-01-01',1770,25,55.69,'Right',1.86,0,0,'CD Legans','CD Legans'),(154,'Alvin Abajas','2001-01-01',2313,26,86.29,'Right',1.85,7,2,'CD Legans','CD Legans'),(155,'Marcos Alonso','1986-01-01',2688,26,76.6,'Left',1.92,2,5,'Celta Vigo','Celta Vigo'),(156,'Iago Aspas','1997-01-01',2722,29,91.59,'Right',1.85,8,1,'Celta Vigo','Celta Vigo'),(157,'Javi Manquillo','1978-01-01',2142,19,67.17,'Right',1.68,3,3,'Celta Vigo','Celta Vigo'),(158,'Ivn Villar','1982-01-01',1464,34,75.22,'Right',1.79,0,4,'Celta Vigo','Celta Vigo'),(159,'Borja Iglesias','1982-01-01',2535,31,34.61,'Right',1.92,7,2,'Celta Vigo','Celta Vigo'),(160,'Mihailo Risti','2002-01-01',1282,18,7.28,'Left',1.68,6,3,'Celta Vigo','Celta Vigo'),(161,'Carl Starfelt','1992-01-01',1374,19,93.29,'Left',1.83,12,5,'Celta Vigo','Celta Vigo'),(162,'Franco Cervi','1997-01-01',2706,21,49,'Right',1.88,8,0,'Celta Vigo','Celta Vigo'),(163,'Jailson Siqueira','1973-01-01',2704,17,70.97,'Right',1.82,2,1,'Celta Vigo','Celta Vigo'),(164,'Fran Beltrn','2000-01-01',2623,39,48.71,'Left',1.85,6,4,'Celta Vigo','Celta Vigo'),(165,'scar Mingueza','2002-01-01',1226,12,10.1,'Left',1.71,6,5,'Celta Vigo','Celta Vigo'),(166,'Iker Losada','1994-01-01',2059,28,42.03,'Right',1.78,5,3,'Celta Vigo','Celta Vigo'),(167,'Ilaix Moriba','1975-01-01',2796,24,66.37,'Right',1.9,0,1,'Celta Vigo','Celta Vigo'),(168,'Sergio Carreira','2000-01-01',2487,33,45.3,'Right',1.75,12,5,'Celta Vigo','Celta Vigo'),(169,'Alfon Gonzlez','1989-01-01',2747,36,59.9,'Left',1.88,1,5,'Celta Vigo','Celta Vigo'),(170,'Williot Swedberg','1971-01-01',1039,28,60.37,'Right',1.7,4,5,'Celta Vigo','Celta Vigo'),(171,'Carlos Domnguez','1978-01-01',2720,36,63.6,'Left',1.67,10,3,'Celta Vigo','Celta Vigo'),(172,'Hugo Sotelo','1976-01-01',1559,34,43.21,'Right',1.88,9,3,'Celta Vigo','Celta Vigo'),(173,'Hugo lvarez','1998-01-01',2573,13,89.74,'Left',1.86,6,5,'Celta Vigo','Celta Vigo'),(174,'Pablo Durn','1979-01-01',2626,33,33.25,'Left',1.83,5,2,'Celta Vigo','Celta Vigo'),(175,'Javi Rodrguez','1996-01-01',1897,31,40.67,'Left',1.7,8,3,'Celta Vigo','Celta Vigo'),(176,'Damin Rodrguez','1998-01-01',2572,29,35.03,'Right',1.75,12,4,'Celta Vigo','Celta Vigo'),(177,'Joseph Aidoo','2003-01-01',2420,20,77.13,'Right',1.69,15,2,'Celta Vigo','Celta Vigo'),(178,'Luca de la Torre','1973-01-01',1500,16,7.75,'Right',1.85,9,4,'Celta Vigo','Celta Vigo'),(179,'Jorgen Strand Larsen','1975-01-01',1313,10,98.32,'Right',1.72,12,4,'Celta Vigo','Celta Vigo'),(180,'Unai Nez','1997-01-01',1022,25,79.78,'Right',1.95,14,0,'Celta Vigo','Celta Vigo'),(181,'Carles Prez','1985-01-01',1235,35,97.95,'Left',1.85,15,4,'Celta Vigo','Celta Vigo'),(182,'Manu Snchez','1973-01-01',2082,35,86.89,'Left',1.74,14,2,'Celta Vigo','Celta Vigo'),(183,'Miguel Rodrguez','2000-01-01',2358,28,36.27,'Left',1.85,13,1,'Celta Vigo','Celta Vigo'),(184,'Carlos Dotor','1972-01-01',2414,27,26.58,'Right',1.71,0,5,'Celta Vigo','Celta Vigo'),(185,'Coke Carrillo','1972-01-01',2892,27,51.41,'Left',1.67,2,5,'Celta Vigo','Celta Vigo'),(186,'Ianis Tarba','1977-01-01',1700,24,82.7,'Right',1.95,5,2,'Celta Vigo','Celta Vigo'),(187,'Jones El-Abdellaoui','1970-01-01',2097,15,49.32,'Left',1.95,8,0,'Celta Vigo','Celta Vigo'),(188,'Tadeo Allende','1992-01-01',2138,17,87.73,'Left',1.94,8,5,'Celta Vigo','Celta Vigo'),(189,'Joel Lpez','2000-01-01',1680,37,57.71,'Left',1.87,2,3,'Celta Vigo','Celta Vigo'),(190,'Yoel Lago','1993-01-01',2655,26,89.54,'Right',1.71,6,4,'Celta Vigo','Celta Vigo'),(191,'Sergio Diez','1998-01-01',2887,21,67.64,'Right',1.89,15,0,'Celta Vigo','Celta Vigo'),(192,'Tincho Conde','1986-01-01',1856,10,90.53,'Left',1.81,4,3,'Celta Vigo','Celta Vigo'),(193,'Javi Rueda','2004-01-01',1087,15,57.81,'Right',1.71,11,0,'Celta Vigo','Celta Vigo'),(194,'Miguel Romn','2005-01-01',2005,32,54.17,'Right',1.7,10,2,'Celta Vigo','Celta Vigo'),(195,'Csar Fernndez','2004-01-01',2677,31,44.54,'Right',1.88,14,2,'Celta Vigo','Celta Vigo'),(196,'Fer Lpez','1997-01-01',1010,22,45.38,'Right',1.68,14,3,'Celta Vigo','Celta Vigo'),(197,'Pablo Gavian','1970-01-01',2304,23,11.6,'Left',1.79,14,0,'Celta Vigo','Celta Vigo'),(198,'Gael Alonso','1980-01-01',2260,29,88.78,'Left',1.99,7,5,'Celta Vigo','Celta Vigo'),(199,'Pablo Meixs','1978-01-01',2438,36,75.21,'Left',1.95,4,5,'Celta Vigo','Celta Vigo'),(200,'Hugo Burcio','1971-01-01',2704,36,22.79,'Left',1.82,14,5,'Celta Vigo','Celta Vigo'),(201,'David de la Iglesia','1976-01-01',2794,32,30.92,'Right',1.68,13,0,'Celta Vigo','Celta Vigo'),(202,'scar Marcos','1976-01-01',1301,12,60.61,'Right',1.9,1,5,'Celta Vigo','Celta Vigo'),(203,'ngel Arcos','2003-01-01',1314,24,15.41,'Right',1.85,7,4,'Celta Vigo','Celta Vigo'),(204,'Andrs Antan','1988-01-01',1288,10,87.35,'Left',1.99,11,3,'Celta Vigo','Celta Vigo'),(205,'Moha Dahmouni','1995-01-01',1819,26,84.79,'Right',1.83,8,4,'Celta Vigo','Celta Vigo'),(206,'Vicente Oliveira','2004-01-01',1576,22,99.75,'Left',1.86,1,0,'Celta Vigo','Celta Vigo'),(207,'Iago Barreiros','1986-01-01',2025,10,75.29,'Left',1.77,14,4,'Celta Vigo','Celta Vigo'),(208,'Miguel Conde','1991-01-01',2936,13,87.22,'Right',1.93,13,2,'Celta Vigo','Celta Vigo'),(209,'Aleksandar Sedlar','1972-01-01',2254,10,22.69,'Left',1.67,15,2,'Deportivo Alavs','Deportivo Alavs'),(210,'Antonio Sivera','1986-01-01',2426,11,40.6,'Right',1.95,13,0,'Deportivo Alavs','Deportivo Alavs'),(211,'Joan Jordn','1976-01-01',1918,39,96.53,'Right',1.91,7,2,'Deportivo Alavs','Deportivo Alavs'),(212,'Asier Villalibre','1977-01-01',2899,39,48.8,'Right',1.94,13,3,'Deportivo Alavs','Deportivo Alavs'),(213,'Carles Alea','1980-01-01',1218,27,11.55,'Left',1.73,3,5,'Deportivo Alavs','Deportivo Alavs'),(214,'Toms Conechny','1973-01-01',1313,29,67.53,'Left',1.84,11,0,'Deportivo Alavs','Deportivo Alavs'),(215,'Toni Martnez','1978-01-01',1638,12,71.57,'Left',1.84,11,5,'Deportivo Alavs','Deportivo Alavs'),(216,'Carlos Protesoni','1975-01-01',1830,34,37.24,'Right',1.81,4,4,'Deportivo Alavs','Deportivo Alavs'),(217,'Jon Guridi','2000-01-01',1356,22,7.87,'Right',1.86,15,3,'Deportivo Alavs','Deportivo Alavs'),(218,'Ander Guevara','1990-01-01',1698,12,17.45,'Right',1.98,10,0,'Deportivo Alavs','Deportivo Alavs'),(219,'Nahuel Tenaglia','1975-01-01',2207,35,85.88,'Left',1.67,1,3,'Deportivo Alavs','Deportivo Alavs'),(220,'Antonio Blanco','1989-01-01',2706,11,80.19,'Left',1.74,5,5,'Deportivo Alavs','Deportivo Alavs'),(221,'Manu Snchez','1992-01-01',2723,36,23.68,'Right',1.87,3,0,'Deportivo Alavs','Deportivo Alavs'),(222,'Moussa Diarra','2001-01-01',1728,19,21.47,'Right',1.74,0,0,'Deportivo Alavs','Deportivo Alavs'),(223,'Facundo Garcs','1982-01-01',1346,38,70.92,'Left',1.68,5,4,'Deportivo Alavs','Deportivo Alavs'),(224,'Hugo Novoa','1977-01-01',2852,21,42.26,'Right',1.95,9,5,'Deportivo Alavs','Deportivo Alavs'),(225,'Abdel Abqar','1996-01-01',2343,13,70.34,'Left',1.96,15,4,'Deportivo Alavs','Deportivo Alavs'),(226,'Carlos Martn','1989-01-01',1226,17,31.12,'Left',1.94,7,2,'Deportivo Alavs','Deportivo Alavs'),(227,'Jess Owono','1999-01-01',2228,25,32.54,'Left',1.74,0,3,'Deportivo Alavs','Deportivo Alavs'),(228,'Santiago Mourio','1987-01-01',2216,26,77.28,'Right',1.84,4,4,'Deportivo Alavs','Deportivo Alavs'),(229,'Carlos Vicente','1989-01-01',1023,27,76.31,'Left',1.97,0,4,'Deportivo Alavs','Deportivo Alavs'),(230,'Adrin Rodrguez','1975-01-01',1537,21,90.35,'Left',1.72,12,0,'Deportivo Alavs','Deportivo Alavs'),(231,'Pau Cabanes','1974-01-01',1711,24,11.7,'Right',1.97,12,0,'Deportivo Alavs','Deportivo Alavs'),(232,'Adrin Pica','1970-01-01',1191,29,81.72,'Right',1.73,6,2,'Deportivo Alavs','Deportivo Alavs'),(233,'Allan Nyom','1972-01-01',2002,31,37.38,'Left',1.87,12,0,'Getafe CF','Getafe CF'),(234,'Juan Bernat','1994-01-01',2387,24,74.05,'Right',1.82,15,4,'Getafe CF','Getafe CF'),(235,'Dakonam Djen','1995-01-01',1506,15,63.33,'Left',1.97,6,5,'Getafe CF','Getafe CF'),(236,'Diego Rico','1977-01-01',2718,23,56.37,'Left',1.65,13,2,'Getafe CF','Getafe CF'),(237,'Mauro Arambarri','1983-01-01',2479,15,68.21,'Left',1.9,0,5,'Getafe CF','Getafe CF'),(238,'David Soria','2002-01-01',1281,30,56.67,'Right',1.74,1,5,'Getafe CF','Getafe CF'),(239,'Domingos Duarte','1983-01-01',2017,38,87.94,'Right',1.65,11,3,'Getafe CF','Getafe CF'),(240,'Borja Mayoral','2005-01-01',2574,22,88.56,'Left',1.85,13,0,'Getafe CF','Getafe CF'),(241,'Luis Milla','1985-01-01',1162,24,84.27,'Right',1.81,0,3,'Getafe CF','Getafe CF'),(242,'Omar Alderete','1992-01-01',1233,13,69.36,'Left',1.94,13,3,'Getafe CF','Getafe CF'),(243,'Carles Prez','2005-01-01',2967,16,80.32,'Right',1.86,7,4,'Getafe CF','Getafe CF'),(244,'Juan Berrocal','1974-01-01',1903,25,54.78,'Right',1.73,6,3,'Getafe CF','Getafe CF'),(245,'lex Sola','1979-01-01',1719,35,35.47,'Left',1.9,10,0,'Getafe CF','Getafe CF'),(246,'Jiri Letacek','1973-01-01',1127,30,9.74,'Right',1.94,13,4,'Getafe CF','Getafe CF'),(247,'Juan Iglesias','1991-01-01',1712,39,39.41,'Left',1.8,0,2,'Getafe CF','Getafe CF'),(248,'Bertug Yildirim','1983-01-01',2289,15,66.09,'Left',1.65,2,5,'Getafe CF','Getafe CF'),(249,'Ramn Terrats','1985-01-01',2670,21,74.93,'Left',1.78,0,3,'Getafe CF','Getafe CF'),(250,'Peter Federico','1996-01-01',1075,23,53.33,'Left',1.7,0,5,'Getafe CF','Getafe CF'),(251,'lvaro Rodrguez','1982-01-01',1774,15,51.69,'Left',1.93,3,4,'Getafe CF','Getafe CF'),(252,'Yellu Santiago','1972-01-01',2276,28,26.68,'Left',1.78,12,1,'Getafe CF','Getafe CF'),(253,'Christantus Uche','1999-01-01',2922,31,88.26,'Left',1.86,9,3,'Getafe CF','Getafe CF'),(254,'Alberto Risco','1989-01-01',1791,29,14.48,'Left',1.82,14,0,'Getafe CF','Getafe CF'),(255,'Daley Blind','1971-01-01',2469,33,69.92,'Left',1.76,7,1,'Girona FC','Girona FC'),(256,'Oriol Romeu','1992-01-01',1228,37,64.16,'Right',1.74,11,3,'Girona FC','Girona FC'),(257,'Lpez Juanpe','1971-01-01',1744,20,94.06,'Left',1.96,12,5,'Girona FC','Girona FC'),(258,'David Lpez','2001-01-01',1844,21,7.07,'Left',1.65,14,4,'Girona FC','Girona FC'),(259,'Juan Carlos','1994-01-01',2792,23,65.38,'Left',1.94,11,2,'Girona FC','Girona FC'),(260,'Manzanera Portu','1972-01-01',1745,26,68.81,'Left',1.78,15,1,'Girona FC','Girona FC'),(261,'Paulo Gazzaniga','1979-01-01',1603,24,53.85,'Right',1.86,5,1,'Girona FC','Girona FC'),(262,'Donny van de Beek','1970-01-01',2491,33,45.03,'Right',1.75,12,4,'Girona FC','Girona FC'),(263,'Arthur Melo','1995-01-01',1432,11,19.5,'Right',1.97,1,1,'Girona FC','Girona FC'),(264,'Yangel Herrera','2004-01-01',1587,21,60.35,'Left',1.89,13,0,'Girona FC','Girona FC'),(265,'Viktor Tsygankov','1997-01-01',1380,27,94.87,'Left',1.67,1,4,'Girona FC','Girona FC'),(266,'Ladislav Krejc','1973-01-01',1262,18,58.15,'Right',1.82,1,3,'Girona FC','Girona FC'),(267,'Abel Ruz','1993-01-01',2576,29,98.89,'Right',1.68,15,5,'Girona FC','Girona FC'),(268,'Arnaut Danjuma','2001-01-01',1748,21,20.23,'Left',1.71,7,1,'Girona FC','Girona FC'),(269,'Bojan Miovski','1999-01-01',2802,25,89.23,'Left',1.92,0,2,'Girona FC','Girona FC'),(270,'Bryan Gil','1983-01-01',1501,15,93.1,'Right',1.72,7,0,'Girona FC','Girona FC'),(271,'Miguel Gutirrez','2005-01-01',2632,14,98.48,'Right',1.74,6,0,'Girona FC','Girona FC'),(272,'Alejandro Francs','2001-01-01',1878,19,77.31,'Left',1.76,6,0,'Girona FC','Girona FC'),(273,'Ivn Martn','2000-01-01',1485,18,23.09,'Left',1.89,4,1,'Girona FC','Girona FC'),(274,'Arnau Martnez','2003-01-01',1594,24,89.55,'Right',1.85,13,2,'Girona FC','Girona FC'),(275,'Yser Asprilla','1979-01-01',2222,14,99.21,'Left',1.84,1,2,'Girona FC','Girona FC'),(276,'Gabriel Misehouy','1974-01-01',2839,33,55.67,'Left',1.77,11,5,'Girona FC','Girona FC'),(277,'Jhon Sols','1984-01-01',2179,17,71.12,'Left',1.78,4,5,'Girona FC','Girona FC'),(278,'Min-Su Kim','1972-01-01',1284,40,96.58,'Right',1.94,8,3,'Girona FC','Girona FC'),(279,'Papa Ba','2002-01-01',2210,17,73.48,'Left',1.88,11,0,'Girona FC','Girona FC'),(280,'Florian Lejeune','1985-01-01',2171,11,10.25,'Right',1.66,2,4,'Rayo Vallecano','Rayo Vallecano'),(281,'Ivn Balliu','1993-01-01',2724,33,22.61,'Right',1.97,5,0,'Rayo Vallecano','Rayo Vallecano'),(282,'Aridane Hernndez','1987-01-01',2421,25,12.41,'Left',1.82,2,0,'Rayo Vallecano','Rayo Vallecano'),(283,'Ral de Toms','2003-01-01',2893,36,90.04,'Right',1.67,15,0,'Rayo Vallecano','Rayo Vallecano'),(284,'lvaro Garca','1977-01-01',1440,13,62.43,'Left',1.7,0,4,'Rayo Vallecano','Rayo Vallecano'),(285,'Unai Lpez','1995-01-01',2852,23,74.02,'Right',1.84,3,1,'Rayo Vallecano','Rayo Vallecano'),(286,'Adri Embarba','2004-01-01',1310,10,36.09,'Right',1.77,9,0,'Rayo Vallecano','Rayo Vallecano'),(287,'Gerard Gumbau','1971-01-01',1561,29,21.32,'Left',1.76,13,2,'Rayo Vallecano','Rayo Vallecano'),(288,'Alfonso Espino','1989-01-01',1524,17,9.69,'Right',1.97,2,2,'Rayo Vallecano','Rayo Vallecano'),(289,'Augusto Batalla','1998-01-01',1324,40,89.23,'Right',1.7,9,5,'Rayo Vallecano','Rayo Vallecano'),(290,'Sergi Guardiola','1973-01-01',1645,10,14,'Right',1.91,6,5,'Rayo Vallecano','Rayo Vallecano'),(291,'Isi Palazn','1990-01-01',2022,13,92.32,'Right',1.8,10,2,'Rayo Vallecano','Rayo Vallecano'),(292,'Joni Montiel','1977-01-01',2230,21,82.97,'Left',1.65,13,0,'Rayo Vallecano','Rayo Vallecano'),(293,'Abdul Mumin','2003-01-01',2238,22,33.88,'Left',1.8,4,1,'Rayo Vallecano','Rayo Vallecano'),(294,'Pedro Daz','1988-01-01',2516,25,40.74,'Right',1.77,1,0,'Rayo Vallecano','Rayo Vallecano'),(295,'Jorge de Frutos','1992-01-01',2957,35,7.89,'Left',1.85,2,0,'Rayo Vallecano','Rayo Vallecano'),(296,'scar Valentn','1994-01-01',2476,17,85.53,'Left',1.71,14,2,'Rayo Vallecano','Rayo Vallecano'),(297,'Sergio Camello','1990-01-01',1367,26,15.5,'Left',1.72,2,0,'Rayo Vallecano','Rayo Vallecano'),(298,'Path Ciss','1970-01-01',1856,27,27.96,'Right',1.81,8,4,'Rayo Vallecano','Rayo Vallecano'),(299,'Randy Nteka','1994-01-01',2800,36,30.98,'Right',1.79,15,5,'Rayo Vallecano','Rayo Vallecano'),(300,'Pep Chavarra','1978-01-01',1734,32,65.18,'Left',1.77,10,0,'Rayo Vallecano','Rayo Vallecano'),(301,'Dani Crdenas','1977-01-01',2209,12,94.02,'Left',1.99,14,2,'Rayo Vallecano','Rayo Vallecano'),(302,'Andrei Raiu','2001-01-01',2646,16,36.41,'Left',1.97,5,0,'Rayo Vallecano','Rayo Vallecano'),(303,'Pelayo Fernndez','2003-01-01',2615,19,43.61,'Right',1.99,5,1,'Rayo Vallecano','Rayo Vallecano'),(304,'Sergi Gmez','1996-01-01',2477,22,23.08,'Left',1.88,2,1,'RCD Espanyol','RCD Espanyol'),(305,'Fernando Pacheco','1996-01-01',1590,34,74.91,'Left',1.92,1,4,'RCD Espanyol','RCD Espanyol'),(306,'Pere Milla','1994-01-01',2763,24,78.01,'Right',1.71,6,3,'RCD Espanyol','RCD Espanyol'),(307,'Brian Olivn','1997-01-01',2439,34,85.85,'Right',1.67,1,5,'RCD Espanyol','RCD Espanyol'),(308,'lvaro Tejero','1991-01-01',2815,32,97.27,'Right',1.93,2,1,'RCD Espanyol','RCD Espanyol'),(309,'Fernando Calero','2000-01-01',1976,34,98.35,'Right',1.74,2,2,'RCD Espanyol','RCD Espanyol'),(310,'Edu Expsito','1999-01-01',2934,25,32.83,'Right',1.95,7,2,'RCD Espanyol','RCD Espanyol'),(311,'Marash Kumbulla','1980-01-01',2299,13,13.8,'Left',1.78,15,0,'RCD Espanyol','RCD Espanyol'),(312,'Alex Krl','2002-01-01',2477,24,24.83,'Left',1.86,0,0,'RCD Espanyol','RCD Espanyol'),(313,'lvaro Aguado','1993-01-01',1355,15,29.32,'Right',1.9,3,3,'RCD Espanyol','RCD Espanyol'),(314,'Javi Puado','1998-01-01',1062,25,98.99,'Right',1.83,1,0,'RCD Espanyol','RCD Espanyol'),(315,'Pol Lozano','1986-01-01',1377,16,85.31,'Left',2,2,4,'RCD Espanyol','RCD Espanyol'),(316,'Pablo Ramn','1972-01-01',1846,13,52.66,'Right',1.83,5,3,'RCD Espanyol','RCD Espanyol'),(317,'Jos Gragera','1974-01-01',1246,21,15.2,'Left',2,2,2,'RCD Espanyol','RCD Espanyol'),(318,'Urko Gonzlez de Zarate','2004-01-01',1798,24,18.02,'Right',1.96,2,1,'RCD Espanyol','RCD Espanyol'),(319,'Omar el Hilali','1977-01-01',1078,27,75.52,'Right',2,7,5,'RCD Espanyol','RCD Espanyol'),(320,'Alejo Veliz','1987-01-01',2892,38,50.31,'Left',1.81,5,1,'RCD Espanyol','RCD Espanyol'),(321,'Justin Smith','1989-01-01',2539,33,60.9,'Right',1.88,8,5,'RCD Espanyol','RCD Espanyol'),(322,'Roberto Fernndez','1981-01-01',1823,39,59.98,'Left',1.88,15,5,'RCD Espanyol','RCD Espanyol'),(323,'Joan Garca','1993-01-01',2094,25,47.31,'Left',1.76,5,0,'RCD Espanyol','RCD Espanyol'),(324,'Jofre Carreras','2000-01-01',2602,35,90.12,'Right',1.8,10,4,'RCD Espanyol','RCD Espanyol'),(325,'Walid Cheddira','1974-01-01',2095,28,74.1,'Left',1.93,13,0,'RCD Espanyol','RCD Espanyol'),(326,'ngel Fortuo','2003-01-01',2038,38,21.72,'Right',1.83,2,3,'RCD Espanyol','RCD Espanyol'),(327,'Carlos Romero','2005-01-01',2217,20,69.91,'Right',1.79,12,3,'RCD Espanyol','RCD Espanyol'),(328,'Omar Sadik','1978-01-01',1742,38,35.67,'Left',1.66,6,2,'RCD Espanyol','RCD Espanyol'),(329,'Antoniu Roca','1983-01-01',1175,27,16.55,'Right',1.84,6,0,'RCD Espanyol','RCD Espanyol'),(330,'Dani Rodrguez','1984-01-01',2033,29,31.7,'Left',1.95,15,0,'RCD Mallorca','RCD Mallorca'),(331,'Abdn Prats','2005-01-01',2130,36,20.34,'Right',2,7,2,'RCD Mallorca','RCD Mallorca'),(332,'Omar Mascarell','1976-01-01',2269,31,38.58,'Right',1.83,2,4,'RCD Mallorca','RCD Mallorca'),(333,'Antonio Rallo','1997-01-01',1916,12,39.03,'Right',1.81,6,1,'RCD Mallorca','RCD Mallorca'),(334,'Johan Mojica','1982-01-01',2464,38,16.13,'Left',1.66,10,5,'RCD Mallorca','RCD Mallorca'),(335,'Sergi Darder','2002-01-01',2056,33,99.61,'Left',1.86,4,4,'RCD Mallorca','RCD Mallorca'),(336,'Martin Valjent','1978-01-01',1384,39,94.98,'Right',1.76,11,2,'RCD Mallorca','RCD Mallorca'),(337,'Takuma Asano','1985-01-01',2816,32,15.44,'Left',1.65,6,1,'RCD Mallorca','RCD Mallorca'),(338,'Vedat Muriqi','1990-01-01',2985,15,84.06,'Left',2,13,4,'RCD Mallorca','RCD Mallorca'),(339,'Cyle Larin','1982-01-01',2175,14,14.36,'Left',1.77,13,0,'RCD Mallorca','RCD Mallorca'),(340,'Pablo Maffeo','1985-01-01',1837,29,53.39,'Right',1.65,10,2,'RCD Mallorca','RCD Mallorca'),(341,'Toni Lato','1994-01-01',1213,13,9.8,'Left',1.66,14,5,'RCD Mallorca','RCD Mallorca'),(342,'Manu Morlanes','1985-01-01',1853,22,95.13,'Right',1.69,12,1,'RCD Mallorca','RCD Mallorca'),(343,'Dominik Greif','2005-01-01',2618,26,88.61,'Right',1.93,12,5,'RCD Mallorca','RCD Mallorca'),(344,'Robert Navarro','1985-01-01',1833,27,17.81,'Right',1.97,9,0,'RCD Mallorca','RCD Mallorca'),(345,'Mateu Morey','1990-01-01',1171,29,87.13,'Left',1.78,4,0,'RCD Mallorca','RCD Mallorca'),(346,'Valery Fernndez','1995-01-01',1321,27,60.76,'Left',1.9,1,5,'RCD Mallorca','RCD Mallorca'),(347,'Antonio Snchez','1998-01-01',1137,32,5.71,'Right',1.94,5,2,'RCD Mallorca','RCD Mallorca'),(348,'Sam Costa','1990-01-01',2576,27,39.22,'Right',1.9,5,3,'RCD Mallorca','RCD Mallorca'),(349,'Francisco Chiquinho','1970-01-01',1802,38,8.92,'Right',1.94,9,5,'RCD Mallorca','RCD Mallorca'),(350,'Jos Copete','2001-01-01',1424,14,35.29,'Left',1.89,15,3,'RCD Mallorca','RCD Mallorca'),(351,'Leo Romn','2003-01-01',2846,24,88.87,'Right',1.98,13,4,'RCD Mallorca','RCD Mallorca'),(352,'David Lpez','1990-01-01',2483,26,6.94,'Right',1.9,5,3,'RCD Mallorca','RCD Mallorca'),(353,'Marc Domnech','1996-01-01',2429,35,28.62,'Right',1.92,6,5,'RCD Mallorca','RCD Mallorca'),(354,'Ricardo Rodrguez','1993-01-01',1932,16,71.21,'Right',1.96,2,2,'Real Betis','Real Betis'),(355,'Alarcn Isco','2002-01-01',2534,22,91.24,'Left',1.88,0,4,'Real Betis','Real Betis'),(356,'Cdric Bakambu','1980-01-01',2300,40,57.64,'Right',1.67,4,3,'Real Betis','Real Betis'),(357,'Chimy vila','1973-01-01',1496,16,89.49,'Right',1.9,6,3,'Real Betis','Real Betis'),(358,'William Carvalho','1970-01-01',1057,17,27.96,'Left',1.89,6,5,'Real Betis','Real Betis'),(359,'Diego Llorente','1998-01-01',2892,30,59.22,'Right',1.98,10,2,'Real Betis','Real Betis'),(360,'Adrin San Miguel','1996-01-01',1366,10,95.25,'Right',1.96,13,3,'Real Betis','Real Betis'),(361,'Youssouf Sabaly','1987-01-01',1596,20,40.43,'Right',1.77,5,1,'Real Betis','Real Betis'),(362,'Hctor Bellern','1971-01-01',2105,25,49.9,'Right',1.98,9,5,'Real Betis','Real Betis'),(363,'Giovani Lo Celso','1998-01-01',2446,37,54.58,'Right',1.97,10,2,'Real Betis','Real Betis'),(364,'Pablo Fornals','1984-01-01',2657,13,57.91,'Left',1.85,6,3,'Real Betis','Real Betis'),(365,'Marc Roca','1990-01-01',2422,18,60.9,'Left',1.71,6,3,'Real Betis','Real Betis'),(366,'Cucho Hernndez','2005-01-01',2485,33,59.11,'Left',1.85,5,4,'Real Betis','Real Betis'),(367,'Romain Perraud','1993-01-01',1511,33,5.58,'Right',1.93,7,4,'Real Betis','Real Betis'),(368,'Aitor Ruibal','1996-01-01',2061,18,88.11,'Left',1.79,4,2,'Real Betis','Real Betis'),(369,'Santos Antony','1982-01-01',1632,39,53.2,'Left',1.71,10,3,'Real Betis','Real Betis'),(370,'Johnny Cardoso','1978-01-01',1085,38,72.58,'Right',1.88,11,3,'Real Betis','Real Betis'),(371,'Fran Vieites','1971-01-01',1516,32,38.28,'Right',1.76,13,4,'Real Betis','Real Betis'),(372,'Bernardo Natan','1981-01-01',1076,27,98.18,'Right',1.8,5,1,'Real Betis','Real Betis'),(373,'Abde Ezzalzouli','1983-01-01',1344,23,70.86,'Right',1.96,9,3,'Real Betis','Real Betis'),(374,'Sergi Altimira','1983-01-01',1589,38,13.66,'Right',1.88,12,4,'Real Betis','Real Betis'),(375,'Jess Rodrguez','1988-01-01',2109,32,19.23,'Left',1.85,12,0,'Real Betis','Real Betis'),(376,'Thibaut Courtois','1994-01-01',1703,35,10,'Right',1.7,7,0,'Real Madrid','Real Madrid'),(377,'David Alaba','1998-01-01',1081,14,43.48,'Right',1.89,3,3,'Real Madrid','Real Madrid'),(378,'Daniel Carvajal','1971-01-01',2889,11,94.48,'Left',1.7,4,2,'Real Madrid','Real Madrid'),(379,'Antonio Rdiger','1986-01-01',1488,16,96.02,'Left',1.97,11,1,'Real Madrid','Real Madrid'),(380,'Lucas Vzquez','1978-01-01',1290,23,87.02,'Left',1.82,14,4,'Real Madrid','Real Madrid'),(381,'Dani Ceballos','1977-01-01',2471,15,81.04,'Right',1.92,6,3,'Real Madrid','Real Madrid'),(382,'Jess Vallejo','1977-01-01',1656,31,40.2,'Right',1.75,2,2,'Real Madrid','Real Madrid'),(383,'Federico Valverde','1978-01-01',2472,40,59.45,'Right',1.79,7,3,'Real Madrid','Real Madrid'),(384,'Ferland Mendy','1973-01-01',1795,38,41.46,'Right',1.99,13,1,'Real Madrid','Real Madrid'),(385,'Kylian Mbapp','1985-01-01',1092,31,19.35,'Left',1.88,8,4,'Real Madrid','Real Madrid'),(386,'Brahim Daz','1994-01-01',2684,18,64.72,'Left',1.9,12,2,'Real Madrid','Real Madrid'),(387,'Vincius Jnior','2003-01-01',2135,18,22.08,'Left',1.91,9,0,'Real Madrid','Real Madrid'),(388,'Andriy Lunin','2005-01-01',1796,17,61.87,'Left',1.9,8,4,'Real Madrid','Real Madrid'),(389,'Goes Rodrygo','1979-01-01',1090,22,48.41,'Right',1.9,10,4,'Real Madrid','Real Madrid'),(390,'der Milito','1971-01-01',2186,18,38.99,'Right',1.84,13,0,'Real Madrid','Real Madrid'),(391,'Aurlien Tchouameni','1980-01-01',1411,17,93.83,'Left',1.86,9,2,'Real Madrid','Real Madrid'),(392,'Fran Garca','1991-01-01',2559,24,32.82,'Right',1.97,11,5,'Real Madrid','Real Madrid'),(393,'Eduardo Camavinga','2000-01-01',1858,28,50.57,'Right',1.93,12,0,'Real Madrid','Real Madrid'),(394,'Jude Bellingham','1987-01-01',1220,31,89.92,'Left',1.95,1,0,'Real Madrid','Real Madrid'),(395,'Arda Gler','1984-01-01',1919,12,6.19,'Right',1.83,12,3,'Real Madrid','Real Madrid'),(396,'Felipe Endrick','1988-01-01',1928,19,44.73,'Right',1.71,14,0,'Real Madrid','Real Madrid'),(397,'Gonzalo Garca','2005-01-01',1054,34,67.7,'Right',1.89,14,0,'Real Madrid','Real Madrid'),(398,'Jacobo Ramn','1972-01-01',1606,23,20.19,'Left',1.68,2,4,'Real Madrid','Real Madrid'),(399,'Ral Asencio','2003-01-01',2217,32,52.42,'Right',1.89,9,4,'Real Madrid','Real Madrid'),(400,'Fran Gonzlez','1993-01-01',2871,35,55.52,'Right',1.8,6,0,'Real Madrid','Real Madrid'),(401,'Aritz Elustondo','1988-01-01',1160,37,93.76,'Right',1.89,15,0,'Real Sociedad','Real Sociedad'),(402,'lvaro Odriozola','2001-01-01',1045,12,67.21,'Right',1.87,2,2,'Real Sociedad','Real Sociedad'),(403,'lex Remiro','1987-01-01',2834,13,50.11,'Left',1.65,7,0,'Real Sociedad','Real Sociedad'),(404,'Sheraldo Becker','1975-01-01',2453,25,69.8,'Left',1.9,2,0,'Real Sociedad','Real Sociedad'),(405,'Nayef Aguerd','2004-01-01',2266,31,24.58,'Right',1.91,10,0,'Real Sociedad','Real Sociedad'),(406,'Mikel Oyarzabal','2002-01-01',1777,40,86.68,'Right',1.69,0,3,'Real Sociedad','Real Sociedad'),(407,'Igor Zubeldia','1978-01-01',2409,19,44.06,'Left',1.91,5,1,'Real Sociedad','Real Sociedad'),(408,'Takefusa Kubo','1995-01-01',2141,21,6.44,'Right',1.76,4,2,'Real Sociedad','Real Sociedad'),(409,'Sergio Gmez','1981-01-01',2580,12,93.53,'Right',1.81,6,3,'Real Sociedad','Real Sociedad'),(410,'Brais Mndez','1971-01-01',1306,25,15.83,'Right',1.75,9,1,'Real Sociedad','Real Sociedad'),(411,'Aihen Muoz','2004-01-01',2076,39,32.77,'Left',1.82,5,5,'Real Sociedad','Real Sociedad'),(412,'Ander Barrenetxea','1984-01-01',2974,10,19.7,'Right',1.93,13,5,'Real Sociedad','Real Sociedad'),(413,'Luka Sui','1972-01-01',1962,25,11,'Left',1.89,14,0,'Real Sociedad','Real Sociedad'),(414,'Beat Turrientes','1994-01-01',2064,26,80.96,'Left',1.72,0,0,'Real Sociedad','Real Sociedad'),(415,'Jon Pacheco','2002-01-01',1868,25,38.32,'Left',1.81,9,3,'Real Sociedad','Real Sociedad'),(416,'Javi Lpez','1971-01-01',1841,24,43.06,'Right',1.74,13,3,'Real Sociedad','Real Sociedad'),(417,'Martn Zubimendi','1993-01-01',2419,28,70.49,'Right',1.8,0,0,'Real Sociedad','Real Sociedad'),(418,'Arsen Zakharyan','1992-01-01',2054,19,22.56,'Right',1.78,12,2,'Real Sociedad','Real Sociedad'),(419,'Jon Aramburu','1993-01-01',1779,14,98.3,'Left',1.9,6,3,'Real Sociedad','Real Sociedad'),(420,'Unai Marrero','2004-01-01',2554,17,93.76,'Right',1.84,7,3,'Real Sociedad','Real Sociedad'),(421,'Pablo Marn','1973-01-01',1462,33,18.55,'Right',1.65,6,2,'Real Sociedad','Real Sociedad'),(422,'Jon Ander Olasagasti','1985-01-01',2636,30,51.23,'Right',1.72,8,1,'Real Sociedad','Real Sociedad'),(423,'Orri skarsson','1989-01-01',2042,27,99.2,'Right',1.81,9,5,'Real Sociedad','Real Sociedad'),(424,'Jon Martn','1979-01-01',1949,14,76.62,'Left',1.78,8,1,'Real Sociedad','Real Sociedad'),(425,'Henrique Silva','1975-01-01',1498,35,90.91,'Right',1.87,2,5,'Real Valladolid','Real Valladolid'),(426,'Robert Kenedy','1977-01-01',2901,36,25.54,'Left',1.96,12,0,'Real Valladolid','Real Valladolid'),(427,'Ivn Snchez','1973-01-01',1218,15,43.15,'Left',2,2,5,'Real Valladolid','Real Valladolid'),(428,'Florian Grillitsch','2003-01-01',2291,15,18.24,'Left',1.84,10,1,'Real Valladolid','Real Valladolid'),(429,'Mohamed Anuar','1980-01-01',2793,14,85.03,'Left',1.71,0,1,'Real Valladolid','Real Valladolid'),(430,'Mamadou Sylla','1990-01-01',2537,34,18.65,'Left',1.67,14,4,'Real Valladolid','Real Valladolid'),(431,'Joseph Aidoo','1975-01-01',1595,28,94.58,'Left',1.84,12,0,'Real Valladolid','Real Valladolid'),(432,'Selim Amallah','1996-01-01',2146,15,68.99,'Left',1.73,4,4,'Real Valladolid','Real Valladolid'),(433,'Amath Ndiaye','1986-01-01',1150,33,33.65,'Right',1.84,4,4,'Real Valladolid','Real Valladolid'),(434,'Eray Cmert','2000-01-01',1273,31,70.58,'Right',1.98,7,3,'Real Valladolid','Real Valladolid'),(435,'Luis Prez','2003-01-01',2732,28,83.65,'Left',1.67,6,3,'Real Valladolid','Real Valladolid'),(436,'Antonio Candela','1989-01-01',2945,16,8.58,'Right',1.97,15,5,'Real Valladolid','Real Valladolid'),(437,'Javi Snchez','1979-01-01',1391,40,7.07,'Left',1.82,11,1,'Real Valladolid','Real Valladolid'),(438,'Stanko Juri','1987-01-01',1861,14,9.52,'Right',1.93,3,3,'Real Valladolid','Real Valladolid'),(439,'Andr Ferreira','2003-01-01',2930,17,95.48,'Right',1.88,5,2,'Real Valladolid','Real Valladolid'),(440,'Marcos Andr','2001-01-01',1768,18,23.27,'Right',1.69,7,3,'Real Valladolid','Real Valladolid'),(441,'Cenk zkacar','1983-01-01',2003,34,15.02,'Left',1.96,5,3,'Real Valladolid','Real Valladolid'),(442,'Ral Moro','1971-01-01',1159,22,53.85,'Right',1.92,4,2,'Real Valladolid','Real Valladolid'),(443,'Juanmi Latasa','1999-01-01',1395,19,73.6,'Left',1.68,2,5,'Real Valladolid','Real Valladolid'),(444,'Karl Hein','1980-01-01',2484,33,54.78,'Right',1.85,10,0,'Real Valladolid','Real Valladolid'),(445,'Ivn Chuki','1986-01-01',2514,28,7.45,'Right',1.96,13,5,'Real Valladolid','Real Valladolid'),(446,'Mario Martn','1977-01-01',2255,35,96.93,'Right',1.84,5,0,'Real Valladolid','Real Valladolid'),(447,'Adam Aznou','1974-01-01',1347,31,34.67,'Right',1.67,5,4,'Real Valladolid','Real Valladolid'),(448,'David Torres','2000-01-01',1371,21,39.99,'Left',1.82,14,4,'Real Valladolid','Real Valladolid'),(449,'Jorge Delgado','1970-01-01',2864,34,65.4,'Left',1.82,15,0,'Real Valladolid','Real Valladolid'),(450,'Adrin Arnu','1975-01-01',1237,10,35.04,'Right',1.79,12,2,'Real Valladolid','Real Valladolid'),(451,'Tams Nikitscher','1981-01-01',2263,11,8.88,'Right',2,8,4,'Real Valladolid','Real Valladolid'),(452,'Sal Nguez','1982-01-01',1981,24,7.61,'Left',1.72,15,0,'Sevilla','Sevilla'),(453,'Fernndez Suso','1975-01-01',1307,38,71.8,'Left',1.77,1,3,'Sevilla','Sevilla'),(454,'Orjan Nyland','1991-01-01',2502,12,48.6,'Left',1.98,7,4,'Sevilla','Sevilla'),(455,'Djibril Sow','1970-01-01',1997,10,11.16,'Right',1.97,12,5,'Sevilla','Sevilla'),(456,'Dodi Lukebakio','1999-01-01',1801,20,83.74,'Left',1.99,7,0,'Sevilla','Sevilla'),(457,'Teixeira Marco','1981-01-01',1767,31,37.06,'Right',1.69,3,1,'Sevilla','Sevilla'),(458,'lvaro Fernndez','1972-01-01',2163,26,90.96,'Right',1.88,6,4,'Sevilla','Sevilla'),(459,'Chidera Ejuke','1976-01-01',2507,17,50.78,'Left',1.75,0,3,'Sevilla','Sevilla'),(460,'Rubn Vargas','1974-01-01',2732,14,97.36,'Left',1.86,13,2,'Sevilla','Sevilla'),(461,'Albert Sambi Lokonga','1982-01-01',2011,24,37.53,'Right',1.94,6,0,'Sevilla','Sevilla'),(462,'Lucien Agoum','1984-01-01',2421,25,51.2,'Left',1.71,12,4,'Sevilla','Sevilla'),(463,'Adri Pedrosa','2002-01-01',1704,28,46.75,'Right',2,3,1,'Sevilla','Sevilla'),(464,'Tanguy Nianzou','1972-01-01',2301,38,68.11,'Left',1.75,9,5,'Sevilla','Sevilla'),(465,'Loc Bad','1978-01-01',1085,11,86.37,'Left',1.8,0,5,'Sevilla','Sevilla'),(466,'Peque Fernndez','1988-01-01',1479,28,37.41,'Left',1.84,9,4,'Sevilla','Sevilla'),(467,'Juanlu Snchez','1989-01-01',2017,33,27.49,'Left',1.98,9,1,'Sevilla','Sevilla'),(468,'Pedro Ortiz','1994-01-01',1162,14,52.31,'Right',1.67,14,4,'Sevilla','Sevilla'),(469,'Akor Adams','1995-01-01',2181,29,68.5,'Left',1.98,11,1,'Sevilla','Sevilla'),(470,'Jos Angel Carmona','2003-01-01',1428,17,47.6,'Left',1.79,4,1,'Sevilla','Sevilla'),(471,'Kike Salas','1991-01-01',2843,35,67.25,'Right',1.93,4,3,'Sevilla','Sevilla'),(472,'Stanis Idumbo','2003-01-01',1458,16,50.13,'Right',1.65,9,5,'Sevilla','Sevilla'),(473,'Manu Bueno','1990-01-01',2481,38,43.24,'Left',1.7,0,2,'Sevilla','Sevilla'),(474,'Isaac Romero','1977-01-01',2517,37,79.17,'Left',1.99,3,1,'Sevilla','Sevilla'),(475,'Adnan Januzaj','1985-01-01',1438,22,79,'Left',1.76,0,0,'Sevilla','Sevilla'),(476,'Joan Jordn','1994-01-01',1595,11,54.69,'Right',1.77,6,5,'Sevilla','Sevilla'),(477,'Kelechi Iheanacho','1992-01-01',2881,24,16.07,'Right',1.78,4,0,'Sevilla','Sevilla'),(478,'Rafa Mir','1995-01-01',1502,31,59.13,'Left',1.85,12,3,'Sevilla','Sevilla'),(479,'Federico Gattoni','1976-01-01',2055,37,19.57,'Left',1.89,6,3,'Sevilla','Sevilla'),(480,'Alberto Flores','1973-01-01',1147,31,23.4,'Left',1.91,12,5,'Sevilla','Sevilla'),(481,'Lulo Dasilva','1998-01-01',2277,12,9.22,'Right',1.96,5,5,'Sevilla','Sevilla'),(482,'Andrs Castrn','1987-01-01',1657,36,37.52,'Left',1.71,5,4,'Sevilla','Sevilla'),(483,'Mateo Meja','1979-01-01',1235,27,46.61,'Left',1.77,12,5,'Sevilla','Sevilla'),(484,'Matas rbol','2001-01-01',1637,26,65.05,'Left',1.92,9,1,'Sevilla','Sevilla'),(485,'Diego Hormigo','1975-01-01',1523,32,72.11,'Left',1.99,15,1,'Sevilla','Sevilla'),(486,'Ramon Martnez','1983-01-01',1518,17,47.22,'Left',1.91,10,2,'Sevilla','Sevilla'),(487,'Leo Mascar','2005-01-01',1901,11,27.65,'Left',1.66,9,4,'Sevilla','Sevilla'),(488,'Joaquin Oso','1975-01-01',1087,26,38.95,'Right',1.75,15,5,'Sevilla','Sevilla'),(489,'Sergio Martnez','2001-01-01',2592,12,52.72,'Right',1.99,3,1,'Sevilla','Sevilla'),(490,'Isra Domnguez','1993-01-01',1414,33,83.75,'Left',1.67,13,4,'Sevilla','Sevilla'),(491,'Daro Benavides','1996-01-01',1047,35,26.94,'Right',1.77,4,0,'Sevilla','Sevilla'),(492,'Pablo Rivera','1983-01-01',1898,33,39.53,'Right',1.68,12,4,'Sevilla','Sevilla'),(493,'Ibrahima Sow','1978-01-01',2985,15,66.12,'Right',1.75,0,2,'Sevilla','Sevilla'),(494,'Alexandro Fernndez','1986-01-01',1845,36,29.92,'Right',1.82,1,5,'Sevilla','Sevilla'),(495,'Rafael Romero','2005-01-01',1681,11,25.18,'Right',1.77,13,3,'Sevilla','Sevilla'),(496,'Juan Cortz','1994-01-01',2004,11,77.68,'Right',1.78,2,4,'Sevilla','Sevilla'),(497,'Iker Villar','1970-01-01',2686,39,89.23,'Right',1.68,2,0,'Sevilla','Sevilla'),(498,'Alberto Collado','2000-01-01',2593,38,12.44,'Right',1.68,9,0,'Sevilla','Sevilla'),(499,'Bakary Sow','1984-01-01',1924,19,78.85,'Right',1.86,15,0,'Sevilla','Sevilla'),(500,'Iker Muoz','1990-01-01',1367,16,74.16,'Left',1.77,6,3,'Sevilla','Sevilla'),(501,'Robert Jalade','1990-01-01',2002,30,75.18,'Left',1.71,1,0,'Sevilla','Sevilla'),(502,'Nico Guilln','2002-01-01',2318,32,15.46,'Right',1.81,5,2,'Sevilla','Sevilla'),(503,'lvaro Pascual','1998-01-01',2646,38,47.46,'Right',1.7,13,3,'Sevilla','Sevilla'),(504,'Alexis Ciria','1988-01-01',2214,37,49.77,'Left',1.69,4,4,'Sevilla','Sevilla'),(505,'Manuel di Massimo','1977-01-01',1077,34,56.26,'Right',1.95,14,4,'Sevilla','Sevilla'),(506,'Jos Campaa','1970-01-01',2068,38,36.81,'Right',1.68,13,3,NULL,NULL),(507,'Jaime Mata','1987-01-01',1622,37,7.79,'Right',1.88,0,2,NULL,NULL),(508,'Adnan Januzaj','1996-01-01',2028,30,42.84,'Left',1.99,15,0,NULL,NULL),(509,'Sandro Ramrez','1992-01-01',1587,11,28.32,'Right',1.7,6,1,NULL,NULL),(510,'Oli Mcburnie','1982-01-01',2900,15,87.87,'Left',1.85,15,3,NULL,NULL),(511,'Benito Ramrez','1970-01-01',1521,26,60.56,'Right',1.68,5,5,NULL,NULL),(512,'Javi Muoz','1977-01-01',1383,24,40.87,'Right',1.79,6,3,NULL,NULL),(513,'Scott Mckenna','1985-01-01',2719,13,60.43,'Right',1.71,11,1,NULL,NULL),(514,'lex Muoz','1984-01-01',1767,30,82.88,'Left',1.99,11,1,NULL,NULL),(515,'Marc Cardona','1981-01-01',2196,29,50.3,'Right',1.96,5,2,NULL,NULL),(516,'Dinko Horka','1973-01-01',1192,24,96.15,'Left',1.87,0,0,NULL,NULL),(517,'Viti Rozada','1970-01-01',1620,36,64.81,'Right',1.73,0,5,NULL,NULL),(518,'Enzo Loiodice','1993-01-01',1797,11,23.28,'Right',1.78,12,2,NULL,NULL),(519,'Fbio Silva','1971-01-01',2624,11,60.37,'Left',1.71,15,2,NULL,NULL),(520,'Manu Fuster','1987-01-01',2958,33,89,'Left',2,1,4,NULL,NULL),(521,'Andy Pelmard','1997-01-01',1505,21,70.34,'Right',1.69,3,3,NULL,NULL),(522,'Alex Surez','1997-01-01',2857,27,92.26,'Left',1.7,2,0,NULL,NULL),(523,'Kirian Rodrguez','1995-01-01',2837,26,63.91,'Left',1.83,9,1,NULL,NULL),(524,'Marvin Park','2004-01-01',1487,37,55.51,'Right',1.95,8,2,NULL,NULL),(525,'Drio Essugo','2003-01-01',2612,14,66.29,'Right',1.91,2,2,NULL,NULL),(526,'Alberto Moleiro','1982-01-01',1364,26,16.01,'Right',1.97,10,5,NULL,NULL),(527,'Mika Mrmol','2004-01-01',2275,26,42.38,'Left',1.86,0,2,NULL,NULL),(528,'Stefan Bajcetic','1988-01-01',1265,34,34.68,'Left',1.66,15,1,NULL,NULL),(529,'Juanma Herzog','2003-01-01',2398,37,88.12,'Right',1.8,3,3,NULL,NULL),(530,'Stole Dimitrievski','1987-01-01',2720,14,97.25,'Right',1.85,6,2,'Valencia CF','Valencia CF'),(531,'Jos Gay','1971-01-01',2324,33,38.01,'Right',1.83,7,5,'Valencia CF','Valencia CF'),(532,'Luis Rioja','1991-01-01',1241,14,94.93,'Left',1.98,3,1,'Valencia CF','Valencia CF'),(533,'Jaume Domnech','1995-01-01',2872,40,75.9,'Left',1.7,4,3,'Valencia CF','Valencia CF'),(534,'Mouctar Diakhaby','1991-01-01',1862,40,95.77,'Left',1.82,12,1,'Valencia CF','Valencia CF'),(535,'Sergi Cans','1992-01-01',2519,29,27.4,'Left',1.66,10,4,'Valencia CF','Valencia CF'),(536,'Jos Luis Pepelu','1994-01-01',2321,25,74.33,'Right',1.82,10,4,'Valencia CF','Valencia CF'),(537,'Rafa Mir','1976-01-01',1558,40,72.37,'Right',1.76,7,3,'Valencia CF','Valencia CF'),(538,'Umar Sadiq','1973-01-01',2283,24,36.14,'Left',1.73,11,1,'Valencia CF','Valencia CF'),(539,'Hugo Duro','1983-01-01',1669,40,14.29,'Left',1.98,4,2,'Valencia CF','Valencia CF'),(540,'Hugo Guillamn','1984-01-01',1295,13,52.45,'Right',1.75,0,4,'Valencia CF','Valencia CF'),(541,'Thierry Correia','1972-01-01',2795,38,43.47,'Left',1.79,1,0,'Valencia CF','Valencia CF'),(542,'Max Aarons','1991-01-01',2815,31,24.25,'Left',1.85,1,1,'Valencia CF','Valencia CF'),(543,'Enzo Barrenechea','1998-01-01',2555,39,19.8,'Left',1.68,3,3,'Valencia CF','Valencia CF'),(544,'Andr Almeida','1977-01-01',2212,29,18.86,'Right',1.86,7,5,'Valencia CF','Valencia CF'),(545,'Ivn Jaime','1994-01-01',2026,15,82.5,'Left',1.98,15,1,'Valencia CF','Valencia CF'),(546,'Jess Vzquez','1989-01-01',1343,15,70.17,'Right',1.69,6,1,'Valencia CF','Valencia CF'),(547,'Giorgi Mamardashvili','1978-01-01',2235,14,8.09,'Left',1.76,0,0,'Valencia CF','Valencia CF'),(548,'Cristhian Mosquera','1976-01-01',2508,22,48.99,'Right',1.94,12,2,'Valencia CF','Valencia CF'),(549,'Yarek Gasiorowski','1979-01-01',2676,38,88.08,'Right',1.77,3,1,'Valencia CF','Valencia CF'),(550,'Fran Prez','1988-01-01',2077,26,53.12,'Right',1.83,15,3,'Valencia CF','Valencia CF'),(551,'Diego Lpez','1975-01-01',1403,34,92.38,'Right',1.76,4,3,'Valencia CF','Valencia CF'),(552,'Javi Guerra','1989-01-01',1771,23,84.35,'Left',1.75,5,2,'Valencia CF','Valencia CF'),(553,'Csar Tarrega','2002-01-01',1728,13,65.15,'Right',1.67,7,0,'Valencia CF','Valencia CF'),(554,'Martn Tejn','2003-01-01',2307,24,99.73,'Left',1.71,14,5,'Valencia CF','Valencia CF'),(555,'Eray Cmert','2004-01-01',1043,27,26.98,'Right',1.97,11,5,'Valencia CF','Valencia CF'),(556,'Cristian Rivero','2005-01-01',2900,18,58.56,'Left',1.78,12,1,'Valencia CF','Valencia CF'),(557,'Cenk zkacar','1998-01-01',2313,22,14.19,'Left',1.76,5,3,'Valencia CF','Valencia CF'),(558,'Germn Valera','1979-01-01',1784,39,26.56,'Left',1.7,7,1,'Valencia CF','Valencia CF'),(559,'Hugo Gonzlez','1978-01-01',1227,11,15.54,'Left',1.69,3,0,'Valencia CF','Valencia CF'),(560,'Andrs Caro','1990-01-01',1066,10,63.67,'Right',1.84,15,4,'Valencia CF','Valencia CF'),(561,'Rben Iranzo','1996-01-01',2605,16,90.64,'Right',2,10,1,'Valencia CF','Valencia CF'),(562,'Marco Camus','1999-01-01',1206,21,19.62,'Right',1.75,3,5,'Valencia CF','Valencia CF'),(563,'Simn Luca Prez','1984-01-01',1602,24,78.36,'Right',1.86,3,5,'Valencia CF','Valencia CF'),(564,'Pedro Aleman','1978-01-01',1059,10,21.18,'Left',1.89,15,1,'Valencia CF','Valencia CF'),(565,'Nil Ruiz','1985-01-01',2862,11,68.88,'Left',1.79,4,5,'Valencia CF','Valencia CF'),(566,'Alberto Mar','1999-01-01',1550,23,61.07,'Right',1.87,11,4,'Valencia CF','Valencia CF'),(567,'Mario Domnguez','1986-01-01',2068,23,50.41,'Right',1.74,12,4,'Valencia CF','Valencia CF'),(568,'Ral Jimnez','1990-01-01',2152,26,59.7,'Left',1.88,6,5,'Valencia CF','Valencia CF'),(569,'David Otorbi','1995-01-01',1026,35,74,'Right',1.78,9,2,'Valencia CF','Valencia CF'),(570,'Vicent Abril','1980-01-01',2660,27,29.74,'Right',1.86,14,3,'Valencia CF','Valencia CF'),(571,'Rodrigo Abajas','1988-01-01',2984,16,43.73,'Right',1.91,1,4,'Valencia CF','Valencia CF'),(572,'Iker Crdoba','2004-01-01',2893,11,48.93,'Right',1.71,8,4,'Valencia CF','Valencia CF'),(573,'lex Serradell','1989-01-01',2684,15,91.5,'Left',1.91,2,4,'Valencia CF','Valencia CF'),(574,'Ismael Santana','1990-01-01',1627,40,24.87,'Left',1.96,5,0,'Valencia CF','Valencia CF'),(575,'Pablo Lpez','2000-01-01',2982,37,85.82,'Left',1.87,6,4,'Valencia CF','Valencia CF'),(576,'Dani Parejo','1995-01-01',1796,30,48.94,'Left',1.82,11,3,'Villarreal CF','Villarreal CF'),(577,'Kiko Femena','1985-01-01',2577,31,48.17,'Left',1.87,4,1,'Villarreal CF','Villarreal CF'),(578,'Dens Surez','1995-01-01',1465,23,66.15,'Left',1.95,2,2,'Villarreal CF','Villarreal CF'),(579,'Gerard Moreno','2005-01-01',2455,16,36.85,'Left',1.7,15,4,'Villarreal CF','Villarreal CF'),(580,'Ayoze Prez','2003-01-01',2996,19,65.48,'Right',1.8,1,5,'Villarreal CF','Villarreal CF'),(581,'Eric Bailly','1996-01-01',2220,25,16.25,'Right',1.98,11,5,'Villarreal CF','Villarreal CF'),(582,'Nicolas Pp','1972-01-01',1833,21,31.97,'Left',1.84,3,5,'Villarreal CF','Villarreal CF'),(583,'Alfonso Pedraza','2001-01-01',2854,22,38.33,'Left',1.96,11,5,'Villarreal CF','Villarreal CF'),(584,'Santi Comesaa','2001-01-01',2043,24,34.25,'Left',1.96,5,4,'Villarreal CF','Villarreal CF'),(585,'Juan Foyth','2004-01-01',1088,15,65.38,'Left',1.72,2,2,'Villarreal CF','Villarreal CF'),(586,'Pape Gueye','1989-01-01',2223,23,53.67,'Right',1.78,11,2,'Villarreal CF','Villarreal CF'),(587,'Tajon Buchanan','1983-01-01',2165,13,26.75,'Right',1.66,9,2,'Villarreal CF','Villarreal CF'),(588,'lex Baena','1974-01-01',1057,18,6.4,'Left',1.73,8,0,'Villarreal CF','Villarreal CF'),(589,'Diego Conde','1984-01-01',2707,30,38.57,'Left',1.95,5,3,'Villarreal CF','Villarreal CF'),(590,'Yremy Pino','2002-01-01',1747,33,88.32,'Right',1.7,4,4,'Villarreal CF','Villarreal CF'),(591,'Ilias Akhomach','1980-01-01',1766,13,12.26,'Left',1.69,14,0,'Villarreal CF','Villarreal CF'),(592,'Luiz Jnior','1999-01-01',1783,33,18.35,'Left',1.71,9,5,'Villarreal CF','Villarreal CF'),(593,'Logan Costa','1973-01-01',1889,29,99.19,'Right',1.76,7,3,'Villarreal CF','Villarreal CF'),(594,'Iker lvarez','1989-01-01',2897,12,5.23,'Right',1.71,7,3,'Villarreal CF','Villarreal CF'),(595,'Sergi Cardona','2003-01-01',1027,40,14.25,'Right',1.91,2,1,'Villarreal CF','Villarreal CF'),(596,'Thierno Barry','1994-01-01',1749,39,25.27,'Right',1.97,9,2,'Villarreal CF','Villarreal CF'),(597,'Willy Kambwala','1978-01-01',1848,17,92.62,'Right',1.68,13,4,'Villarreal CF','Villarreal CF'),(598,'Pau Navarro','1984-01-01',2794,29,65.43,'Right',1.96,8,4,'Villarreal CF','Villarreal CF'),(599,'Anton Efremov','1973-01-01',2549,17,79.25,'Left',1.81,14,4,'Villarreal CF','Villarreal CF'),(600,'Arnaut Danjuma','1985-01-01',1802,39,22.45,'Left',1.91,14,0,'Villarreal CF','Villarreal CF'),(601,'Ramn Terrats','1970-01-01',2270,25,65.11,'Right',1.75,5,5,'Villarreal CF','Villarreal CF'),(602,'Carlo Garca','1999-01-01',1992,15,69.96,'Left',1.74,2,5,'Villarreal CF','Villarreal CF'),(603,'Jorge Pascual','1978-01-01',1886,39,46.34,'Left',1.75,8,3,'Villarreal CF','Villarreal CF'),(604,'Tiago Geralnik','1992-01-01',2456,21,76.24,'Left',1.99,15,5,'Villarreal CF','Villarreal CF'),(605,'Adri Altimira','2003-01-01',2310,17,78.65,'Left',1.79,3,3,'Villarreal CF','Villarreal CF'),(606,'Andrs Ferrari','1974-01-01',1358,23,78.08,'Right',1.83,12,3,'Villarreal CF','Villarreal CF'),(607,'Liberman Torres','1985-01-01',1211,27,45.47,'Right',1.84,7,4,'Villarreal CF','Villarreal CF'),(608,'Thiago Ojeda','1976-01-01',1355,30,24.48,'Right',1.67,1,1,'Villarreal CF','Villarreal CF'),(609,'lex Fors','2001-01-01',2336,30,38.78,'Left',2,7,1,'Villarreal CF','Villarreal CF'),(610,'Rodri Alonso','1997-01-01',2826,16,34.25,'Left',1.81,7,3,'Villarreal CF','Villarreal CF'),(611,'Carlos Romero','1979-01-01',2433,12,56.5,'Right',1.66,2,4,'Villarreal CF','Villarreal CF'),(612,'Hugo Prez','1972-01-01',1268,20,90.16,'Left',1.81,5,1,'Villarreal CF','Villarreal CF'),(613,'Brais Val','1996-01-01',1973,18,79.1,'Left',1.93,0,2,'Villarreal CF','Villarreal CF'),(614,'Rubn Gmez','1979-01-01',1886,38,61.77,'Left',1.82,11,0,'Villarreal CF','Villarreal CF'),(615,'Dani Requena','1976-01-01',2279,27,10.88,'Left',1.79,5,4,'Villarreal CF','Villarreal CF'),(616,'Antonio Espigares','2003-01-01',2171,16,90.84,'Right',1.96,7,0,'Villarreal CF','Villarreal CF'),(617,'Luis Quintero','1977-01-01',1609,37,62.66,'Left',1.94,0,0,'Villarreal CF','Villarreal CF'),(618,'Vctor Moreno','1989-01-01',2384,33,48.02,'Left',1.7,1,2,'Villarreal CF','Villarreal CF'),(619,'Alex Quevedo','1994-01-01',1453,36,67.77,'Right',1.81,10,3,'Villarreal CF','Villarreal CF'),(620,'Facundo Viveros','1978-01-01',2581,15,46.37,'Right',1.83,3,0,'Villarreal CF','Villarreal CF'),(621,'Etta Eyong','1983-01-01',1418,39,12.55,'Left',1.74,0,2,'Villarreal CF','Villarreal CF'),(622,'Daniel Budesca','2000-01-01',2462,40,27.3,'Right',1.87,5,3,'Villarreal CF','Villarreal CF'),(623,'Gerard Hernndez','1976-01-01',1219,20,17.01,'Left',1.92,0,1,'Villarreal CF','Villarreal CF'),(624,'Ekerette Udom','1985-01-01',1074,23,95.76,'Left',1.87,10,2,'Villarreal CF','Villarreal CF'),(625,'Jordi Ortega','1990-01-01',2481,30,97.42,'Left',1.7,7,5,'Villarreal CF','Villarreal CF'),(626,'Pau Cabanes','1970-01-01',2826,33,97.99,'Left',1.98,5,5,'Villarreal CF','Villarreal CF'),(627,'Ayouba Kon','1971-01-01',2096,38,86.75,'Left',1.67,5,3,'Villarreal CF','Villarreal CF'),(628,'Jean Ives Valou','1990-01-01',1610,15,51,'Left',1.67,5,4,'Villarreal CF','Villarreal CF'),(629,'Alassane Diatta','1993-01-01',1936,27,82.24,'Right',1.83,9,1,'Villarreal CF','Villarreal CF'),(630,'Kike Bartual','1983-01-01',1076,11,26.41,'Left',1.78,15,0,'Villarreal CF','Villarreal CF'),(631,'Douga Fofana','1997-01-01',1518,40,29.87,'Right',1.8,10,1,'Villarreal CF','Villarreal CF'),(632,'Ximo Navarro','2005-01-01',2295,27,96.04,'Left',1.84,9,5,'RC Deportivo','RC Deportivo'),(633,'Hlton Leite','1992-01-01',2258,14,8.41,'Right',1.99,9,0,'RC Deportivo','RC Deportivo'),(634,'Germn Parreo','1998-01-01',2062,38,43.52,'Left',1.89,8,2,'RC Deportivo','RC Deportivo'),(635,'Pablo Martinez','1993-01-01',1271,37,35.41,'Left',1.88,7,4,'RC Deportivo','RC Deportivo'),(636,'Cristian Herrera','1982-01-01',1165,30,45.02,'Right',1.76,14,2,'RC Deportivo','RC Deportivo'),(637,'Jaime Snchez','1991-01-01',1924,13,92.44,'Right',1.78,11,4,'RC Deportivo','RC Deportivo'),(638,'Nuke Mfulu','1999-01-01',1590,31,42.95,'Right',1.95,8,2,'RC Deportivo','RC Deportivo'),(639,'Jos ngel Jurado','1977-01-01',1045,24,14.59,'Right',1.7,9,2,'RC Deportivo','RC Deportivo'),(640,'Pablo Vzquez','2004-01-01',2729,20,65.8,'Right',1.88,8,4,'RC Deportivo','RC Deportivo'),(641,'Denis Genreau','1992-01-01',1891,22,84.25,'Left',1.78,15,2,'RC Deportivo','RC Deportivo'),(642,'Nemanja Toi','1993-01-01',2890,13,94.52,'Right',1.86,6,0,'RC Deportivo','RC Deportivo'),(643,'Hugo Rama','2005-01-01',2533,21,13.01,'Right',1.97,4,2,'RC Deportivo','RC Deportivo'),(644,'Ivn Barbero','1982-01-01',2838,29,74.59,'Right',1.68,7,0,'RC Deportivo','RC Deportivo'),(645,'Zakaria Eddahchouri','1986-01-01',2663,39,10.32,'Right',1.82,9,1,'RC Deportivo','RC Deportivo'),(646,'Diego Villares','1995-01-01',1646,14,30.04,'Right',1.72,3,5,'RC Deportivo','RC Deportivo'),(647,'Mohamed Bouldini','1973-01-01',1885,37,56.77,'Left',1.78,6,0,'RC Deportivo','RC Deportivo'),(648,'Yeremay Hernndez','1972-01-01',2130,14,38.73,'Right',1.8,7,1,'RC Deportivo','RC Deportivo'),(649,'lex Petxa','1977-01-01',2181,10,75.39,'Right',1.78,0,0,'RC Deportivo','RC Deportivo'),(650,'Mario Soriano','1986-01-01',1707,13,25.96,'Left',1.78,7,2,'RC Deportivo','RC Deportivo'),(651,'Charlie Patino','1997-01-01',1253,17,50.19,'Left',1.73,2,3,'RC Deportivo','RC Deportivo'),(652,'Dani Barcia','1977-01-01',1306,15,75.86,'Right',1.66,7,3,'RC Deportivo','RC Deportivo'),(653,'Rafa Obrador','1989-01-01',1041,30,72.84,'Right',1.67,9,2,'RC Deportivo','RC Deportivo'),(654,'David Mella','1998-01-01',1433,32,32.22,'Left',1.72,8,0,'RC Deportivo','RC Deportivo'),(655,'Juan Carlos Gauto','1970-01-01',1337,35,79.19,'Left',1.93,3,1,'RC Deportivo','RC Deportivo'),(656,'Diego Gmez','1990-01-01',1986,18,17.67,'Right',1.9,6,1,'RC Deportivo','RC Deportivo'),(657,'Antonio Davo','1995-01-01',1542,27,42.52,'Right',1.78,10,2,'RC Deportivo','RC Deportivo'),(658,'Pablo Muoz','1980-01-01',1672,38,39.89,'Left',1.92,14,4,'RC Deportivo','RC Deportivo'),(659,'Luis Chacn','1998-01-01',2237,12,56.78,'Left',1.82,10,4,'RC Deportivo','RC Deportivo'),(660,'Quique Fernndez','1994-01-01',2163,27,79.29,'Right',1.69,9,4,'RC Deportivo','RC Deportivo'),(661,'Fabin Urzain','2004-01-01',2305,30,47.91,'Left',1.7,1,3,'RC Deportivo','RC Deportivo'),(662,'Ral Alcaina','1986-01-01',2485,15,56.05,'Right',1.76,7,1,'RC Deportivo','RC Deportivo'),(663,'Eric Puerto','1974-01-01',1798,28,80.43,'Left',1.95,13,0,'RC Deportivo','RC Deportivo'),(664,'Martin Ochoa','2004-01-01',2502,40,41.49,'Right',1.99,12,4,'RC Deportivo','RC Deportivo'),(665,'Iano Simo','1989-01-01',2345,28,33.71,'Left',1.85,5,4,'RC Deportivo','RC Deportivo'),(666,'Kevin Snchez','1984-01-01',2096,36,17.77,'Right',1.74,5,5,'RC Deportivo','RC Deportivo'),(667,'Rubn Lpez','2005-01-01',1409,28,52.45,'Right',1.78,11,1,'RC Deportivo','RC Deportivo');
/*!40000 ALTER TABLE `footballtracker_player` ENABLE KEYS */;
UNLOCK TABLES;

--
-- Table structure for table `footballtracker_playermatch`
--

DROP TABLE IF EXISTS `footballtracker_playermatch`;
/*!40101 SET @saved_cs_client     = @@character_set_client */;
/*!50503 SET character_set_client = utf8mb4 */;
CREATE TABLE `footballtracker_playermatch` (
  `id` bigint NOT NULL AUTO_INCREMENT,
  `match_id` int NOT NULL,
  `player_id` int NOT NULL,
  PRIMARY KEY (`id`),
  UNIQUE KEY `unique_player_match` (`player_id`,`match_id`),
  KEY `footballtracker_play_match_id_f696d199_fk_footballt` (`match_id`),
  CONSTRAINT `footballtracker_play_match_id_f696d199_fk_footballt` FOREIGN KEY (`match_id`) REFERENCES `footballtracker_match` (`match_id`),
  CONSTRAINT `footballtracker_play_player_id_85217f1e_fk_footballt` FOREIGN KEY (`player_id`) REFERENCES `footballtracker_player` (`player_id`)
) ENGINE=InnoDB AUTO_INCREMENT=23 DEFAULT CHARSET=utf8mb4 COLLATE=utf8mb4_0900_ai_ci;
/*!40101 SET character_set_client = @saved_cs_client */;

--
-- Dumping data for table `footballtracker_playermatch`
--

LOCK TABLES `footballtracker_playermatch` WRITE;
/*!40000 ALTER TABLE `footballtracker_playermatch` DISABLE KEYS */;
INSERT INTO `footballtracker_playermatch` VALUES (1,1,1),(2,1,2),(3,1,3),(4,1,4),(5,1,5),(6,1,6),(7,1,7),(8,1,8),(9,1,9),(10,1,10),(11,1,11),(12,1,12),(13,1,13),(14,1,14),(15,1,15),(16,1,16),(17,1,17),(18,1,18),(19,1,19),(20,1,20),(21,1,21),(22,1,22);
/*!40000 ALTER TABLE `footballtracker_playermatch` ENABLE KEYS */;
UNLOCK TABLES;

--
-- Table structure for table `footballtracker_playermatchdata`
--

DROP TABLE IF EXISTS `footballtracker_playermatchdata`;
/*!40101 SET @saved_cs_client     = @@character_set_client */;
/*!50503 SET character_set_client = utf8mb4 */;
CREATE TABLE `footballtracker_playermatchdata` (
  `id` bigint NOT NULL AUTO_INCREMENT,
  `stoppage_time` int NOT NULL,
  `had_extra_time` tinyint(1) NOT NULL,
  `had_penalties` tinyint(1) NOT NULL,
  `assists` int NOT NULL,
  `completed_passes` int NOT NULL,
  `total_passes` int NOT NULL,
  `minutes_played` int NOT NULL,
  `goals_scored` int NOT NULL,
  `shots_on_target` int NOT NULL,
  `total_shots` int NOT NULL,
  `fouls` int NOT NULL,
  `goals_conceded` int NOT NULL,
  `saves` int NOT NULL,
  `position` varchar(2) NOT NULL,
  `match_id` int NOT NULL,
  `player_id` int NOT NULL,
  PRIMARY KEY (`id`),
  UNIQUE KEY `unique_player_match_data_match_player` (`match_id`,`player_id`),
  KEY `footballtracker_play_player_id_0c9ffa32_fk_footballt` (`player_id`),
  CONSTRAINT `footballtracker_play_match_id_56e78000_fk_footballt` FOREIGN KEY (`match_id`) REFERENCES `footballtracker_match` (`match_id`),
  CONSTRAINT `footballtracker_play_player_id_0c9ffa32_fk_footballt` FOREIGN KEY (`player_id`) REFERENCES `footballtracker_player` (`player_id`)
) ENGINE=InnoDB AUTO_INCREMENT=23 DEFAULT CHARSET=utf8mb4 COLLATE=utf8mb4_0900_ai_ci;
/*!40101 SET character_set_client = @saved_cs_client */;

--
-- Dumping data for table `footballtracker_playermatchdata`
--

LOCK TABLES `footballtracker_playermatchdata` WRITE;
/*!40000 ALTER TABLE `footballtracker_playermatchdata` DISABLE KEYS */;
INSERT INTO `footballtracker_playermatchdata` VALUES (1,3,1,0,1,72,96,75,3,4,2,3,1,0,'FW',1,1),(2,5,0,0,2,71,71,117,3,0,1,4,2,3,'FW',1,2),(3,0,0,0,1,28,87,64,1,3,5,2,2,1,'MF',1,3),(4,1,1,1,2,55,57,72,0,2,7,1,1,1,'GK',1,4),(5,5,0,1,0,38,65,68,2,0,4,2,1,3,'GK',1,5),(6,4,0,1,2,71,100,105,3,1,2,2,1,2,'FW',1,6),(7,0,0,1,3,29,74,109,2,1,5,2,1,2,'FW',1,7),(8,1,1,1,2,63,75,84,3,5,8,2,1,2,'GK',1,8),(9,4,1,0,1,44,63,69,1,1,2,3,2,4,'FW',1,9),(10,2,1,1,0,44,93,119,0,0,1,0,1,0,'MF',1,10),(11,1,1,1,1,76,40,94,1,0,3,0,1,5,'DF',1,11),(12,3,1,1,2,50,67,81,3,5,4,3,0,5,'MF',1,12),(13,2,1,1,3,20,83,112,2,2,4,1,2,0,'FW',1,13),(14,4,1,0,1,36,90,71,2,5,1,2,0,1,'GK',1,14),(15,1,1,1,1,44,45,88,2,3,2,3,1,3,'FW',1,15),(16,4,1,0,0,36,54,77,3,0,6,3,1,3,'GK',1,16),(17,4,1,0,1,61,97,66,3,0,2,2,1,2,'GK',1,17),(18,3,0,0,0,39,88,76,3,2,3,2,0,2,'MF',1,18),(19,0,0,1,3,56,49,93,0,5,1,1,2,5,'GK',1,19),(20,3,0,0,3,25,97,107,2,4,3,0,2,3,'FW',1,20),(21,2,0,0,0,69,81,68,2,0,1,3,1,3,'GK',1,21),(22,0,0,1,1,51,66,97,0,2,1,2,0,0,'GK',1,22);
/*!40000 ALTER TABLE `footballtracker_playermatchdata` ENABLE KEYS */;
UNLOCK TABLES;

--
-- Table structure for table `footballtracker_playermatchdatabooking`
--

DROP TABLE IF EXISTS `footballtracker_playermatchdatabooking`;
/*!40101 SET @saved_cs_client     = @@character_set_client */;
/*!50503 SET character_set_client = utf8mb4 */;
CREATE TABLE `footballtracker_playermatchdatabooking` (
  `id` bigint NOT NULL AUTO_INCREMENT,
  `time_booked` time(6) NOT NULL,
  `match_id` int NOT NULL,
  `player_id` int NOT NULL,
  PRIMARY KEY (`id`),
  UNIQUE KEY `unique_player_match_data_booking` (`match_id`,`player_id`,`time_booked`),
  KEY `footballtracker_play_player_id_53340920_fk_footballt` (`player_id`),
  CONSTRAINT `footballtracker_play_match_id_4f1acb6b_fk_footballt` FOREIGN KEY (`match_id`) REFERENCES `footballtracker_match` (`match_id`),
  CONSTRAINT `footballtracker_play_player_id_53340920_fk_footballt` FOREIGN KEY (`player_id`) REFERENCES `footballtracker_player` (`player_id`)
) ENGINE=InnoDB DEFAULT CHARSET=utf8mb4 COLLATE=utf8mb4_0900_ai_ci;
/*!40101 SET character_set_client = @saved_cs_client */;

--
-- Dumping data for table `footballtracker_playermatchdatabooking`
--

LOCK TABLES `footballtracker_playermatchdatabooking` WRITE;
/*!40000 ALTER TABLE `footballtracker_playermatchdatabooking` DISABLE KEYS */;
/*!40000 ALTER TABLE `footballtracker_playermatchdatabooking` ENABLE KEYS */;
UNLOCK TABLES;

--
-- Table structure for table `footballtracker_playermatchdatagoal`
--

DROP TABLE IF EXISTS `footballtracker_playermatchdatagoal`;
/*!40101 SET @saved_cs_client     = @@character_set_client */;
/*!50503 SET character_set_client = utf8mb4 */;
CREATE TABLE `footballtracker_playermatchdatagoal` (
  `id` bigint NOT NULL AUTO_INCREMENT,
  `goal_type` varchar(50) NOT NULL,
  `assisting_player` varchar(100) NOT NULL,
  `time_scored` time(6) NOT NULL,
  `scoring_player` varchar(100) NOT NULL,
  `match_id` int NOT NULL,
  `player_id` int NOT NULL,
  PRIMARY KEY (`id`),
  UNIQUE KEY `unique_player_match_data_goal` (`match_id`,`player_id`,`goal_type`,`assisting_player`,`time_scored`,`scoring_player`),
  KEY `footballtracker_play_player_id_49e78dbf_fk_footballt` (`player_id`),
  CONSTRAINT `footballtracker_play_match_id_b67f5ba7_fk_footballt` FOREIGN KEY (`match_id`) REFERENCES `footballtracker_match` (`match_id`),
  CONSTRAINT `footballtracker_play_player_id_49e78dbf_fk_footballt` FOREIGN KEY (`player_id`) REFERENCES `footballtracker_player` (`player_id`)
) ENGINE=InnoDB DEFAULT CHARSET=utf8mb4 COLLATE=utf8mb4_0900_ai_ci;
/*!40101 SET character_set_client = @saved_cs_client */;

--
-- Dumping data for table `footballtracker_playermatchdatagoal`
--

LOCK TABLES `footballtracker_playermatchdatagoal` WRITE;
/*!40000 ALTER TABLE `footballtracker_playermatchdatagoal` DISABLE KEYS */;
/*!40000 ALTER TABLE `footballtracker_playermatchdatagoal` ENABLE KEYS */;
UNLOCK TABLES;

--
-- Table structure for table `footballtracker_playermatchdatasubstitution`
--

DROP TABLE IF EXISTS `footballtracker_playermatchdatasubstitution`;
/*!40101 SET @saved_cs_client     = @@character_set_client */;
/*!50503 SET character_set_client = utf8mb4 */;
CREATE TABLE `footballtracker_playermatchdatasubstitution` (
  `id` bigint NOT NULL AUTO_INCREMENT,
  `player_on` varchar(100) NOT NULL,
  `player_off` varchar(100) NOT NULL,
  `time_subbed` time(6) NOT NULL,
  `match_id` int NOT NULL,
  `player_id` int NOT NULL,
  PRIMARY KEY (`id`),
  UNIQUE KEY `unique_player_match_data_substitution` (`match_id`,`player_id`,`player_on`,`player_off`,`time_subbed`),
  KEY `footballtracker_play_player_id_bf138f7c_fk_footballt` (`player_id`),
  CONSTRAINT `footballtracker_play_match_id_f8e08b95_fk_footballt` FOREIGN KEY (`match_id`) REFERENCES `footballtracker_match` (`match_id`),
  CONSTRAINT `footballtracker_play_player_id_bf138f7c_fk_footballt` FOREIGN KEY (`player_id`) REFERENCES `footballtracker_player` (`player_id`)
) ENGINE=InnoDB DEFAULT CHARSET=utf8mb4 COLLATE=utf8mb4_0900_ai_ci;
/*!40101 SET character_set_client = @saved_cs_client */;

--
-- Dumping data for table `footballtracker_playermatchdatasubstitution`
--

LOCK TABLES `footballtracker_playermatchdatasubstitution` WRITE;
/*!40000 ALTER TABLE `footballtracker_playermatchdatasubstitution` DISABLE KEYS */;
/*!40000 ALTER TABLE `footballtracker_playermatchdatasubstitution` ENABLE KEYS */;
UNLOCK TABLES;

--
-- Table structure for table `footballtracker_playernationality`
--

DROP TABLE IF EXISTS `footballtracker_playernationality`;
/*!40101 SET @saved_cs_client     = @@character_set_client */;
/*!50503 SET character_set_client = utf8mb4 */;
CREATE TABLE `footballtracker_playernationality` (
  `id` bigint NOT NULL AUTO_INCREMENT,
  `nationality` varchar(2) NOT NULL,
  `player_id` int NOT NULL,
  PRIMARY KEY (`id`),
  UNIQUE KEY `unique_player_nationality` (`player_id`,`nationality`),
  CONSTRAINT `footballtracker_play_player_id_753a21e8_fk_footballt` FOREIGN KEY (`player_id`) REFERENCES `footballtracker_player` (`player_id`)
) ENGINE=InnoDB AUTO_INCREMENT=1335 DEFAULT CHARSET=utf8mb4 COLLATE=utf8mb4_0900_ai_ci;
/*!40101 SET character_set_client = @saved_cs_client */;

--
-- Dumping data for table `footballtracker_playernationality`
--

LOCK TABLES `footballtracker_playernationality` WRITE;
/*!40000 ALTER TABLE `footballtracker_playernationality` DISABLE KEYS */;
INSERT INTO `footballtracker_playernationality` VALUES (1,'DM',1),(2,'ML',1),(3,'AT',2),(4,'GR',2),(6,'DZ',3),(5,'JO',3),(8,'HR',4),(7,'YT',4),(10,'BQ',5),(9,'CN',5),(11,'BF',6),(12,'BT',6),(13,'PM',7),(14,'UA',7),(16,'AF',8),(15,'LA',8),(18,'BR',9),(17,'HR',9),(20,'LT',10),(19,'TT',10),(22,'SH',11),(21,'ZW',11),(23,'PY',12),(24,'ST',12),(25,'GR',13),(26,'TD',13),(28,'ER',14),(27,'MW',14),(30,'SO',15),(29,'SZ',15),(32,'ES',16),(31,'SV',16),(33,'BE',17),(34,'VG',17),(35,'AG',18),(36,'BO',18),(38,'EG',19),(37,'HU',19),(39,'FI',20),(40,'SN',20),(41,'HU',21),(42,'NA',21),(43,'GM',22),(44,'ML',22),(46,'FO',23),(45,'SH',23),(48,'KE',24),(47,'SM',24),(50,'GG',25),(49,'LR',25),(52,'HN',26),(51,'SJ',26),(54,'LB',27),(53,'NZ',27),(56,'NI',28),(55,'SD',28),(57,'CU',29),(58,'VI',29),(59,'LU',30),(60,'ME',30),(61,'BJ',31),(62,'SA',31),(64,'BN',32),(63,'YE',32),(65,'KZ',33),(66,'PK',33),(68,'TZ',34),(67,'UZ',34),(70,'PR',35),(69,'VC',35),(72,'PF',36),(71,'SJ',36),(74,'BD',37),(73,'CN',37),(75,'AG',38),(76,'HK',38),(77,'CO',39),(78,'TT',39),(80,'CR',40),(79,'ES',40),(82,'JM',41),(81,'US',41),(83,'BS',42),(84,'NR',42),(85,'MA',43),(86,'VA',43),(88,'BG',44),(87,'NP',44),(89,'MM',45),(90,'SV',45),(92,'LI',46),(91,'SK',46),(94,'LU',47),(93,'WF',47),(96,'AD',48),(95,'CG',48),(98,'IS',49),(97,'NO',49),(100,'CR',50),(99,'NP',50),(102,'JE',51),(101,'SN',51),(104,'KW',52),(103,'SI',52),(105,'CX',53),(106,'ZA',53),(107,'FI',54),(108,'MO',54),(110,'BD',55),(109,'CN',55),(112,'CU',56),(111,'MT',56),(113,'AS',57),(114,'BI',57),(115,'SL',58),(116,'UG',58),(118,'PR',59),(117,'SL',59),(119,'HK',60),(120,'NR',60),(122,'IT',61),(121,'NI',61),(123,'BV',62),(124,'GB',62),(126,'KR',63),(125,'VU',63),(127,'DM',64),(128,'MR',64),(130,'ET',65),(129,'ZW',65),(132,'KR',66),(131,'TJ',66),(133,'KG',67),(134,'PG',67),(136,'AO',68),(135,'GM',68),(137,'AQ',69),(138,'CO',69),(139,'FJ',70),(140,'SJ',70),(141,'GF',71),(142,'NL',71),(144,'FJ',72),(143,'TH',72),(145,'BS',73),(146,'LS',73),(148,'LK',74),(147,'SK',74),(150,'AI',75),(149,'TT',75),(152,'EH',76),(151,'LT',76),(153,'BH',77),(154,'CY',77),(156,'CD',78),(155,'LU',78),(157,'GY',79),(158,'TL',79),(159,'CC',80),(160,'GU',80),(161,'AG',81),(162,'PG',81),(164,'MZ',82),(163,'QA',82),(166,'LY',83),(165,'NC',83),(167,'KE',84),(168,'NF',84),(169,'MY',85),(170,'SV',85),(172,'AD',86),(171,'KM',86),(173,'IL',87),(174,'YE',87),(176,'CG',88),(175,'EG',88),(178,'AI',89),(177,'FJ',89),(180,'SC',90),(179,'US',90),(181,'FJ',91),(182,'SG',91),(184,'CY',92),(183,'CZ',92),(186,'KW',93),(185,'SS',93),(187,'FO',94),(188,'PY',94),(190,'AS',95),(189,'MA',95),(191,'GL',96),(192,'JM',96),(194,'LB',97),(193,'MS',97),(196,'AE',98),(195,'RW',98),(197,'SM',99),(198,'YT',99),(199,'KG',100),(200,'MZ',100),(202,'AM',101),(201,'GL',101),(204,'KR',102),(203,'ML',102),(205,'ML',103),(206,'MY',103),(207,'AL',104),(208,'GE',104),(210,'SD',105),(209,'VE',105),(212,'SG',106),(211,'SJ',106),(214,'IO',107),(213,'RW',107),(215,'FM',108),(216,'UY',108),(217,'RS',109),(218,'TT',109),(220,'DE',110),(219,'DK',110),(222,'ID',111),(221,'TW',111),(223,'GH',112),(224,'LC',112),(225,'NF',113),(226,'SO',113),(227,'CN',114),(228,'MR',114),(229,'BZ',115),(230,'WF',115),(232,'CL',116),(231,'EH',116),(233,'GN',117),(234,'NF',117),(236,'DJ',118),(235,'MC',118),(237,'MM',119),(238,'NO',119),(239,'PY',120),(240,'SN',120),(241,'AI',121),(242,'PY',121),(244,'AT',122),(243,'CN',122),(246,'CU',123),(245,'MZ',123),(248,'BQ',124),(247,'PN',124),(249,'BQ',125),(250,'MN',125),(252,'NC',126),(251,'RS',126),(254,'IE',127),(253,'JO',127),(255,'BD',128),(256,'MZ',128),(257,'GY',129),(258,'JO',129),(259,'GQ',130),(260,'GR',130),(261,'PM',131),(262,'UY',131),(264,'SK',132),(263,'UG',132),(266,'BY',133),(265,'OM',133),(268,'MU',134),(267,'NU',134),(270,'MU',135),(269,'SY',135),(272,'FJ',136),(271,'SV',136),(274,'ES',137),(273,'SK',137),(276,'MQ',138),(275,'PW',138),(277,'FK',139),(278,'PW',139),(279,'EH',140),(280,'GR',140),(281,'BB',141),(282,'CN',141),(283,'BA',142),(284,'BZ',142),(286,'IE',143),(285,'MY',143),(287,'BO',144),(288,'IQ',144),(289,'CY',145),(290,'FI',145),(291,'US',146),(292,'YT',146),(294,'AO',147),(293,'CF',147),(295,'BF',148),(296,'NI',148),(298,'CG',149),(297,'UM',149),(299,'AD',150),(300,'PL',150),(301,'PL',151),(302,'VN',151),(304,'MX',152),(303,'PR',152),(306,'SL',153),(305,'SN',153),(308,'BB',154),(307,'VN',154),(309,'AW',155),(310,'MF',155),(311,'FJ',156),(312,'MR',156),(314,'MD',157),(313,'TL',157),(315,'CH',158),(316,'HT',158),(318,'TV',159),(317,'WS',159),(320,'CH',160),(319,'MQ',160),(321,'CN',161),(322,'UM',161),(323,'CY',162),(324,'ZW',162),(326,'CF',163),(325,'NR',163),(327,'SY',164),(328,'TV',164),(329,'AX',165),(330,'GB',165),(331,'AT',166),(332,'RE',166),(333,'KP',167),(334,'NR',167),(336,'MP',168),(335,'RS',168),(338,'CO',169),(337,'SO',169),(340,'BV',170),(339,'CU',170),(341,'MR',171),(342,'TK',171),(344,'SK',172),(343,'UY',172),(346,'ID',173),(345,'SD',173),(347,'AQ',174),(348,'FM',174),(349,'BD',175),(350,'DZ',175),(352,'HK',176),(351,'PH',176),(354,'KI',177),(353,'SL',177),(356,'FO',178),(355,'SI',178),(357,'HM',179),(358,'UZ',179),(359,'CC',180),(360,'PY',180),(361,'VA',181),(362,'YT',181),(364,'CV',182),(363,'JE',182),(365,'NL',183),(366,'TC',183),(368,'BM',184),(367,'TD',184),(369,'CM',185),(370,'UZ',185),(371,'BS',186),(372,'NG',186),(373,'PS',187),(374,'TF',187),(375,'SM',188),(376,'TR',188),(378,'AQ',189),(377,'ST',189),(379,'BE',190),(380,'TN',190),(382,'ID',191),(381,'TG',191),(383,'GM',192),(384,'IT',192),(386,'JM',193),(385,'NP',193),(388,'FO',194),(387,'LK',194),(390,'LT',195),(389,'SR',195),(392,'GU',196),(391,'VU',196),(394,'AM',197),(393,'NF',197),(396,'MV',198),(395,'SN',198),(398,'LU',199),(397,'TK',199),(400,'GP',200),(399,'ZA',200),(402,'DO',201),(401,'TV',201),(404,'NE',202),(403,'TC',202),(405,'BT',203),(406,'CV',203),(408,'AZ',204),(407,'VI',204),(410,'DO',205),(409,'SA',205),(412,'AE',206),(411,'CK',206),(413,'ER',207),(414,'PN',207),(416,'CD',208),(415,'KZ',208),(417,'KE',209),(418,'PL',209),(420,'AF',210),(419,'HM',210),(421,'SB',211),(422,'ZA',211),(423,'LA',212),(424,'ZW',212),(425,'FM',213),(426,'MS',213),(427,'MK',214),(428,'SL',214),(430,'GM',215),(429,'PT',215),(431,'MY',216),(432,'NI',216),(433,'HK',217),(434,'MK',217),(435,'BN',218),(436,'BY',218),(438,'AM',219),(437,'CH',219),(440,'SY',220),(439,'TL',220),(441,'MD',221),(442,'SS',221),(443,'DO',222),(444,'GR',222),(445,'DJ',223),(446,'DK',223),(448,'BA',224),(447,'EH',224),(449,'MM',225),(450,'MU',225),(452,'GN',226),(451,'RE',226),(453,'CN',227),(454,'TO',227),(456,'AU',228),(455,'WS',228),(457,'SH',229),(458,'SR',229),(459,'BG',230),(460,'RE',230),(462,'HR',231),(461,'SG',231),(463,'LA',232),(464,'NA',232),(466,'AG',233),(465,'BD',233),(467,'GD',234),(468,'LU',234),(470,'MU',235),(469,'NI',235),(472,'HN',236),(471,'KI',236),(473,'BQ',237),(474,'GA',237),(475,'TC',238),(476,'TV',238),(477,'DO',239),(478,'KE',239),(479,'IE',240),(480,'LS',240),(482,'CM',241),(481,'SN',241),(483,'PK',242),(484,'SK',242),(485,'HN',243),(486,'VC',243),(487,'RU',244),(488,'TJ',244),(489,'CF',245),(490,'JP',245),(492,'AG',246),(491,'SN',246),(494,'HT',247),(493,'NP',247),(495,'CC',248),(496,'SZ',248),(497,'EC',249),(498,'SN',249),(500,'FR',250),(499,'IR',250),(501,'GM',251),(502,'PW',251),(503,'AG',252),(504,'KZ',252),(506,'BL',253),(505,'SM',253),(508,'MP',254),(507,'UA',254),(510,'KW',255),(509,'TD',255),(512,'GI',256),(511,'GW',256),(513,'EH',257),(514,'MX',257),(515,'AG',258),(516,'TR',258),(517,'KM',259),(518,'ME',259),(519,'CL',260),(520,'EC',260),(522,'KP',261),(521,'RW',261),(523,'KG',262),(524,'TJ',262),(525,'MX',263),(526,'TD',263),(527,'ET',264),(528,'FK',264),(530,'AU',265),(529,'TN',265),(532,'EC',266),(531,'TM',266),(534,'AL',267),(533,'DM',267),(535,'TM',268),(536,'US',268),(537,'AU',269),(538,'PL',269),(539,'AL',270),(540,'LC',270),(542,'BY',271),(541,'LU',271),(544,'LR',272),(543,'NP',272),(545,'GF',273),(546,'GH',273),(547,'AO',274),(548,'MT',274),(549,'GL',275),(550,'RS',275),(551,'BB',276),(552,'GS',276),(554,'GQ',277),(553,'MU',277),(555,'GT',278),(556,'MG',278),(557,'SH',279),(558,'SN',279),(560,'KG',280),(559,'UG',280),(561,'AR',281),(562,'MH',281),(563,'GL',282),(564,'PM',282),(566,'NZ',283),(565,'PH',283),(568,'NO',284),(567,'RW',284),(570,'MU',285),(569,'PS',285),(572,'BF',286),(571,'ER',286),(573,'FR',287),(574,'KP',287),(576,'MF',288),(575,'SR',288),(577,'AE',289),(578,'SN',289),(580,'CA',290),(579,'CK',290),(581,'AU',291),(582,'KG',291),(584,'MM',292),(583,'VU',292),(585,'CZ',293),(586,'PH',293),(587,'CM',294),(588,'SR',294),(590,'CR',295),(589,'MC',295),(591,'BM',296),(592,'KG',296),(593,'AE',297),(594,'VC',297),(596,'PE',298),(595,'VC',298),(597,'AQ',299),(598,'VC',299),(599,'BY',300),(600,'OM',300),(601,'LS',301),(602,'RU',301),(603,'CY',302),(604,'VC',302),(606,'DJ',303),(605,'LK',303),(607,'AX',304),(608,'SM',304),(609,'AW',305),(610,'KH',305),(612,'HR',306),(611,'RO',306),(613,'ML',307),(614,'SI',307),(616,'GM',308),(615,'HN',308),(617,'RW',309),(618,'TD',309),(620,'DE',310),(619,'DJ',310),(622,'DJ',311),(621,'LY',311),(623,'RU',312),(624,'SK',312),(625,'AI',313),(626,'SZ',313),(628,'BW',314),(627,'YE',314),(630,'NA',315),(629,'NO',315),(631,'FR',316),(632,'MX',316),(633,'BA',317),(634,'BI',317),(636,'KH',318),(635,'VG',318),(637,'MN',319),(638,'RW',319),(639,'PF',320),(640,'UZ',320),(642,'CK',321),(641,'TZ',321),(644,'FI',322),(643,'PR',322),(645,'OM',323),(646,'UY',323),(647,'MC',324),(648,'TM',324),(650,'LR',325),(649,'TF',325),(652,'EG',326),(651,'TV',326),(653,'CH',327),(654,'CZ',327),(655,'BO',328),(656,'CK',328),(657,'HU',329),(658,'NO',329),(659,'HM',330),(660,'IM',330),(661,'AS',331),(662,'UG',331),(664,'IS',332),(663,'NO',332),(665,'LA',333),(666,'MV',333),(668,'CF',334),(667,'TM',334),(670,'EE',335),(669,'NC',335),(671,'BE',336),(672,'KM',336),(674,'CI',337),(673,'LB',337),(676,'IR',338),(675,'VN',338),(678,'KE',339),(677,'MU',339),(679,'AE',340),(680,'CG',340),(681,'GA',341),(682,'IE',341),(684,'BH',342),(683,'GY',342),(686,'AL',343),(685,'IR',343),(687,'KN',344),(688,'MO',344),(690,'GU',345),(689,'SI',345),(692,'SH',346),(691,'TT',346),(694,'EH',347),(693,'TR',347),(695,'GN',348),(696,'TK',348),(697,'CV',349),(698,'TD',349),(699,'KH',350),(700,'MQ',350),(702,'SK',351),(701,'SO',351),(704,'CF',352),(703,'MM',352),(706,'JO',353),(705,'MR',353),(708,'KI',354),(707,'LB',354),(710,'JO',355),(709,'TD',355),(712,'CU',356),(711,'PF',356),(713,'GY',357),(714,'SM',357),(715,'BL',358),(716,'FO',358),(717,'BT',359),(718,'WF',359),(719,'CX',360),(720,'GM',360),(722,'BH',361),(721,'KM',361),(723,'CC',362),(724,'GS',362),(726,'CO',363),(725,'MX',363),(728,'PW',364),(727,'TV',364),(729,'PY',365),(730,'TD',365),(731,'PK',366),(732,'TL',366),(733,'EG',367),(734,'NU',367),(735,'CI',368),(736,'MF',368),(738,'CM',369),(737,'LI',369),(739,'ME',370),(740,'SJ',370),(742,'FO',371),(741,'NA',371),(743,'CO',372),(744,'SA',372),(746,'CR',373),(745,'MZ',373),(747,'AM',374),(748,'TO',374),(750,'BL',375),(749,'GY',375),(752,'BF',376),(751,'VA',376),(754,'SS',377),(753,'TT',377),(755,'LY',378),(756,'PW',378),(757,'NC',379),(758,'PL',379),(760,'AG',380),(759,'MA',380),(761,'LV',381),(762,'MV',381),(764,'LT',382),(763,'NR',382),(766,'ES',383),(765,'PY',383),(767,'MG',384),(768,'SX',384),(770,'BS',385),(769,'RS',385),(772,'GF',386),(771,'HK',386),(773,'LS',387),(774,'ML',387),(775,'CW',388),(776,'SX',388),(778,'CW',389),(777,'ZA',389),(779,'FI',390),(780,'NI',390),(781,'GH',391),(782,'TM',391),(783,'GL',392),(784,'SO',392),(786,'GN',393),(785,'MX',393),(787,'GU',394),(788,'KI',394),(789,'CF',395),(790,'EG',395),(792,'JE',396),(791,'RE',396),(794,'LC',397),(793,'LI',397),(795,'KY',398),(796,'SD',398),(798,'AF',399),(797,'HK',399),(800,'HT',400),(799,'SY',400),(802,'LB',401),(801,'LV',401),(803,'AQ',402),(804,'TK',402),(806,'MY',403),(805,'TR',403),(808,'BB',404),(807,'IL',404),(810,'AR',405),(809,'KM',405),(811,'KI',406),(812,'LC',406),(813,'AL',407),(814,'ER',407),(815,'BY',408),(816,'CY',408),(817,'CD',409),(818,'RE',409),(820,'MG',410),(819,'VG',410),(821,'BL',411),(822,'DE',411),(823,'AL',412),(824,'NU',412),(825,'RW',413),(826,'SL',413),(827,'KP',414),(828,'TF',414),(829,'ML',415),(830,'TF',415),(832,'AR',416),(831,'FK',416),(834,'GW',417),(833,'SX',417),(835,'KH',418),(836,'SG',418),(837,'CF',419),(838,'PS',419),(839,'IN',420),(840,'RE',420),(841,'AX',421),(842,'MX',421),(844,'BR',422),(843,'TL',422),(846,'BV',423),(845,'CX',423),(848,'SR',424),(847,'SV',424),(850,'AL',425),(849,'MN',425),(852,'MF',426),(851,'SR',426),(854,'NC',427),(853,'SE',427),(855,'SY',428),(856,'VG',428),(857,'CO',429),(858,'LK',429),(860,'BO',430),(859,'ME',430),(861,'PA',431),(862,'PM',431),(864,'DZ',432),(863,'JP',432),(866,'AU',433),(865,'AW',433),(867,'MH',434),(868,'TW',434),(869,'KY',435),(870,'ML',435),(871,'GB',436),(872,'SJ',436),(874,'PR',437),(873,'UG',437),(875,'BR',438),(876,'IR',438),(877,'NE',439),(878,'PK',439),(879,'ES',440),(880,'GS',440),(881,'BS',441),(882,'MS',441),(884,'LA',442),(883,'TF',442),(885,'LC',443),(886,'RE',443),(888,'LS',444),(887,'PE',444),(889,'GT',445),(890,'TM',445),(892,'AS',446),(891,'GA',446),(893,'BA',447),(894,'TG',447),(895,'HK',448),(896,'NC',448),(898,'LB',449),(897,'ZA',449),(900,'CU',450),(899,'CV',450),(901,'GP',451),(902,'MR',451),(903,'GF',452),(904,'NZ',452),(906,'GS',453),(905,'VC',453),(907,'MV',454),(908,'SC',454),(909,'EH',455),(910,'MO',455),(911,'TN',456),(912,'UG',456),(914,'CI',457),(913,'TK',457),(916,'GP',458),(915,'MA',458),(918,'BS',459),(917,'GD',459),(919,'LK',460),(920,'TM',460),(922,'DZ',461),(921,'SG',461),(924,'BO',462),(923,'HK',462),(925,'CD',463),(926,'TR',463),(927,'IM',464),(928,'MN',464),(930,'CR',465),(929,'VA',465),(932,'ES',466),(931,'TL',466),(933,'CH',467),(934,'IO',467),(935,'GT',468),(936,'SA',468),(937,'IN',469),(938,'MU',469),(939,'BW',470),(940,'GT',470),(941,'BD',471),(942,'ST',471),(943,'FM',472),(944,'LY',472),(946,'BL',473),(945,'SH',473),(947,'AS',474),(948,'LV',474),(949,'EC',475),(950,'HK',475),(952,'MF',476),(951,'SK',476),(954,'BW',477),(953,'KG',477),(955,'IN',478),(956,'TZ',478),(957,'CF',479),(958,'SD',479),(959,'DJ',480),(960,'DK',480),(961,'NC',481),(962,'PW',481),(964,'BY',482),(963,'SZ',482),(966,'BG',483),(965,'YE',483),(967,'PH',484),(968,'TH',484),(970,'SV',485),(969,'US',485),(972,'DM',486),(971,'GI',486),(974,'GD',487),(973,'SL',487),(975,'LA',488),(976,'PM',488),(978,'MF',489),(977,'NA',489),(980,'GD',490),(979,'PS',490),(982,'HT',491),(981,'SY',491),(984,'ER',492),(983,'NG',492),(986,'CO',493),(985,'MG',493),(988,'AI',494),(987,'AL',494),(989,'BS',495),(990,'MH',495),(992,'KH',496),(991,'LS',496),(994,'LU',497),(993,'SA',497),(995,'CR',498),(996,'MG',498),(997,'IQ',499),(998,'MC',499),(999,'AT',500),(1000,'TF',500),(1001,'GQ',501),(1002,'SH',501),(1004,'HK',502),(1003,'SG',502),(1006,'IN',503),(1005,'KZ',503),(1007,'MS',504),(1008,'PN',504),(1009,'BL',505),(1010,'BO',505),(1012,'SA',506),(1011,'SV',506),(1014,'PG',507),(1013,'SL',507),(1015,'GM',508),(1016,'TM',508),(1018,'PN',509),(1017,'TR',509),(1019,'BY',510),(1020,'LI',510),(1022,'LS',511),(1021,'PR',511),(1023,'DE',512),(1024,'ME',512),(1025,'PN',513),(1026,'TL',513),(1028,'CO',514),(1027,'DZ',514),(1029,'TD',515),(1030,'VI',515),(1032,'CX',516),(1031,'ST',516),(1034,'CA',517),(1033,'GL',517),(1035,'AD',518),(1036,'TD',518),(1038,'IL',519),(1037,'TM',519),(1040,'GL',520),(1039,'OM',520),(1041,'GW',521),(1042,'SN',521),(1043,'BF',522),(1044,'NO',522),(1046,'KG',523),(1045,'PA',523),(1047,'HK',524),(1048,'VA',524),(1049,'CC',525),(1050,'JM',525),(1051,'SH',526),(1052,'UM',526),(1053,'GD',527),(1054,'KE',527),(1055,'KP',528),(1056,'UA',528),(1057,'AX',529),(1058,'ME',529),(1060,'KY',530),(1059,'SO',530),(1062,'ME',531),(1061,'RW',531),(1064,'CH',532),(1063,'SM',532),(1065,'BG',533),(1066,'PL',533),(1068,'ET',534),(1067,'MY',534),(1070,'GT',535),(1069,'SN',535),(1071,'CV',536),(1072,'IL',536),(1073,'CU',537),(1074,'QA',537),(1075,'MH',538),(1076,'SX',538),(1077,'RE',539),(1078,'UA',539),(1080,'PW',540),(1079,'RS',540),(1082,'CA',541),(1081,'TC',541),(1083,'CD',542),(1084,'GG',542),(1086,'CG',543),(1085,'WS',543),(1088,'CO',544),(1087,'NU',544),(1090,'BE',545),(1089,'SE',545),(1092,'BQ',546),(1091,'EH',546),(1094,'KG',547),(1093,'TH',547),(1095,'TZ',548),(1096,'YE',548),(1098,'IQ',549),(1097,'PR',549),(1100,'CU',550),(1099,'MK',550),(1102,'GH',551),(1101,'ZW',551),(1104,'ML',552),(1103,'TZ',552),(1106,'BY',553),(1105,'LK',553),(1107,'GQ',554),(1108,'PK',554),(1109,'FK',555),(1110,'MZ',555),(1111,'BZ',556),(1112,'JO',556),(1114,'AM',557),(1113,'EG',557),(1115,'AO',558),(1116,'DZ',558),(1117,'BZ',559),(1118,'DK',559),(1119,'FI',560),(1120,'LA',560),(1122,'BR',561),(1121,'EH',561),(1124,'AI',562),(1123,'AW',562),(1126,'BQ',563),(1125,'IT',563),(1127,'OM',564),(1128,'VI',564),(1129,'MV',565),(1130,'TH',565),(1132,'ET',566),(1131,'MP',566),(1134,'PA',567),(1133,'RE',567),(1136,'ES',568),(1135,'SM',568),(1137,'BL',569),(1138,'MV',569),(1139,'AI',570),(1140,'VA',570),(1142,'BR',571),(1141,'LC',571),(1144,'PA',572),(1143,'PH',572),(1146,'IE',573),(1145,'RS',573),(1147,'CW',574),(1148,'ZW',574),(1150,'BO',575),(1149,'CK',575),(1152,'PN',576),(1151,'PT',576),(1153,'SJ',577),(1154,'TC',577),(1156,'BT',578),(1155,'FK',578),(1157,'MR',579),(1158,'SK',579),(1159,'CH',580),(1160,'SD',580),(1161,'GN',581),(1162,'KG',581),(1163,'SB',582),(1164,'TF',582),(1165,'SR',583),(1166,'YE',583),(1167,'PR',584),(1168,'YT',584),(1169,'GE',585),(1170,'TR',585),(1172,'GF',586),(1171,'WF',586),(1174,'IE',587),(1173,'RO',587),(1176,'HN',588),(1175,'MD',588),(1178,'CF',589),(1177,'SJ',589),(1179,'BA',590),(1180,'CY',590),(1181,'CY',591),(1182,'IR',591),(1184,'GE',592),(1183,'GF',592),(1186,'HT',593),(1185,'MQ',593),(1188,'LU',594),(1187,'NZ',594),(1189,'AT',595),(1190,'BT',595),(1192,'PM',596),(1191,'UM',596),(1194,'HK',597),(1193,'NG',597),(1196,'MQ',598),(1195,'UG',598),(1198,'IS',599),(1197,'MO',599),(1199,'LT',600),(1200,'ML',600),(1202,'PR',601),(1201,'WF',601),(1203,'FO',602),(1204,'TV',602),(1205,'SB',603),(1206,'WF',603),(1208,'BQ',604),(1207,'NC',604),(1210,'MV',605),(1209,'SB',605),(1211,'KZ',606),(1212,'LB',606),(1213,'MD',607),(1214,'NU',607),(1215,'MM',608),(1216,'SJ',608),(1218,'BF',609),(1217,'LR',609),(1219,'BH',610),(1220,'CM',610),(1221,'PY',611),(1222,'US',611),(1224,'FM',612),(1223,'LV',612),(1226,'LB',613),(1225,'MV',613),(1228,'CU',614),(1227,'MA',614),(1229,'NP',615),(1230,'UG',615),(1232,'GA',616),(1231,'SC',616),(1234,'DZ',617),(1233,'VE',617),(1236,'TC',618),(1235,'TR',618),(1238,'AU',619),(1237,'SN',619),(1240,'ES',620),(1239,'RE',620),(1241,'NG',621),(1242,'SE',621),(1243,'DZ',622),(1244,'HU',622),(1246,'IT',623),(1245,'PM',623),(1248,'KI',624),(1247,'PK',624),(1249,'JO',625),(1250,'MM',625),(1252,'CO',626),(1251,'RO',626),(1254,'AS',627),(1253,'BI',627),(1255,'AM',628),(1256,'CM',628),(1257,'LY',629),(1258,'MW',629),(1259,'BW',630),(1260,'SJ',630),(1261,'JM',631),(1262,'PF',631),(1264,'BD',632),(1263,'FR',632),(1266,'FR',633),(1265,'HN',633),(1267,'CL',634),(1268,'ST',634),(1270,'MS',635),(1269,'SN',635),(1272,'CL',636),(1271,'SD',636),(1274,'BG',637),(1273,'CN',637),(1275,'PE',638),(1276,'TC',638),(1277,'CM',639),(1278,'UA',639),(1280,'SM',640),(1279,'ZM',640),(1281,'MD',641),(1282,'RW',641),(1284,'AM',642),(1283,'SN',642),(1285,'GU',643),(1286,'PG',643),(1288,'LK',644),(1287,'TW',644),(1289,'FJ',645),(1290,'NE',645),(1291,'CA',646),(1292,'LB',646),(1293,'FI',647),(1294,'RO',647),(1295,'PL',648),(1296,'TK',648),(1298,'ES',649),(1297,'KZ',649),(1300,'MH',650),(1299,'TZ',650),(1301,'SZ',651),(1302,'VE',651),(1303,'LY',652),(1304,'UZ',652),(1305,'IT',653),(1306,'LK',653),(1308,'CK',654),(1307,'RW',654),(1310,'GH',655),(1309,'PR',655),(1312,'AF',656),(1311,'FJ',656),(1313,'CF',657),(1314,'LV',657),(1315,'KZ',658),(1316,'SG',658),(1317,'RE',659),(1318,'ZA',659),(1319,'GG',660),(1320,'YT',660),(1321,'CX',661),(1322,'MU',661),(1323,'FR',662),(1324,'NO',662),(1325,'EC',663),(1326,'ID',663),(1328,'ER',664),(1327,'SN',664),(1330,'IL',665),(1329,'MU',665),(1332,'BD',666),(1331,'GA',666),(1334,'CN',667),(1333,'EG',667);
/*!40000 ALTER TABLE `footballtracker_playernationality` ENABLE KEYS */;
UNLOCK TABLES;

--
-- Table structure for table `footballtracker_playerplaysforteam`
--

DROP TABLE IF EXISTS `footballtracker_playerplaysforteam`;
/*!40101 SET @saved_cs_client     = @@character_set_client */;
/*!50503 SET character_set_client = utf8mb4 */;
CREATE TABLE `footballtracker_playerplaysforteam` (
  `id` bigint NOT NULL AUTO_INCREMENT,
  `shirt_number` int NOT NULL,
  `player_id` int NOT NULL,
  `team_id` varchar(100) NOT NULL,
  PRIMARY KEY (`id`),
  UNIQUE KEY `unique_player_plays_for_team_player_team` (`player_id`,`team_id`),
  KEY `footballtracker_play_team_id_b346754f_fk_footballt` (`team_id`),
  CONSTRAINT `footballtracker_play_player_id_9558cd9b_fk_footballt` FOREIGN KEY (`player_id`) REFERENCES `footballtracker_player` (`player_id`),
  CONSTRAINT `footballtracker_play_team_id_b346754f_fk_footballt` FOREIGN KEY (`team_id`) REFERENCES `footballtracker_team` (`name`)
) ENGINE=InnoDB AUTO_INCREMENT=668 DEFAULT CHARSET=utf8mb4 COLLATE=utf8mb4_0900_ai_ci;
/*!40101 SET character_set_client = @saved_cs_client */;

--
-- Dumping data for table `footballtracker_playerplaysforteam`
--

LOCK TABLES `footballtracker_playerplaysforteam` WRITE;
/*!40000 ALTER TABLE `footballtracker_playerplaysforteam` DISABLE KEYS */;
INSERT INTO `footballtracker_playerplaysforteam` VALUES (1,21,1,'Athletic Club'),(2,86,2,'Athletic Club'),(3,61,3,'Athletic Club'),(4,5,4,'Athletic Club'),(5,73,5,'Athletic Club'),(6,2,6,'Athletic Club'),(7,58,7,'Athletic Club'),(8,78,8,'Athletic Club'),(9,87,9,'Athletic Club'),(10,88,10,'Athletic Club'),(11,93,11,'Athletic Club'),(12,93,12,'Athletic Club'),(13,52,13,'Athletic Club'),(14,49,14,'Athletic Club'),(15,19,15,'Athletic Club'),(16,52,16,'Athletic Club'),(17,71,17,'Athletic Club'),(18,48,18,'Athletic Club'),(19,5,19,'Athletic Club'),(20,98,20,'Athletic Club'),(21,74,21,'Athletic Club'),(22,17,22,'Athletic Club'),(23,61,23,'Athletic Club'),(24,30,24,'Athletic Club'),(25,47,25,'Athletic Club'),(26,29,26,'Athletic Club'),(27,36,27,'Athletic Club'),(28,7,28,'Athletic Club'),(29,40,29,'Athletic Club'),(30,4,30,'Athletic Club'),(31,27,31,'Athletic Club'),(32,22,32,'Athletic Club'),(33,18,33,'Athletic Club'),(34,68,34,'Athletic Club'),(35,5,35,'Athletic Club'),(36,13,36,'Athletic Club'),(37,27,37,'Athletic Club'),(38,11,38,'Athletic Club'),(39,56,39,'Athletic Club'),(40,91,40,'Athletic Club'),(41,61,41,'Athletic Club'),(42,24,42,'Athletic Club'),(43,56,43,'Athletic Club'),(44,79,44,'Athletic Club'),(45,80,45,'Athletic Club'),(46,29,46,'Athletic Club'),(47,77,47,'Athletic Club'),(48,76,48,'Athletic Club'),(49,35,49,'Athletic Club'),(50,55,50,'Athletic Club'),(51,46,51,'Athletic Club'),(52,42,52,'Athletic Club'),(53,9,53,'Athletic Club'),(54,87,54,'Athletic Club'),(55,18,55,'Athletic Club'),(56,37,56,'Athletic Club'),(57,26,57,'Athletic Club'),(58,65,58,'Athletic Club'),(59,75,59,'Athletic Club'),(60,69,60,'Athletic Club'),(61,15,61,'Athletic Club'),(62,79,62,'Atltico Madrid'),(63,66,63,'Atltico Madrid'),(64,31,64,'Atltico Madrid'),(65,61,65,'Atltico Madrid'),(66,12,66,'Atltico Madrid'),(67,90,67,'Atltico Madrid'),(68,95,68,'Atltico Madrid'),(69,36,69,'Atltico Madrid'),(70,9,70,'Atltico Madrid'),(71,78,71,'Atltico Madrid'),(72,12,72,'Atltico Madrid'),(73,87,73,'Atltico Madrid'),(74,81,74,'Atltico Madrid'),(75,67,75,'Atltico Madrid'),(76,49,76,'Atltico Madrid'),(77,68,77,'Atltico Madrid'),(78,45,78,'Atltico Madrid'),(79,9,79,'Atltico Madrid'),(80,48,80,'Atltico Madrid'),(81,27,81,'Atltico Madrid'),(82,62,82,'Atltico Madrid'),(83,46,83,'Atltico Madrid'),(84,82,84,'Barcelona'),(85,43,85,'Barcelona'),(86,50,86,'Barcelona'),(87,20,87,'Barcelona'),(88,5,88,'Barcelona'),(89,53,89,'Barcelona'),(90,82,90,'Barcelona'),(91,96,91,'Barcelona'),(92,3,92,'Barcelona'),(93,20,93,'Barcelona'),(94,86,94,'Barcelona'),(95,5,95,'Barcelona'),(96,22,96,'Barcelona'),(97,87,97,'Barcelona'),(98,62,98,'Barcelona'),(99,91,99,'Barcelona'),(100,22,100,'Barcelona'),(101,67,101,'Barcelona'),(102,14,102,'Barcelona'),(103,63,103,'Barcelona'),(104,82,104,'Barcelona'),(105,12,105,'Barcelona'),(106,63,106,'Barcelona'),(107,58,107,'Barcelona'),(108,50,108,'Barcelona'),(109,30,109,'Barcelona'),(110,85,110,'Barcelona'),(111,91,111,'CA Osasuna'),(112,9,112,'CA Osasuna'),(113,76,113,'CA Osasuna'),(114,15,114,'CA Osasuna'),(115,71,115,'CA Osasuna'),(116,56,116,'CA Osasuna'),(117,14,117,'CA Osasuna'),(118,73,118,'CA Osasuna'),(119,74,119,'CA Osasuna'),(120,4,120,'CA Osasuna'),(121,97,121,'CA Osasuna'),(122,4,122,'CA Osasuna'),(123,1,123,'CA Osasuna'),(124,12,124,'CA Osasuna'),(125,21,125,'CA Osasuna'),(126,27,126,'CA Osasuna'),(127,93,127,'CA Osasuna'),(128,69,128,'CA Osasuna'),(129,67,129,'CA Osasuna'),(130,86,130,'CA Osasuna'),(131,32,131,'CA Osasuna'),(132,82,132,'CD Legans'),(133,70,133,'CD Legans'),(134,48,134,'CD Legans'),(135,56,135,'CD Legans'),(136,64,136,'CD Legans'),(137,69,137,'CD Legans'),(138,69,138,'CD Legans'),(139,8,139,'CD Legans'),(140,69,140,'CD Legans'),(141,93,141,'CD Legans'),(142,59,142,'CD Legans'),(143,25,143,'CD Legans'),(144,26,144,'CD Legans'),(145,28,145,'CD Legans'),(146,62,146,'CD Legans'),(147,78,147,'CD Legans'),(148,89,148,'CD Legans'),(149,48,149,'CD Legans'),(150,92,150,'CD Legans'),(151,61,151,'CD Legans'),(152,4,152,'CD Legans'),(153,99,153,'CD Legans'),(154,21,154,'CD Legans'),(155,68,155,'Celta Vigo'),(156,52,156,'Celta Vigo'),(157,21,157,'Celta Vigo'),(158,15,158,'Celta Vigo'),(159,8,159,'Celta Vigo'),(160,45,160,'Celta Vigo'),(161,68,161,'Celta Vigo'),(162,38,162,'Celta Vigo'),(163,89,163,'Celta Vigo'),(164,43,164,'Celta Vigo'),(165,12,165,'Celta Vigo'),(166,74,166,'Celta Vigo'),(167,66,167,'Celta Vigo'),(168,80,168,'Celta Vigo'),(169,88,169,'Celta Vigo'),(170,18,170,'Celta Vigo'),(171,35,171,'Celta Vigo'),(172,76,172,'Celta Vigo'),(173,7,173,'Celta Vigo'),(174,13,174,'Celta Vigo'),(175,84,175,'Celta Vigo'),(176,23,176,'Celta Vigo'),(177,11,177,'Celta Vigo'),(178,65,178,'Celta Vigo'),(179,71,179,'Celta Vigo'),(180,29,180,'Celta Vigo'),(181,16,181,'Celta Vigo'),(182,35,182,'Celta Vigo'),(183,32,183,'Celta Vigo'),(184,32,184,'Celta Vigo'),(185,18,185,'Celta Vigo'),(186,71,186,'Celta Vigo'),(187,50,187,'Celta Vigo'),(188,43,188,'Celta Vigo'),(189,96,189,'Celta Vigo'),(190,20,190,'Celta Vigo'),(191,50,191,'Celta Vigo'),(192,2,192,'Celta Vigo'),(193,33,193,'Celta Vigo'),(194,90,194,'Celta Vigo'),(195,43,195,'Celta Vigo'),(196,58,196,'Celta Vigo'),(197,34,197,'Celta Vigo'),(198,23,198,'Celta Vigo'),(199,67,199,'Celta Vigo'),(200,55,200,'Celta Vigo'),(201,92,201,'Celta Vigo'),(202,8,202,'Celta Vigo'),(203,40,203,'Celta Vigo'),(204,68,204,'Celta Vigo'),(205,56,205,'Celta Vigo'),(206,24,206,'Celta Vigo'),(207,28,207,'Celta Vigo'),(208,3,208,'Celta Vigo'),(209,81,209,'Deportivo Alavs'),(210,20,210,'Deportivo Alavs'),(211,50,211,'Deportivo Alavs'),(212,94,212,'Deportivo Alavs'),(213,16,213,'Deportivo Alavs'),(214,46,214,'Deportivo Alavs'),(215,79,215,'Deportivo Alavs'),(216,51,216,'Deportivo Alavs'),(217,82,217,'Deportivo Alavs'),(218,1,218,'Deportivo Alavs'),(219,53,219,'Deportivo Alavs'),(220,84,220,'Deportivo Alavs'),(221,78,221,'Deportivo Alavs'),(222,89,222,'Deportivo Alavs'),(223,66,223,'Deportivo Alavs'),(224,42,224,'Deportivo Alavs'),(225,3,225,'Deportivo Alavs'),(226,84,226,'Deportivo Alavs'),(227,90,227,'Deportivo Alavs'),(228,2,228,'Deportivo Alavs'),(229,85,229,'Deportivo Alavs'),(230,81,230,'Deportivo Alavs'),(231,43,231,'Deportivo Alavs'),(232,69,232,'Deportivo Alavs'),(233,1,233,'Getafe CF'),(234,3,234,'Getafe CF'),(235,36,235,'Getafe CF'),(236,71,236,'Getafe CF'),(237,6,237,'Getafe CF'),(238,2,238,'Getafe CF'),(239,20,239,'Getafe CF'),(240,80,240,'Getafe CF'),(241,67,241,'Getafe CF'),(242,19,242,'Getafe CF'),(243,25,243,'Getafe CF'),(244,97,244,'Getafe CF'),(245,41,245,'Getafe CF'),(246,94,246,'Getafe CF'),(247,43,247,'Getafe CF'),(248,72,248,'Getafe CF'),(249,13,249,'Getafe CF'),(250,49,250,'Getafe CF'),(251,16,251,'Getafe CF'),(252,56,252,'Getafe CF'),(253,28,253,'Getafe CF'),(254,74,254,'Getafe CF'),(255,61,255,'Girona FC'),(256,31,256,'Girona FC'),(257,20,257,'Girona FC'),(258,66,258,'Girona FC'),(259,50,259,'Girona FC'),(260,61,260,'Girona FC'),(261,38,261,'Girona FC'),(262,98,262,'Girona FC'),(263,7,263,'Girona FC'),(264,21,264,'Girona FC'),(265,44,265,'Girona FC'),(266,46,266,'Girona FC'),(267,30,267,'Girona FC'),(268,51,268,'Girona FC'),(269,63,269,'Girona FC'),(270,72,270,'Girona FC'),(271,88,271,'Girona FC'),(272,96,272,'Girona FC'),(273,18,273,'Girona FC'),(274,93,274,'Girona FC'),(275,7,275,'Girona FC'),(276,22,276,'Girona FC'),(277,49,277,'Girona FC'),(278,19,278,'Girona FC'),(279,82,279,'Girona FC'),(280,99,280,'Rayo Vallecano'),(281,87,281,'Rayo Vallecano'),(282,33,282,'Rayo Vallecano'),(283,83,283,'Rayo Vallecano'),(284,69,284,'Rayo Vallecano'),(285,84,285,'Rayo Vallecano'),(286,50,286,'Rayo Vallecano'),(287,18,287,'Rayo Vallecano'),(288,12,288,'Rayo Vallecano'),(289,35,289,'Rayo Vallecano'),(290,59,290,'Rayo Vallecano'),(291,11,291,'Rayo Vallecano'),(292,36,292,'Rayo Vallecano'),(293,42,293,'Rayo Vallecano'),(294,49,294,'Rayo Vallecano'),(295,21,295,'Rayo Vallecano'),(296,85,296,'Rayo Vallecano'),(297,78,297,'Rayo Vallecano'),(298,91,298,'Rayo Vallecano'),(299,61,299,'Rayo Vallecano'),(300,46,300,'Rayo Vallecano'),(301,38,301,'Rayo Vallecano'),(302,89,302,'Rayo Vallecano'),(303,79,303,'Rayo Vallecano'),(304,5,304,'RCD Espanyol'),(305,53,305,'RCD Espanyol'),(306,69,306,'RCD Espanyol'),(307,70,307,'RCD Espanyol'),(308,38,308,'RCD Espanyol'),(309,1,309,'RCD Espanyol'),(310,23,310,'RCD Espanyol'),(311,38,311,'RCD Espanyol'),(312,65,312,'RCD Espanyol'),(313,72,313,'RCD Espanyol'),(314,41,314,'RCD Espanyol'),(315,43,315,'RCD Espanyol'),(316,75,316,'RCD Espanyol'),(317,94,317,'RCD Espanyol'),(318,94,318,'RCD Espanyol'),(319,48,319,'RCD Espanyol'),(320,3,320,'RCD Espanyol'),(321,89,321,'RCD Espanyol'),(322,60,322,'RCD Espanyol'),(323,5,323,'RCD Espanyol'),(324,50,324,'RCD Espanyol'),(325,8,325,'RCD Espanyol'),(326,82,326,'RCD Espanyol'),(327,38,327,'RCD Espanyol'),(328,5,328,'RCD Espanyol'),(329,94,329,'RCD Espanyol'),(330,1,330,'RCD Mallorca'),(331,99,331,'RCD Mallorca'),(332,16,332,'RCD Mallorca'),(333,89,333,'RCD Mallorca'),(334,10,334,'RCD Mallorca'),(335,10,335,'RCD Mallorca'),(336,42,336,'RCD Mallorca'),(337,26,337,'RCD Mallorca'),(338,39,338,'RCD Mallorca'),(339,2,339,'RCD Mallorca'),(340,74,340,'RCD Mallorca'),(341,74,341,'RCD Mallorca'),(342,69,342,'RCD Mallorca'),(343,77,343,'RCD Mallorca'),(344,80,344,'RCD Mallorca'),(345,10,345,'RCD Mallorca'),(346,73,346,'RCD Mallorca'),(347,95,347,'RCD Mallorca'),(348,78,348,'RCD Mallorca'),(349,36,349,'RCD Mallorca'),(350,3,350,'RCD Mallorca'),(351,87,351,'RCD Mallorca'),(352,94,352,'RCD Mallorca'),(353,1,353,'RCD Mallorca'),(354,39,354,'Real Betis'),(355,66,355,'Real Betis'),(356,1,356,'Real Betis'),(357,88,357,'Real Betis'),(358,82,358,'Real Betis'),(359,87,359,'Real Betis'),(360,55,360,'Real Betis'),(361,9,361,'Real Betis'),(362,62,362,'Real Betis'),(363,46,363,'Real Betis'),(364,12,364,'Real Betis'),(365,46,365,'Real Betis'),(366,28,366,'Real Betis'),(367,19,367,'Real Betis'),(368,63,368,'Real Betis'),(369,68,369,'Real Betis'),(370,99,370,'Real Betis'),(371,70,371,'Real Betis'),(372,27,372,'Real Betis'),(373,5,373,'Real Betis'),(374,1,374,'Real Betis'),(375,54,375,'Real Betis'),(376,1,376,'Real Madrid'),(377,56,377,'Real Madrid'),(378,49,378,'Real Madrid'),(379,7,379,'Real Madrid'),(380,49,380,'Real Madrid'),(381,74,381,'Real Madrid'),(382,46,382,'Real Madrid'),(383,11,383,'Real Madrid'),(384,78,384,'Real Madrid'),(385,44,385,'Real Madrid'),(386,7,386,'Real Madrid'),(387,11,387,'Real Madrid'),(388,66,388,'Real Madrid'),(389,60,389,'Real Madrid'),(390,3,390,'Real Madrid'),(391,47,391,'Real Madrid'),(392,94,392,'Real Madrid'),(393,13,393,'Real Madrid'),(394,51,394,'Real Madrid'),(395,29,395,'Real Madrid'),(396,50,396,'Real Madrid'),(397,72,397,'Real Madrid'),(398,11,398,'Real Madrid'),(399,41,399,'Real Madrid'),(400,90,400,'Real Madrid'),(401,41,401,'Real Sociedad'),(402,48,402,'Real Sociedad'),(403,68,403,'Real Sociedad'),(404,95,404,'Real Sociedad'),(405,73,405,'Real Sociedad'),(406,11,406,'Real Sociedad'),(407,73,407,'Real Sociedad'),(408,28,408,'Real Sociedad'),(409,26,409,'Real Sociedad'),(410,83,410,'Real Sociedad'),(411,62,411,'Real Sociedad'),(412,23,412,'Real Sociedad'),(413,98,413,'Real Sociedad'),(414,13,414,'Real Sociedad'),(415,36,415,'Real Sociedad'),(416,28,416,'Real Sociedad'),(417,17,417,'Real Sociedad'),(418,50,418,'Real Sociedad'),(419,78,419,'Real Sociedad'),(420,83,420,'Real Sociedad'),(421,91,421,'Real Sociedad'),(422,17,422,'Real Sociedad'),(423,36,423,'Real Sociedad'),(424,44,424,'Real Sociedad'),(425,56,425,'Real Valladolid'),(426,90,426,'Real Valladolid'),(427,3,427,'Real Valladolid'),(428,3,428,'Real Valladolid'),(429,32,429,'Real Valladolid'),(430,7,430,'Real Valladolid'),(431,59,431,'Real Valladolid'),(432,81,432,'Real Valladolid'),(433,97,433,'Real Valladolid'),(434,12,434,'Real Valladolid'),(435,9,435,'Real Valladolid'),(436,11,436,'Real Valladolid'),(437,98,437,'Real Valladolid'),(438,81,438,'Real Valladolid'),(439,26,439,'Real Valladolid'),(440,69,440,'Real Valladolid'),(441,75,441,'Real Valladolid'),(442,57,442,'Real Valladolid'),(443,79,443,'Real Valladolid'),(444,22,444,'Real Valladolid'),(445,28,445,'Real Valladolid'),(446,31,446,'Real Valladolid'),(447,86,447,'Real Valladolid'),(448,35,448,'Real Valladolid'),(449,96,449,'Real Valladolid'),(450,34,450,'Real Valladolid'),(451,33,451,'Real Valladolid'),(452,51,452,'Sevilla'),(453,90,453,'Sevilla'),(454,12,454,'Sevilla'),(455,38,455,'Sevilla'),(456,99,456,'Sevilla'),(457,83,457,'Sevilla'),(458,27,458,'Sevilla'),(459,37,459,'Sevilla'),(460,90,460,'Sevilla'),(461,36,461,'Sevilla'),(462,3,462,'Sevilla'),(463,38,463,'Sevilla'),(464,72,464,'Sevilla'),(465,26,465,'Sevilla'),(466,77,466,'Sevilla'),(467,28,467,'Sevilla'),(468,9,468,'Sevilla'),(469,13,469,'Sevilla'),(470,99,470,'Sevilla'),(471,41,471,'Sevilla'),(472,52,472,'Sevilla'),(473,16,473,'Sevilla'),(474,77,474,'Sevilla'),(475,10,475,'Sevilla'),(476,71,476,'Sevilla'),(477,77,477,'Sevilla'),(478,67,478,'Sevilla'),(479,92,479,'Sevilla'),(480,95,480,'Sevilla'),(481,42,481,'Sevilla'),(482,51,482,'Sevilla'),(483,37,483,'Sevilla'),(484,37,484,'Sevilla'),(485,70,485,'Sevilla'),(486,29,486,'Sevilla'),(487,71,487,'Sevilla'),(488,18,488,'Sevilla'),(489,66,489,'Sevilla'),(490,13,490,'Sevilla'),(491,4,491,'Sevilla'),(492,31,492,'Sevilla'),(493,17,493,'Sevilla'),(494,31,494,'Sevilla'),(495,38,495,'Sevilla'),(496,9,496,'Sevilla'),(497,22,497,'Sevilla'),(498,17,498,'Sevilla'),(499,50,499,'Sevilla'),(500,33,500,'Sevilla'),(501,60,501,'Sevilla'),(502,3,502,'Sevilla'),(503,83,503,'Sevilla'),(504,73,504,'Sevilla'),(505,80,505,'Sevilla'),(530,99,530,'Valencia CF'),(531,89,531,'Valencia CF'),(532,12,532,'Valencia CF'),(533,51,533,'Valencia CF'),(534,55,534,'Valencia CF'),(535,69,535,'Valencia CF'),(536,92,536,'Valencia CF'),(537,48,537,'Valencia CF'),(538,77,538,'Valencia CF'),(539,68,539,'Valencia CF'),(540,2,540,'Valencia CF'),(541,24,541,'Valencia CF'),(542,91,542,'Valencia CF'),(543,1,543,'Valencia CF'),(544,46,544,'Valencia CF'),(545,15,545,'Valencia CF'),(546,65,546,'Valencia CF'),(547,83,547,'Valencia CF'),(548,88,548,'Valencia CF'),(549,35,549,'Valencia CF'),(550,6,550,'Valencia CF'),(551,92,551,'Valencia CF'),(552,97,552,'Valencia CF'),(553,68,553,'Valencia CF'),(554,25,554,'Valencia CF'),(555,15,555,'Valencia CF'),(556,15,556,'Valencia CF'),(557,37,557,'Valencia CF'),(558,38,558,'Valencia CF'),(559,12,559,'Valencia CF'),(560,26,560,'Valencia CF'),(561,41,561,'Valencia CF'),(562,87,562,'Valencia CF'),(563,92,563,'Valencia CF'),(564,34,564,'Valencia CF'),(565,93,565,'Valencia CF'),(566,19,566,'Valencia CF'),(567,70,567,'Valencia CF'),(568,97,568,'Valencia CF'),(569,93,569,'Valencia CF'),(570,92,570,'Valencia CF'),(571,60,571,'Valencia CF'),(572,55,572,'Valencia CF'),(573,73,573,'Valencia CF'),(574,98,574,'Valencia CF'),(575,41,575,'Valencia CF'),(576,95,576,'Villarreal CF'),(577,2,577,'Villarreal CF'),(578,24,578,'Villarreal CF'),(579,12,579,'Villarreal CF'),(580,1,580,'Villarreal CF'),(581,24,581,'Villarreal CF'),(582,35,582,'Villarreal CF'),(583,47,583,'Villarreal CF'),(584,94,584,'Villarreal CF'),(585,67,585,'Villarreal CF'),(586,91,586,'Villarreal CF'),(587,3,587,'Villarreal CF'),(588,44,588,'Villarreal CF'),(589,64,589,'Villarreal CF'),(590,50,590,'Villarreal CF'),(591,69,591,'Villarreal CF'),(592,17,592,'Villarreal CF'),(593,92,593,'Villarreal CF'),(594,95,594,'Villarreal CF'),(595,67,595,'Villarreal CF'),(596,42,596,'Villarreal CF'),(597,75,597,'Villarreal CF'),(598,83,598,'Villarreal CF'),(599,15,599,'Villarreal CF'),(600,29,600,'Villarreal CF'),(601,53,601,'Villarreal CF'),(602,67,602,'Villarreal CF'),(603,85,603,'Villarreal CF'),(604,72,604,'Villarreal CF'),(605,78,605,'Villarreal CF'),(606,6,606,'Villarreal CF'),(607,20,607,'Villarreal CF'),(608,59,608,'Villarreal CF'),(609,48,609,'Villarreal CF'),(610,65,610,'Villarreal CF'),(611,59,611,'Villarreal CF'),(612,8,612,'Villarreal CF'),(613,96,613,'Villarreal CF'),(614,66,614,'Villarreal CF'),(615,4,615,'Villarreal CF'),(616,30,616,'Villarreal CF'),(617,52,617,'Villarreal CF'),(618,77,618,'Villarreal CF'),(619,65,619,'Villarreal CF'),(620,15,620,'Villarreal CF'),(621,84,621,'Villarreal CF'),(622,63,622,'Villarreal CF'),(623,72,623,'Villarreal CF'),(624,8,624,'Villarreal CF'),(625,13,625,'Villarreal CF'),(626,45,626,'Villarreal CF'),(627,70,627,'Villarreal CF'),(628,71,628,'Villarreal CF'),(629,32,629,'Villarreal CF'),(630,17,630,'Villarreal CF'),(631,54,631,'Villarreal CF'),(632,17,632,'RC Deportivo'),(633,48,633,'RC Deportivo'),(634,9,634,'RC Deportivo'),(635,27,635,'RC Deportivo'),(636,44,636,'RC Deportivo'),(637,67,637,'RC Deportivo'),(638,9,638,'RC Deportivo'),(639,53,639,'RC Deportivo'),(640,65,640,'RC Deportivo'),(641,44,641,'RC Deportivo'),(642,55,642,'RC Deportivo'),(643,44,643,'RC Deportivo'),(644,75,644,'RC Deportivo'),(645,36,645,'RC Deportivo'),(646,30,646,'RC Deportivo'),(647,19,647,'RC Deportivo'),(648,45,648,'RC Deportivo'),(649,3,649,'RC Deportivo'),(650,47,650,'RC Deportivo'),(651,28,651,'RC Deportivo'),(652,31,652,'RC Deportivo'),(653,76,653,'RC Deportivo'),(654,77,654,'RC Deportivo'),(655,9,655,'RC Deportivo'),(656,31,656,'RC Deportivo'),(657,22,657,'RC Deportivo'),(658,18,658,'RC Deportivo'),(659,52,659,'RC Deportivo'),(660,19,660,'RC Deportivo'),(661,94,661,'RC Deportivo'),(662,52,662,'RC Deportivo'),(663,1,663,'RC Deportivo'),(664,69,664,'RC Deportivo'),(665,61,665,'RC Deportivo'),(666,1,666,'RC Deportivo'),(667,59,667,'RC Deportivo');
/*!40000 ALTER TABLE `footballtracker_playerplaysforteam` ENABLE KEYS */;
UNLOCK TABLES;

--
-- Table structure for table `footballtracker_playerposition`
--

DROP TABLE IF EXISTS `footballtracker_playerposition`;
/*!40101 SET @saved_cs_client     = @@character_set_client */;
/*!50503 SET character_set_client = utf8mb4 */;
CREATE TABLE `footballtracker_playerposition` (
  `id` bigint NOT NULL AUTO_INCREMENT,
  `position` varchar(2) NOT NULL,
  `player_id` int NOT NULL,
  PRIMARY KEY (`id`),
  UNIQUE KEY `unique_player_position` (`player_id`,`position`),
  CONSTRAINT `footballtracker_play_player_id_2eccc958_fk_footballt` FOREIGN KEY (`player_id`) REFERENCES `footballtracker_player` (`player_id`)
) ENGINE=InnoDB DEFAULT CHARSET=utf8mb4 COLLATE=utf8mb4_0900_ai_ci;
/*!40101 SET character_set_client = @saved_cs_client */;

--
-- Dumping data for table `footballtracker_playerposition`
--

LOCK TABLES `footballtracker_playerposition` WRITE;
/*!40000 ALTER TABLE `footballtracker_playerposition` DISABLE KEYS */;
/*!40000 ALTER TABLE `footballtracker_playerposition` ENABLE KEYS */;
UNLOCK TABLES;

--
-- Table structure for table `footballtracker_team`
--

DROP TABLE IF EXISTS `footballtracker_team`;
/*!40101 SET @saved_cs_client     = @@character_set_client */;
/*!50503 SET character_set_client = utf8mb4 */;
CREATE TABLE `footballtracker_team` (
  `name` varchar(100) NOT NULL,
  `home_ground` varchar(100) NOT NULL,
  `manager_dob` date NOT NULL,
  `manager_name` varchar(100) NOT NULL,
  `manager_seasons_headed` int NOT NULL,
  `manager_date_joined` date NOT NULL,
  `image` varchar(255) NOT NULL,
  PRIMARY KEY (`name`)
) ENGINE=InnoDB DEFAULT CHARSET=utf8mb4 COLLATE=utf8mb4_0900_ai_ci;
/*!40101 SET character_set_client = @saved_cs_client */;

--
-- Dumping data for table `footballtracker_team`
--

LOCK TABLES `footballtracker_team` WRITE;
/*!40000 ALTER TABLE `footballtracker_team` DISABLE KEYS */;
INSERT INTO `footballtracker_team` VALUES ('Athletic Club','San Mams','1977-02-13','Ernesto Valverde',12,'2018-02-12','https://cdn.soccerwiki.org/images/logos/clubs/138.png'),('Atltico Madrid','Wanda Metropolitano','2001-11-05','Diego Simeone',11,'2012-02-15','https://cdn.soccerwiki.org/images/logos/clubs/139.png'),('Barcelona','Camp Nou','1987-08-02','Hansi Flick',8,'2008-10-29','https://cdn.soccerwiki.org/images/logos/clubs/140.png'),('CA Osasuna','El Sadar','1979-02-08','Vicente Moreno',5,'2011-11-08','https://cdn.soccerwiki.org/images/logos/clubs/157.png'),('Canada','Calgary','2005-01-18','Eric',4,'2020-01-01','https://encrypted-tbn0.gstatic.com/images?q=tbn:ANd9GcTyiYirHiGCymBqqOjCzm5A71AuealRFxjiUA&s'),('CD Legans','Municipal de Butarque','2001-08-26','Borja Jimnez',3,'2018-12-28','https://cdn.soccerwiki.org/images/logos/clubs/2085.png'),('Celta Vigo','Balados','1979-12-10','Claudio Girldez',10,'2024-11-18','https://cdn.soccerwiki.org/images/logos/clubs/141.png'),('Deportivo Alavs','Mendizorroza','1980-11-04','Eduardo Coudet',2,'2017-09-23','https://cdn.soccerwiki.org/images/logos/clubs/135.png'),('Getafe CF','Coliseum Alfonso Prez','1980-10-19','Jos Bordals',11,'2005-12-09','https://cdn.soccerwiki.org/images/logos/clubs/149.png'),('Girona FC','Estadi Montilivi','1989-09-28','Mchel Snchez',10,'2007-12-25','https://cdn.soccerwiki.org/images/logos/clubs/1313.png'),('Rayo Vallecano','Campo de Ftbol de Vallecas','1995-07-24','igo Prez',2,'2017-07-26','https://cdn.soccerwiki.org/images/logos/clubs/1298.png'),('RC Deportivo','Bilbao','1977-02-20','John Doe',8,'2024-08-26','https://cdn.soccerwiki.org/images/logos/clubs/153.png'),('RCD Espanyol','RCDE Stadium','1995-05-24','Manolo Gonzlez',7,'2020-07-07','https://cdn.soccerwiki.org/images/logos/clubs/148.png'),('RCD Mallorca','Visit Mallorca Estadi','1995-02-03','Jagoba Arrasate',6,'2022-07-18','https://cdn.soccerwiki.org/images/logos/clubs/153.png'),('Real Betis','Estadio Benito Villamarn','1981-08-13','Manuel Pellegrini',1,'2005-10-04','https://cdn.soccerwiki.org/images/logos/clubs/162.png'),('Real Madrid','Santiago Bernabu','2003-07-18','Carlo Ancelotti',11,'2009-03-29','https://cdn.soccerwiki.org/images/logos/clubs/163.png'),('Real Sociedad','Anoeta','2003-10-25','Imanol Alguacil',2,'2023-07-03','https://cdn.soccerwiki.org/images/logos/clubs/165.png'),('Real Valladolid','Nuevo Jos Zorrilla','1974-10-12','John Doe',1,'2009-05-03','https://cdn.soccerwiki.org/images/logos/clubs/173.png'),('Sevilla','Ramn Snchez Pizjun','1988-04-26','John Doe',11,'2020-03-20','https://cdn.soccerwiki.org/images/logos/clubs/168.png'),('Valencia CF','Mestalla','1972-08-29','Carlos Corbern',11,'2005-11-09','https://cdn.soccerwiki.org/images/logos/clubs/172.png'),('Villarreal CF','Estadio de la Cermica','1986-06-25','Marcelino Garca Toral',8,'2024-11-21','https://cdn.soccerwiki.org/images/logos/clubs/174.png');
/*!40000 ALTER TABLE `footballtracker_team` ENABLE KEYS */;
UNLOCK TABLES;

--
-- Table structure for table `footballtracker_teammatch`
--

DROP TABLE IF EXISTS `footballtracker_teammatch`;
/*!40101 SET @saved_cs_client     = @@character_set_client */;
/*!50503 SET character_set_client = utf8mb4 */;
CREATE TABLE `footballtracker_teammatch` (
  `id` bigint NOT NULL AUTO_INCREMENT,
  `match_id` int NOT NULL,
  `team_id` varchar(100) NOT NULL,
  PRIMARY KEY (`id`),
  UNIQUE KEY `unique_team_match` (`team_id`,`match_id`),
  KEY `footballtracker_team_match_id_57122d8d_fk_footballt` (`match_id`),
  CONSTRAINT `footballtracker_team_match_id_57122d8d_fk_footballt` FOREIGN KEY (`match_id`) REFERENCES `footballtracker_match` (`match_id`),
  CONSTRAINT `footballtracker_team_team_id_d5bd542a_fk_footballt` FOREIGN KEY (`team_id`) REFERENCES `footballtracker_team` (`name`)
) ENGINE=InnoDB AUTO_INCREMENT=3 DEFAULT CHARSET=utf8mb4 COLLATE=utf8mb4_0900_ai_ci;
/*!40101 SET character_set_client = @saved_cs_client */;

--
-- Dumping data for table `footballtracker_teammatch`
--

LOCK TABLES `footballtracker_teammatch` WRITE;
/*!40000 ALTER TABLE `footballtracker_teammatch` DISABLE KEYS */;
INSERT INTO `footballtracker_teammatch` VALUES (1,1,'Athletic Club'),(2,1,'Atltico Madrid');
/*!40000 ALTER TABLE `footballtracker_teammatch` ENABLE KEYS */;
UNLOCK TABLES;

--
-- Table structure for table `footballtracker_teammatchdata`
--

DROP TABLE IF EXISTS `footballtracker_teammatchdata`;
/*!40101 SET @saved_cs_client     = @@character_set_client */;
/*!50503 SET character_set_client = utf8mb4 */;
CREATE TABLE `footballtracker_teammatchdata` (
  `id` bigint NOT NULL AUTO_INCREMENT,
  `stoppage_time` int NOT NULL,
  `had_extra_time` tinyint(1) NOT NULL,
  `had_penalties` tinyint(1) NOT NULL,
  `goals_conceded` int NOT NULL,
  `saves` int NOT NULL,
  `offsides` int NOT NULL,
  `goals_scored` int NOT NULL,
  `shots_on_target` int NOT NULL,
  `possession_percentage` double NOT NULL,
  `completed_passes` int NOT NULL,
  `total_passes` int NOT NULL,
  `match_outcome` varchar(10) NOT NULL,
  `team_formation` varchar(20) NOT NULL,
  `match_id` int NOT NULL,
  `team_id` varchar(100) NOT NULL,
  PRIMARY KEY (`id`),
  UNIQUE KEY `unique_match_data_match_team` (`match_id`,`team_id`),
  KEY `footballtracker_team_team_id_a369ad4e_fk_footballt` (`team_id`),
  CONSTRAINT `footballtracker_team_match_id_369dcc74_fk_footballt` FOREIGN KEY (`match_id`) REFERENCES `footballtracker_match` (`match_id`),
  CONSTRAINT `footballtracker_team_team_id_a369ad4e_fk_footballt` FOREIGN KEY (`team_id`) REFERENCES `footballtracker_team` (`name`)
) ENGINE=InnoDB AUTO_INCREMENT=3 DEFAULT CHARSET=utf8mb4 COLLATE=utf8mb4_0900_ai_ci;
/*!40101 SET character_set_client = @saved_cs_client */;

--
-- Dumping data for table `footballtracker_teammatchdata`
--

LOCK TABLES `footballtracker_teammatchdata` WRITE;
/*!40000 ALTER TABLE `footballtracker_teammatchdata` DISABLE KEYS */;
INSERT INTO `footballtracker_teammatchdata` VALUES (1,2,1,1,1,3,1,0,4,55.154926820275804,230,342,'Draw','3-5-2',1,'Athletic Club'),(2,2,0,0,1,8,0,1,0,47.328889601684665,479,313,'Loss','3-5-2',1,'Atltico Madrid');
/*!40000 ALTER TABLE `footballtracker_teammatchdata` ENABLE KEYS */;
UNLOCK TABLES;

--
-- Table structure for table `footballtracker_teammatchdatabooking`
--

DROP TABLE IF EXISTS `footballtracker_teammatchdatabooking`;
/*!40101 SET @saved_cs_client     = @@character_set_client */;
/*!50503 SET character_set_client = utf8mb4 */;
CREATE TABLE `footballtracker_teammatchdatabooking` (
  `id` bigint NOT NULL AUTO_INCREMENT,
  `time_booked` time(6) NOT NULL,
  `match_id` int NOT NULL,
  `team_id` varchar(100) NOT NULL,
  PRIMARY KEY (`id`),
  UNIQUE KEY `unique_team_match_data_booking` (`match_id`,`team_id`,`time_booked`),
  KEY `footballtracker_team_team_id_d952353b_fk_footballt` (`team_id`),
  CONSTRAINT `footballtracker_team_match_id_1eb53eb5_fk_footballt` FOREIGN KEY (`match_id`) REFERENCES `footballtracker_match` (`match_id`),
  CONSTRAINT `footballtracker_team_team_id_d952353b_fk_footballt` FOREIGN KEY (`team_id`) REFERENCES `footballtracker_team` (`name`)
) ENGINE=InnoDB DEFAULT CHARSET=utf8mb4 COLLATE=utf8mb4_0900_ai_ci;
/*!40101 SET character_set_client = @saved_cs_client */;

--
-- Dumping data for table `footballtracker_teammatchdatabooking`
--

LOCK TABLES `footballtracker_teammatchdatabooking` WRITE;
/*!40000 ALTER TABLE `footballtracker_teammatchdatabooking` DISABLE KEYS */;
/*!40000 ALTER TABLE `footballtracker_teammatchdatabooking` ENABLE KEYS */;
UNLOCK TABLES;

--
-- Table structure for table `footballtracker_teammatchdatagoal`
--

DROP TABLE IF EXISTS `footballtracker_teammatchdatagoal`;
/*!40101 SET @saved_cs_client     = @@character_set_client */;
/*!50503 SET character_set_client = utf8mb4 */;
CREATE TABLE `footballtracker_teammatchdatagoal` (
  `id` bigint NOT NULL AUTO_INCREMENT,
  `goal_type` varchar(50) NOT NULL,
  `assisting_player` varchar(100) NOT NULL,
  `time_scored` time(6) NOT NULL,
  `scoring_player` varchar(100) NOT NULL,
  `match_id` int NOT NULL,
  `team_id` varchar(100) NOT NULL,
  PRIMARY KEY (`id`),
  UNIQUE KEY `unique_team_match_data_goal` (`match_id`,`team_id`,`goal_type`,`assisting_player`,`time_scored`,`scoring_player`),
  KEY `footballtracker_team_team_id_154a3040_fk_footballt` (`team_id`),
  CONSTRAINT `footballtracker_team_match_id_606356a3_fk_footballt` FOREIGN KEY (`match_id`) REFERENCES `footballtracker_match` (`match_id`),
  CONSTRAINT `footballtracker_team_team_id_154a3040_fk_footballt` FOREIGN KEY (`team_id`) REFERENCES `footballtracker_team` (`name`)
) ENGINE=InnoDB DEFAULT CHARSET=utf8mb4 COLLATE=utf8mb4_0900_ai_ci;
/*!40101 SET character_set_client = @saved_cs_client */;

--
-- Dumping data for table `footballtracker_teammatchdatagoal`
--

LOCK TABLES `footballtracker_teammatchdatagoal` WRITE;
/*!40000 ALTER TABLE `footballtracker_teammatchdatagoal` DISABLE KEYS */;
/*!40000 ALTER TABLE `footballtracker_teammatchdatagoal` ENABLE KEYS */;
UNLOCK TABLES;

--
-- Table structure for table `footballtracker_teammatchdatasubstitution`
--

DROP TABLE IF EXISTS `footballtracker_teammatchdatasubstitution`;
/*!40101 SET @saved_cs_client     = @@character_set_client */;
/*!50503 SET character_set_client = utf8mb4 */;
CREATE TABLE `footballtracker_teammatchdatasubstitution` (
  `id` bigint NOT NULL AUTO_INCREMENT,
  `player_on` varchar(100) NOT NULL,
  `player_off` varchar(100) NOT NULL,
  `time_subbed` time(6) NOT NULL,
  `match_id` int NOT NULL,
  `team_id` varchar(100) NOT NULL,
  PRIMARY KEY (`id`),
  UNIQUE KEY `unique_team_match_data_substitution` (`match_id`,`team_id`,`player_on`,`player_off`,`time_subbed`),
  KEY `footballtracker_team_team_id_84902179_fk_footballt` (`team_id`),
  CONSTRAINT `footballtracker_team_match_id_f368eb44_fk_footballt` FOREIGN KEY (`match_id`) REFERENCES `footballtracker_match` (`match_id`),
  CONSTRAINT `footballtracker_team_team_id_84902179_fk_footballt` FOREIGN KEY (`team_id`) REFERENCES `footballtracker_team` (`name`)
) ENGINE=InnoDB DEFAULT CHARSET=utf8mb4 COLLATE=utf8mb4_0900_ai_ci;
/*!40101 SET character_set_client = @saved_cs_client */;

--
-- Dumping data for table `footballtracker_teammatchdatasubstitution`
--

LOCK TABLES `footballtracker_teammatchdatasubstitution` WRITE;
/*!40000 ALTER TABLE `footballtracker_teammatchdatasubstitution` DISABLE KEYS */;
/*!40000 ALTER TABLE `footballtracker_teammatchdatasubstitution` ENABLE KEYS */;
UNLOCK TABLES;

--
-- Table structure for table `footballtracker_teamplaysinleague`
--

DROP TABLE IF EXISTS `footballtracker_teamplaysinleague`;
/*!40101 SET @saved_cs_client     = @@character_set_client */;
/*!50503 SET character_set_client = utf8mb4 */;
CREATE TABLE `footballtracker_teamplaysinleague` (
  `id` bigint NOT NULL AUTO_INCREMENT,
  `league_id` varchar(100) NOT NULL,
  `team_id` varchar(100) NOT NULL,
  PRIMARY KEY (`id`),
  UNIQUE KEY `unique_team_plays_in_league_team_league` (`team_id`,`league_id`),
  KEY `footballtracker_team_league_id_528f4d6d_fk_footballt` (`league_id`),
  CONSTRAINT `footballtracker_team_league_id_528f4d6d_fk_footballt` FOREIGN KEY (`league_id`) REFERENCES `footballtracker_league` (`name`),
  CONSTRAINT `footballtracker_team_team_id_4ff8d35e_fk_footballt` FOREIGN KEY (`team_id`) REFERENCES `footballtracker_team` (`name`)
) ENGINE=InnoDB AUTO_INCREMENT=30 DEFAULT CHARSET=utf8mb4 COLLATE=utf8mb4_0900_ai_ci;
/*!40101 SET character_set_client = @saved_cs_client */;

--
-- Dumping data for table `footballtracker_teamplaysinleague`
--

LOCK TABLES `footballtracker_teamplaysinleague` WRITE;
/*!40000 ALTER TABLE `footballtracker_teamplaysinleague` DISABLE KEYS */;
INSERT INTO `footballtracker_teamplaysinleague` VALUES (22,'FIFA','Atltico Madrid'),(23,'FIFA','Barcelona'),(28,'La Liga','Celta Vigo'),(29,'La Liga','Girona FC'),(26,'La Liga','Rayo Vallecano'),(24,'FIFA','Real Madrid'),(25,'FIFA','Sevilla'),(27,'La Liga','Valencia CF');
/*!40000 ALTER TABLE `footballtracker_teamplaysinleague` ENABLE KEYS */;
UNLOCK TABLES;

--
-- Table structure for table `footballtracker_usercanbrowseleague`
--

DROP TABLE IF EXISTS `footballtracker_usercanbrowseleague`;
/*!40101 SET @saved_cs_client     = @@character_set_client */;
/*!50503 SET character_set_client = utf8mb4 */;
CREATE TABLE `footballtracker_usercanbrowseleague` (
  `id` bigint NOT NULL AUTO_INCREMENT,
  `league_id` varchar(100) NOT NULL,
  `user_id` int NOT NULL,
  PRIMARY KEY (`id`),
  UNIQUE KEY `unique_user_browse_league` (`user_id`,`league_id`),
  KEY `footballtracker_user_league_id_b81c99ab_fk_footballt` (`league_id`),
  CONSTRAINT `footballtracker_user_league_id_b81c99ab_fk_footballt` FOREIGN KEY (`league_id`) REFERENCES `footballtracker_league` (`name`),
  CONSTRAINT `footballtracker_user_user_id_84d62736_fk_auth_user` FOREIGN KEY (`user_id`) REFERENCES `auth_user` (`id`)
) ENGINE=InnoDB AUTO_INCREMENT=71 DEFAULT CHARSET=utf8mb4 COLLATE=utf8mb4_0900_ai_ci;
/*!40101 SET character_set_client = @saved_cs_client */;

--
-- Dumping data for table `footballtracker_usercanbrowseleague`
--

LOCK TABLES `footballtracker_usercanbrowseleague` WRITE;
/*!40000 ALTER TABLE `footballtracker_usercanbrowseleague` DISABLE KEYS */;
INSERT INTO `footballtracker_usercanbrowseleague` VALUES (12,'FIFA',3),(25,'La Liga',3),(6,'World Cup',3),(10,'FIFA',5),(8,'World Cup',5),(14,'FIFA',6),(15,'World Cup',6),(17,'FIFA',7),(18,'World Cup',7),(20,'FIFA',8),(21,'World Cup',8),(22,'FIFA',9),(23,'La Liga',9),(24,'World Cup',9),(32,'FIFA',12),(33,'La Liga',12),(34,'World Cup',12),(38,'FIFA',14),(39,'La Liga',14),(40,'World Cup',14),(44,'FIFA',16),(45,'La Liga',16),(46,'World Cup',16),(47,'FIFA',17),(48,'La Liga',17),(49,'World Cup',17),(68,'FIFA',25),(69,'La Liga',25),(70,'World Cup',25);
/*!40000 ALTER TABLE `footballtracker_usercanbrowseleague` ENABLE KEYS */;
UNLOCK TABLES;

--
-- Table structure for table `footballtracker_usercanbrowsematch`
--

DROP TABLE IF EXISTS `footballtracker_usercanbrowsematch`;
/*!40101 SET @saved_cs_client     = @@character_set_client */;
/*!50503 SET character_set_client = utf8mb4 */;
CREATE TABLE `footballtracker_usercanbrowsematch` (
  `id` bigint NOT NULL AUTO_INCREMENT,
  `match_id` int NOT NULL,
  `user_id` int NOT NULL,
  PRIMARY KEY (`id`),
  UNIQUE KEY `unique_user_browse_match` (`user_id`,`match_id`),
  KEY `footballtracker_user_match_id_0c8c48d7_fk_footballt` (`match_id`),
  CONSTRAINT `footballtracker_user_match_id_0c8c48d7_fk_footballt` FOREIGN KEY (`match_id`) REFERENCES `footballtracker_match` (`match_id`),
  CONSTRAINT `footballtracker_user_user_id_d9dec60d_fk_auth_user` FOREIGN KEY (`user_id`) REFERENCES `auth_user` (`id`)
) ENGINE=InnoDB AUTO_INCREMENT=25 DEFAULT CHARSET=utf8mb4 COLLATE=utf8mb4_0900_ai_ci;
/*!40101 SET character_set_client = @saved_cs_client */;

--
-- Dumping data for table `footballtracker_usercanbrowsematch`
--

LOCK TABLES `footballtracker_usercanbrowsematch` WRITE;
/*!40000 ALTER TABLE `footballtracker_usercanbrowsematch` DISABLE KEYS */;
INSERT INTO `footballtracker_usercanbrowsematch` VALUES (1,1,1),(2,1,2),(3,1,3),(4,1,4),(5,1,5),(6,1,6),(7,1,7),(8,1,8),(9,1,9),(12,1,12),(14,1,14),(16,1,16),(17,1,17),(24,1,25);
/*!40000 ALTER TABLE `footballtracker_usercanbrowsematch` ENABLE KEYS */;
UNLOCK TABLES;

--
-- Table structure for table `footballtracker_usercanbrowseplayer`
--

DROP TABLE IF EXISTS `footballtracker_usercanbrowseplayer`;
/*!40101 SET @saved_cs_client     = @@character_set_client */;
/*!50503 SET character_set_client = utf8mb4 */;
CREATE TABLE `footballtracker_usercanbrowseplayer` (
  `id` bigint NOT NULL AUTO_INCREMENT,
  `player_id` int NOT NULL,
  `user_id` int NOT NULL,
  PRIMARY KEY (`id`),
  UNIQUE KEY `unique_user_browse_player` (`user_id`,`player_id`),
  KEY `footballtracker_user_player_id_921a80b5_fk_footballt` (`player_id`),
  CONSTRAINT `footballtracker_user_player_id_921a80b5_fk_footballt` FOREIGN KEY (`player_id`) REFERENCES `footballtracker_player` (`player_id`),
  CONSTRAINT `footballtracker_user_user_id_a105fa5c_fk_auth_user` FOREIGN KEY (`user_id`) REFERENCES `auth_user` (`id`)
) ENGINE=InnoDB AUTO_INCREMENT=16009 DEFAULT CHARSET=utf8mb4 COLLATE=utf8mb4_0900_ai_ci;
/*!40101 SET character_set_client = @saved_cs_client */;

--
-- Dumping data for table `footballtracker_usercanbrowseplayer`
--

LOCK TABLES `footballtracker_usercanbrowseplayer` WRITE;
/*!40000 ALTER TABLE `footballtracker_usercanbrowseplayer` DISABLE KEYS */;
INSERT INTO `footballtracker_usercanbrowseplayer` VALUES (1,1,1),(2,2,1),(3,3,1),(4,4,1),(5,5,1),(6,6,1),(7,7,1),(8,8,1),(9,9,1),(10,10,1),(11,11,1),(12,12,1),(13,13,1),(14,14,1),(15,15,1),(16,16,1),(17,17,1),(18,18,1),(19,19,1),(20,20,1),(21,21,1),(22,22,1),(23,23,1),(24,24,1),(25,25,1),(26,26,1),(27,27,1),(28,28,1),(29,29,1),(30,30,1),(31,31,1),(32,32,1),(33,33,1),(34,34,1),(35,35,1),(36,36,1),(37,37,1),(38,38,1),(39,39,1),(40,40,1),(41,41,1),(42,42,1),(43,43,1),(44,44,1),(45,45,1),(46,46,1),(47,47,1),(48,48,1),(49,49,1),(50,50,1),(51,51,1),(52,52,1),(53,53,1),(54,54,1),(55,55,1),(56,56,1),(57,57,1),(58,58,1),(59,59,1),(60,60,1),(61,61,1),(62,62,1),(63,63,1),(64,64,1),(65,65,1),(66,66,1),(67,67,1),(68,68,1),(69,69,1),(70,70,1),(71,71,1),(72,72,1),(73,73,1),(74,74,1),(75,75,1),(76,76,1),(77,77,1),(78,78,1),(79,79,1),(80,80,1),(81,81,1),(82,82,1),(83,83,1),(84,84,1),(85,85,1),(86,86,1),(87,87,1),(88,88,1),(89,89,1),(90,90,1),(91,91,1),(92,92,1),(93,93,1),(94,94,1),(95,95,1),(96,96,1),(97,97,1),(98,98,1),(99,99,1),(100,100,1),(101,101,1),(102,102,1),(103,103,1),(104,104,1),(105,105,1),(106,106,1),(107,107,1),(108,108,1),(109,109,1),(110,110,1),(111,111,1),(112,112,1),(113,113,1),(114,114,1),(115,115,1),(116,116,1),(117,117,1),(118,118,1),(119,119,1),(120,120,1),(121,121,1),(122,122,1),(123,123,1),(124,124,1),(125,125,1),(126,126,1),(127,127,1),(128,128,1),(129,129,1),(130,130,1),(131,131,1),(132,132,1),(133,133,1),(134,134,1),(135,135,1),(136,136,1),(137,137,1),(138,138,1),(139,139,1),(140,140,1),(141,141,1),(142,142,1),(143,143,1),(144,144,1),(145,145,1),(146,146,1),(147,147,1),(148,148,1),(149,149,1),(150,150,1),(151,151,1),(152,152,1),(153,153,1),(154,154,1),(155,155,1),(156,156,1),(157,157,1),(158,158,1),(159,159,1),(160,160,1),(161,161,1),(162,162,1),(163,163,1),(164,164,1),(165,165,1),(166,166,1),(167,167,1),(168,168,1),(169,169,1),(170,170,1),(171,171,1),(172,172,1),(173,173,1),(174,174,1),(175,175,1),(176,176,1),(177,177,1),(178,178,1),(179,179,1),(180,180,1),(181,181,1),(182,182,1),(183,183,1),(184,184,1),(185,185,1),(186,186,1),(187,187,1),(188,188,1),(189,189,1),(190,190,1),(191,191,1),(192,192,1),(193,193,1),(194,194,1),(195,195,1),(196,196,1),(197,197,1),(198,198,1),(199,199,1),(200,200,1),(201,201,1),(202,202,1),(203,203,1),(204,204,1),(205,205,1),(206,206,1),(207,207,1),(208,208,1),(209,209,1),(210,210,1),(211,211,1),(212,212,1),(213,213,1),(214,214,1),(215,215,1),(216,216,1),(217,217,1),(218,218,1),(219,219,1),(220,220,1),(221,221,1),(222,222,1),(223,223,1),(224,224,1),(225,225,1),(226,226,1),(227,227,1),(228,228,1),(229,229,1),(230,230,1),(231,231,1),(232,232,1),(233,233,1),(234,234,1),(235,235,1),(236,236,1),(237,237,1),(238,238,1),(239,239,1),(240,240,1),(241,241,1),(242,242,1),(243,243,1),(244,244,1),(245,245,1),(246,246,1),(247,247,1),(248,248,1),(249,249,1),(250,250,1),(251,251,1),(252,252,1),(253,253,1),(254,254,1),(255,255,1),(256,256,1),(257,257,1),(258,258,1),(259,259,1),(260,260,1),(261,261,1),(262,262,1),(263,263,1),(264,264,1),(265,265,1),(266,266,1),(267,267,1),(268,268,1),(269,269,1),(270,270,1),(271,271,1),(272,272,1),(273,273,1),(274,274,1),(275,275,1),(276,276,1),(277,277,1),(278,278,1),(279,279,1),(280,280,1),(281,281,1),(282,282,1),(283,283,1),(284,284,1),(285,285,1),(286,286,1),(287,287,1),(288,288,1),(289,289,1),(290,290,1),(291,291,1),(292,292,1),(293,293,1),(294,294,1),(295,295,1),(296,296,1),(297,297,1),(298,298,1),(299,299,1),(300,300,1),(301,301,1),(302,302,1),(303,303,1),(304,304,1),(305,305,1),(306,306,1),(307,307,1),(308,308,1),(309,309,1),(310,310,1),(311,311,1),(312,312,1),(313,313,1),(314,314,1),(315,315,1),(316,316,1),(317,317,1),(318,318,1),(319,319,1),(320,320,1),(321,321,1),(322,322,1),(323,323,1),(324,324,1),(325,325,1),(326,326,1),(327,327,1),(328,328,1),(329,329,1),(330,330,1),(331,331,1),(332,332,1),(333,333,1),(334,334,1),(335,335,1),(336,336,1),(337,337,1),(338,338,1),(339,339,1),(340,340,1),(341,341,1),(342,342,1),(343,343,1),(344,344,1),(345,345,1),(346,346,1),(347,347,1),(348,348,1),(349,349,1),(350,350,1),(351,351,1),(352,352,1),(353,353,1),(354,354,1),(355,355,1),(356,356,1),(357,357,1),(358,358,1),(359,359,1),(360,360,1),(361,361,1),(362,362,1),(363,363,1),(364,364,1),(365,365,1),(366,366,1),(367,367,1),(368,368,1),(369,369,1),(370,370,1),(371,371,1),(372,372,1),(373,373,1),(374,374,1),(375,375,1),(376,376,1),(377,377,1),(378,378,1),(379,379,1),(380,380,1),(381,381,1),(382,382,1),(383,383,1),(384,384,1),(385,385,1),(386,386,1),(387,387,1),(388,388,1),(389,389,1),(390,390,1),(391,391,1),(392,392,1),(393,393,1),(394,394,1),(395,395,1),(396,396,1),(397,397,1),(398,398,1),(399,399,1),(400,400,1),(401,401,1),(402,402,1),(403,403,1),(404,404,1),(405,405,1),(406,406,1),(407,407,1),(408,408,1),(409,409,1),(410,410,1),(411,411,1),(412,412,1),(413,413,1),(414,414,1),(415,415,1),(416,416,1),(417,417,1),(418,418,1),(419,419,1),(420,420,1),(421,421,1),(422,422,1),(423,423,1),(424,424,1),(425,425,1),(426,426,1),(427,427,1),(428,428,1),(429,429,1),(430,430,1),(431,431,1),(432,432,1),(433,433,1),(434,434,1),(435,435,1),(436,436,1),(437,437,1),(438,438,1),(439,439,1),(440,440,1),(441,441,1),(442,442,1),(443,443,1),(444,444,1),(445,445,1),(446,446,1),(447,447,1),(448,448,1),(449,449,1),(450,450,1),(451,451,1),(452,452,1),(453,453,1),(454,454,1),(455,455,1),(456,456,1),(457,457,1),(458,458,1),(459,459,1),(460,460,1),(461,461,1),(462,462,1),(463,463,1),(464,464,1),(465,465,1),(466,466,1),(467,467,1),(468,468,1),(469,469,1),(470,470,1),(471,471,1),(472,472,1),(473,473,1),(474,474,1),(475,475,1),(476,476,1),(477,477,1),(478,478,1),(479,479,1),(480,480,1),(481,481,1),(482,482,1),(483,483,1),(484,484,1),(485,485,1),(486,486,1),(487,487,1),(488,488,1),(489,489,1),(490,490,1),(491,491,1),(492,492,1),(493,493,1),(494,494,1),(495,495,1),(496,496,1),(497,497,1),(498,498,1),(499,499,1),(500,500,1),(501,501,1),(502,502,1),(503,503,1),(504,504,1),(505,505,1),(506,506,1),(507,507,1),(508,508,1),(509,509,1),(510,510,1),(511,511,1),(512,512,1),(513,513,1),(514,514,1),(515,515,1),(516,516,1),(517,517,1),(518,518,1),(519,519,1),(520,520,1),(521,521,1),(522,522,1),(523,523,1),(524,524,1),(525,525,1),(526,526,1),(527,527,1),(528,528,1),(529,529,1),(530,530,1),(531,531,1),(532,532,1),(533,533,1),(534,534,1),(535,535,1),(536,536,1),(537,537,1),(538,538,1),(539,539,1),(540,540,1),(541,541,1),(542,542,1),(543,543,1),(544,544,1),(545,545,1),(546,546,1),(547,547,1),(548,548,1),(549,549,1),(550,550,1),(551,551,1),(552,552,1),(553,553,1),(554,554,1),(555,555,1),(556,556,1),(557,557,1),(558,558,1),(559,559,1),(560,560,1),(561,561,1),(562,562,1),(563,563,1),(564,564,1),(565,565,1),(566,566,1),(567,567,1),(568,568,1),(569,569,1),(570,570,1),(571,571,1),(572,572,1),(573,573,1),(574,574,1),(575,575,1),(576,576,1),(577,577,1),(578,578,1),(579,579,1),(580,580,1),(581,581,1),(582,582,1),(583,583,1),(584,584,1),(585,585,1),(586,586,1),(587,587,1),(588,588,1),(589,589,1),(590,590,1),(591,591,1),(592,592,1),(593,593,1),(594,594,1),(595,595,1),(596,596,1),(597,597,1),(598,598,1),(599,599,1),(600,600,1),(601,601,1),(602,602,1),(603,603,1),(604,604,1),(605,605,1),(606,606,1),(607,607,1),(608,608,1),(609,609,1),(610,610,1),(611,611,1),(612,612,1),(613,613,1),(614,614,1),(615,615,1),(616,616,1),(617,617,1),(618,618,1),(619,619,1),(620,620,1),(621,621,1),(622,622,1),(623,623,1),(624,624,1),(625,625,1),(626,626,1),(627,627,1),(628,628,1),(629,629,1),(630,630,1),(631,631,1),(632,632,1),(633,633,1),(634,634,1),(635,635,1),(636,636,1),(637,637,1),(638,638,1),(639,639,1),(640,640,1),(641,641,1),(642,642,1),(643,643,1),(644,644,1),(645,645,1),(646,646,1),(647,647,1),(648,648,1),(649,649,1),(650,650,1),(651,651,1),(652,652,1),(653,653,1),(654,654,1),(655,655,1),(656,656,1),(657,657,1),(658,658,1),(659,659,1),(660,660,1),(661,661,1),(662,662,1),(663,663,1),(664,664,1),(665,665,1),(666,666,1),(667,667,1),(668,1,2),(669,2,2),(670,3,2),(671,4,2),(672,5,2),(673,6,2),(674,7,2),(675,8,2),(676,9,2),(677,10,2),(678,11,2),(679,12,2),(680,13,2),(681,14,2),(682,15,2),(683,16,2),(684,17,2),(685,18,2),(686,19,2),(687,20,2),(688,21,2),(689,22,2),(690,23,2),(691,24,2),(692,25,2),(693,26,2),(694,27,2),(695,28,2),(696,29,2),(697,30,2),(698,31,2),(699,32,2),(700,33,2),(701,34,2),(702,35,2),(703,36,2),(704,37,2),(705,38,2),(706,39,2),(707,40,2),(708,41,2),(709,42,2),(710,43,2),(711,44,2),(712,45,2),(713,46,2),(714,47,2),(715,48,2),(716,49,2),(717,50,2),(718,51,2),(719,52,2),(720,53,2),(721,54,2),(722,55,2),(723,56,2),(724,57,2),(725,58,2),(726,59,2),(727,60,2),(728,61,2),(729,62,2),(730,63,2),(731,64,2),(732,65,2),(733,66,2),(734,67,2),(735,68,2),(736,69,2),(737,70,2),(738,71,2),(739,72,2),(740,73,2),(741,74,2),(742,75,2),(743,76,2),(744,77,2),(745,78,2),(746,79,2),(747,80,2),(748,81,2),(749,82,2),(750,83,2),(751,84,2),(752,85,2),(753,86,2),(754,87,2),(755,88,2),(756,89,2),(757,90,2),(758,91,2),(759,92,2),(760,93,2),(761,94,2),(762,95,2),(763,96,2),(764,97,2),(765,98,2),(766,99,2),(767,100,2),(768,101,2),(769,102,2),(770,103,2),(771,104,2),(772,105,2),(773,106,2),(774,107,2),(775,108,2),(776,109,2),(777,110,2),(778,111,2),(779,112,2),(780,113,2),(781,114,2),(782,115,2),(783,116,2),(784,117,2),(785,118,2),(786,119,2),(787,120,2),(788,121,2),(789,122,2),(790,123,2),(791,124,2),(792,125,2),(793,126,2),(794,127,2),(795,128,2),(796,129,2),(797,130,2),(798,131,2),(799,132,2),(800,133,2),(801,134,2),(802,135,2),(803,136,2),(804,137,2),(805,138,2),(806,139,2),(807,140,2),(808,141,2),(809,142,2),(810,143,2),(811,144,2),(812,145,2),(813,146,2),(814,147,2),(815,148,2),(816,149,2),(817,150,2),(818,151,2),(819,152,2),(820,153,2),(821,154,2),(822,155,2),(823,156,2),(824,157,2),(825,158,2),(826,159,2),(827,160,2),(828,161,2),(829,162,2),(830,163,2),(831,164,2),(832,165,2),(833,166,2),(834,167,2),(835,168,2),(836,169,2),(837,170,2),(838,171,2),(839,172,2),(840,173,2),(841,174,2),(842,175,2),(843,176,2),(844,177,2),(845,178,2),(846,179,2),(847,180,2),(848,181,2),(849,182,2),(850,183,2),(851,184,2),(852,185,2),(853,186,2),(854,187,2),(855,188,2),(856,189,2),(857,190,2),(858,191,2),(859,192,2),(860,193,2),(861,194,2),(862,195,2),(863,196,2),(864,197,2),(865,198,2),(866,199,2),(867,200,2),(868,201,2),(869,202,2),(870,203,2),(871,204,2),(872,205,2),(873,206,2),(874,207,2),(875,208,2),(876,209,2),(877,210,2),(878,211,2),(879,212,2),(880,213,2),(881,214,2),(882,215,2),(883,216,2),(884,217,2),(885,218,2),(886,219,2),(887,220,2),(888,221,2),(889,222,2),(890,223,2),(891,224,2),(892,225,2),(893,226,2),(894,227,2),(895,228,2),(896,229,2),(897,230,2),(898,231,2),(899,232,2),(900,233,2),(901,234,2),(902,235,2),(903,236,2),(904,237,2),(905,238,2),(906,239,2),(907,240,2),(908,241,2),(909,242,2),(910,243,2),(911,244,2),(912,245,2),(913,246,2),(914,247,2),(915,248,2),(916,249,2),(917,250,2),(918,251,2),(919,252,2),(920,253,2),(921,254,2),(922,255,2),(923,256,2),(924,257,2),(925,258,2),(926,259,2),(927,260,2),(928,261,2),(929,262,2),(930,263,2),(931,264,2),(932,265,2),(933,266,2),(934,267,2),(935,268,2),(936,269,2),(937,270,2),(938,271,2),(939,272,2),(940,273,2),(941,274,2),(942,275,2),(943,276,2),(944,277,2),(945,278,2),(946,279,2),(947,280,2),(948,281,2),(949,282,2),(950,283,2),(951,284,2),(952,285,2),(953,286,2),(954,287,2),(955,288,2),(956,289,2),(957,290,2),(958,291,2),(959,292,2),(960,293,2),(961,294,2),(962,295,2),(963,296,2),(964,297,2),(965,298,2),(966,299,2),(967,300,2),(968,301,2),(969,302,2),(970,303,2),(971,304,2),(972,305,2),(973,306,2),(974,307,2),(975,308,2),(976,309,2),(977,310,2),(978,311,2),(979,312,2),(980,313,2),(981,314,2),(982,315,2),(983,316,2),(984,317,2),(985,318,2),(986,319,2),(987,320,2),(988,321,2),(989,322,2),(990,323,2),(991,324,2),(992,325,2),(993,326,2),(994,327,2),(995,328,2),(996,329,2),(997,330,2),(998,331,2),(999,332,2),(1000,333,2),(1001,334,2),(1002,335,2),(1003,336,2),(1004,337,2),(1005,338,2),(1006,339,2),(1007,340,2),(1008,341,2),(1009,342,2),(1010,343,2),(1011,344,2),(1012,345,2),(1013,346,2),(1014,347,2),(1015,348,2),(1016,349,2),(1017,350,2),(1018,351,2),(1019,352,2),(1020,353,2),(1021,354,2),(1022,355,2),(1023,356,2),(1024,357,2),(1025,358,2),(1026,359,2),(1027,360,2),(1028,361,2),(1029,362,2),(1030,363,2),(1031,364,2),(1032,365,2),(1033,366,2),(1034,367,2),(1035,368,2),(1036,369,2),(1037,370,2),(1038,371,2),(1039,372,2),(1040,373,2),(1041,374,2),(1042,375,2),(1043,376,2),(1044,377,2),(1045,378,2),(1046,379,2),(1047,380,2),(1048,381,2),(1049,382,2),(1050,383,2),(1051,384,2),(1052,385,2),(1053,386,2),(1054,387,2),(1055,388,2),(1056,389,2),(1057,390,2),(1058,391,2),(1059,392,2),(1060,393,2),(1061,394,2),(1062,395,2),(1063,396,2),(1064,397,2),(1065,398,2),(1066,399,2),(1067,400,2),(1068,401,2),(1069,402,2),(1070,403,2),(1071,404,2),(1072,405,2),(1073,406,2),(1074,407,2),(1075,408,2),(1076,409,2),(1077,410,2),(1078,411,2),(1079,412,2),(1080,413,2),(1081,414,2),(1082,415,2),(1083,416,2),(1084,417,2),(1085,418,2),(1086,419,2),(1087,420,2),(1088,421,2),(1089,422,2),(1090,423,2),(1091,424,2),(1092,425,2),(1093,426,2),(1094,427,2),(1095,428,2),(1096,429,2),(1097,430,2),(1098,431,2),(1099,432,2),(1100,433,2),(1101,434,2),(1102,435,2),(1103,436,2),(1104,437,2),(1105,438,2),(1106,439,2),(1107,440,2),(1108,441,2),(1109,442,2),(1110,443,2),(1111,444,2),(1112,445,2),(1113,446,2),(1114,447,2),(1115,448,2),(1116,449,2),(1117,450,2),(1118,451,2),(1119,452,2),(1120,453,2),(1121,454,2),(1122,455,2),(1123,456,2),(1124,457,2),(1125,458,2),(1126,459,2),(1127,460,2),(1128,461,2),(1129,462,2),(1130,463,2),(1131,464,2),(1132,465,2),(1133,466,2),(1134,467,2),(1135,468,2),(1136,469,2),(1137,470,2),(1138,471,2),(1139,472,2),(1140,473,2),(1141,474,2),(1142,475,2),(1143,476,2),(1144,477,2),(1145,478,2),(1146,479,2),(1147,480,2),(1148,481,2),(1149,482,2),(1150,483,2),(1151,484,2),(1152,485,2),(1153,486,2),(1154,487,2),(1155,488,2),(1156,489,2),(1157,490,2),(1158,491,2),(1159,492,2),(1160,493,2),(1161,494,2),(1162,495,2),(1163,496,2),(1164,497,2),(1165,498,2),(1166,499,2),(1167,500,2),(1168,501,2),(1169,502,2),(1170,503,2),(1171,504,2),(1172,505,2),(1173,506,2),(1174,507,2),(1175,508,2),(1176,509,2),(1177,510,2),(1178,511,2),(1179,512,2),(1180,513,2),(1181,514,2),(1182,515,2),(1183,516,2),(1184,517,2),(1185,518,2),(1186,519,2),(1187,520,2),(1188,521,2),(1189,522,2),(1190,523,2),(1191,524,2),(1192,525,2),(1193,526,2),(1194,527,2),(1195,528,2),(1196,529,2),(1197,530,2),(1198,531,2),(1199,532,2),(1200,533,2),(1201,534,2),(1202,535,2),(1203,536,2),(1204,537,2),(1205,538,2),(1206,539,2),(1207,540,2),(1208,541,2),(1209,542,2),(1210,543,2),(1211,544,2),(1212,545,2),(1213,546,2),(1214,547,2),(1215,548,2),(1216,549,2),(1217,550,2),(1218,551,2),(1219,552,2),(1220,553,2),(1221,554,2),(1222,555,2),(1223,556,2),(1224,557,2),(1225,558,2),(1226,559,2),(1227,560,2),(1228,561,2),(1229,562,2),(1230,563,2),(1231,564,2),(1232,565,2),(1233,566,2),(1234,567,2),(1235,568,2),(1236,569,2),(1237,570,2),(1238,571,2),(1239,572,2),(1240,573,2),(1241,574,2),(1242,575,2),(1243,576,2),(1244,577,2),(1245,578,2),(1246,579,2),(1247,580,2),(1248,581,2),(1249,582,2),(1250,583,2),(1251,584,2),(1252,585,2),(1253,586,2),(1254,587,2),(1255,588,2),(1256,589,2),(1257,590,2),(1258,591,2),(1259,592,2),(1260,593,2),(1261,594,2),(1262,595,2),(1263,596,2),(1264,597,2),(1265,598,2),(1266,599,2),(1267,600,2),(1268,601,2),(1269,602,2),(1270,603,2),(1271,604,2),(1272,605,2),(1273,606,2),(1274,607,2),(1275,608,2),(1276,609,2),(1277,610,2),(1278,611,2),(1279,612,2),(1280,613,2),(1281,614,2),(1282,615,2),(1283,616,2),(1284,617,2),(1285,618,2),(1286,619,2),(1287,620,2),(1288,621,2),(1289,622,2),(1290,623,2),(1291,624,2),(1292,625,2),(1293,626,2),(1294,627,2),(1295,628,2),(1296,629,2),(1297,630,2),(1298,631,2),(1299,632,2),(1300,633,2),(1301,634,2),(1302,635,2),(1303,636,2),(1304,637,2),(1305,638,2),(1306,639,2),(1307,640,2),(1308,641,2),(1309,642,2),(1310,643,2),(1311,644,2),(1312,645,2),(1313,646,2),(1314,647,2),(1315,648,2),(1316,649,2),(1317,650,2),(1318,651,2),(1319,652,2),(1320,653,2),(1321,654,2),(1322,655,2),(1323,656,2),(1324,657,2),(1325,658,2),(1326,659,2),(1327,660,2),(1328,661,2),(1329,662,2),(1330,663,2),(1331,664,2),(1332,665,2),(1333,666,2),(1334,667,2),(1335,1,3),(1336,2,3),(1337,3,3),(1338,4,3),(1339,5,3),(1340,6,3),(1341,7,3),(1342,8,3),(1343,9,3),(1344,10,3),(1345,11,3),(1346,12,3),(1347,13,3),(1348,14,3),(1349,15,3),(1350,16,3),(1351,17,3),(1352,18,3),(1353,19,3),(1354,20,3),(1355,21,3),(1356,22,3),(1357,23,3),(1358,24,3),(1359,25,3),(1360,26,3),(1361,27,3),(1362,28,3),(1363,29,3),(1364,30,3),(1365,31,3),(1366,32,3),(1367,33,3),(1368,34,3),(1369,35,3),(1370,36,3),(1371,37,3),(1372,38,3),(1373,39,3),(1374,40,3),(1375,41,3),(1376,42,3),(1377,43,3),(1378,44,3),(1379,45,3),(1380,46,3),(1381,47,3),(1382,48,3),(1383,49,3),(1384,50,3),(1385,51,3),(1386,52,3),(1387,53,3),(1388,54,3),(1389,55,3),(1390,56,3),(1391,57,3),(1392,58,3),(1393,59,3),(1394,60,3),(1395,61,3),(1396,62,3),(1397,63,3),(1398,64,3),(1399,65,3),(1400,66,3),(1401,67,3),(1402,68,3),(1403,69,3),(1404,70,3),(1405,71,3),(1406,72,3),(1407,73,3),(1408,74,3),(1409,75,3),(1410,76,3),(1411,77,3),(1412,78,3),(1413,79,3),(1414,80,3),(1415,81,3),(1416,82,3),(1417,83,3),(1418,84,3),(1419,85,3),(1420,86,3),(1421,87,3),(1422,88,3),(1423,89,3),(1424,90,3),(1425,91,3),(1426,92,3),(1427,93,3),(1428,94,3),(1429,95,3),(1430,96,3),(1431,97,3),(1432,98,3),(1433,99,3),(1434,100,3),(1435,101,3),(1436,102,3),(1437,103,3),(1438,104,3),(1439,105,3),(1440,106,3),(1441,107,3),(1442,108,3),(1443,109,3),(1444,110,3),(1445,111,3),(1446,112,3),(1447,113,3),(1448,114,3),(1449,115,3),(1450,116,3),(1451,117,3),(1452,118,3),(1453,119,3),(1454,120,3),(1455,121,3),(1456,122,3),(1457,123,3),(1458,124,3),(1459,125,3),(1460,126,3),(1461,127,3),(1462,128,3),(1463,129,3),(1464,130,3),(1465,131,3),(1466,132,3),(1467,133,3),(1468,134,3),(1469,135,3),(1470,136,3),(1471,137,3),(1472,138,3),(1473,139,3),(1474,140,3),(1475,141,3),(1476,142,3),(1477,143,3),(1478,144,3),(1479,145,3),(1480,146,3),(1481,147,3),(1482,148,3),(1483,149,3),(1484,150,3),(1485,151,3),(1486,152,3),(1487,153,3),(1488,154,3),(1489,155,3),(1490,156,3),(1491,157,3),(1492,158,3),(1493,159,3),(1494,160,3),(1495,161,3),(1496,162,3),(1497,163,3),(1498,164,3),(1499,165,3),(1500,166,3),(1501,167,3),(1502,168,3),(1503,169,3),(1504,170,3),(1505,171,3),(1506,172,3),(1507,173,3),(1508,174,3),(1509,175,3),(1510,176,3),(1511,177,3),(1512,178,3),(1513,179,3),(1514,180,3),(1515,181,3),(1516,182,3),(1517,183,3),(1518,184,3),(1519,185,3),(1520,186,3),(1521,187,3),(1522,188,3),(1523,189,3),(1524,190,3),(1525,191,3),(1526,192,3),(1527,193,3),(1528,194,3),(1529,195,3),(1530,196,3),(1531,197,3),(1532,198,3),(1533,199,3),(1534,200,3),(1535,201,3),(1536,202,3),(1537,203,3),(1538,204,3),(1539,205,3),(1540,206,3),(1541,207,3),(1542,208,3),(1543,209,3),(1544,210,3),(1545,211,3),(1546,212,3),(1547,213,3),(1548,214,3),(1549,215,3),(1550,216,3),(1551,217,3),(1552,218,3),(1553,219,3),(1554,220,3),(1555,221,3),(1556,222,3),(1557,223,3),(1558,224,3),(1559,225,3),(1560,226,3),(1561,227,3),(1562,228,3),(1563,229,3),(1564,230,3),(1565,231,3),(1566,232,3),(1567,233,3),(1568,234,3),(1569,235,3),(1570,236,3),(1571,237,3),(1572,238,3),(1573,239,3),(1574,240,3),(1575,241,3),(1576,242,3),(1577,243,3),(1578,244,3),(1579,245,3),(1580,246,3),(1581,247,3),(1582,248,3),(1583,249,3),(1584,250,3),(1585,251,3),(1586,252,3),(1587,253,3),(1588,254,3),(1589,255,3),(1590,256,3),(1591,257,3),(1592,258,3),(1593,259,3),(1594,260,3),(1595,261,3),(1596,262,3),(1597,263,3),(1598,264,3),(1599,265,3),(1600,266,3),(1601,267,3),(1602,268,3),(1603,269,3),(1604,270,3),(1605,271,3),(1606,272,3),(1607,273,3),(1608,274,3),(1609,275,3),(1610,276,3),(1611,277,3),(1612,278,3),(1613,279,3),(1614,280,3),(1615,281,3),(1616,282,3),(1617,283,3),(1618,284,3),(1619,285,3),(1620,286,3),(1621,287,3),(1622,288,3),(1623,289,3),(1624,290,3),(1625,291,3),(1626,292,3),(1627,293,3),(1628,294,3),(1629,295,3),(1630,296,3),(1631,297,3),(1632,298,3),(1633,299,3),(1634,300,3),(1635,301,3),(1636,302,3),(1637,303,3),(1638,304,3),(1639,305,3),(1640,306,3),(1641,307,3),(1642,308,3),(1643,309,3),(1644,310,3),(1645,311,3),(1646,312,3),(1647,313,3),(1648,314,3),(1649,315,3),(1650,316,3),(1651,317,3),(1652,318,3),(1653,319,3),(1654,320,3),(1655,321,3),(1656,322,3),(1657,323,3),(1658,324,3),(1659,325,3),(1660,326,3),(1661,327,3),(1662,328,3),(1663,329,3),(1664,330,3),(1665,331,3),(1666,332,3),(1667,333,3),(1668,334,3),(1669,335,3),(1670,336,3),(1671,337,3),(1672,338,3),(1673,339,3),(1674,340,3),(1675,341,3),(1676,342,3),(1677,343,3),(1678,344,3),(1679,345,3),(1680,346,3),(1681,347,3),(1682,348,3),(1683,349,3),(1684,350,3),(1685,351,3),(1686,352,3),(1687,353,3),(1688,354,3),(1689,355,3),(1690,356,3),(1691,357,3),(1692,358,3),(1693,359,3),(1694,360,3),(1695,361,3),(1696,362,3),(1697,363,3),(1698,364,3),(1699,365,3),(1700,366,3),(1701,367,3),(1702,368,3),(1703,369,3),(1704,370,3),(1705,371,3),(1706,372,3),(1707,373,3),(1708,374,3),(1709,375,3),(1710,376,3),(1711,377,3),(1712,378,3),(1713,379,3),(1714,380,3),(1715,381,3),(1716,382,3),(1717,383,3),(1718,384,3),(1719,385,3),(1720,386,3),(1721,387,3),(1722,388,3),(1723,389,3),(1724,390,3),(1725,391,3),(1726,392,3),(1727,393,3),(1728,394,3),(1729,395,3),(1730,396,3),(1731,397,3),(1732,398,3),(1733,399,3),(1734,400,3),(1735,401,3),(1736,402,3),(1737,403,3),(1738,404,3),(1739,405,3),(1740,406,3),(1741,407,3),(1742,408,3),(1743,409,3),(1744,410,3),(1745,411,3),(1746,412,3),(1747,413,3),(1748,414,3),(1749,415,3),(1750,416,3),(1751,417,3),(1752,418,3),(1753,419,3),(1754,420,3),(1755,421,3),(1756,422,3),(1757,423,3),(1758,424,3),(1759,425,3),(1760,426,3),(1761,427,3),(1762,428,3),(1763,429,3),(1764,430,3),(1765,431,3),(1766,432,3),(1767,433,3),(1768,434,3),(1769,435,3),(1770,436,3),(1771,437,3),(1772,438,3),(1773,439,3),(1774,440,3),(1775,441,3),(1776,442,3),(1777,443,3),(1778,444,3),(1779,445,3),(1780,446,3),(1781,447,3),(1782,448,3),(1783,449,3),(1784,450,3),(1785,451,3),(1786,452,3),(1787,453,3),(1788,454,3),(1789,455,3),(1790,456,3),(1791,457,3),(1792,458,3),(1793,459,3),(1794,460,3),(1795,461,3),(1796,462,3),(1797,463,3),(1798,464,3),(1799,465,3),(1800,466,3),(1801,467,3),(1802,468,3),(1803,469,3),(1804,470,3),(1805,471,3),(1806,472,3),(1807,473,3),(1808,474,3),(1809,475,3),(1810,476,3),(1811,477,3),(1812,478,3),(1813,479,3),(1814,480,3),(1815,481,3),(1816,482,3),(1817,483,3),(1818,484,3),(1819,485,3),(1820,486,3),(1821,487,3),(1822,488,3),(1823,489,3),(1824,490,3),(1825,491,3),(1826,492,3),(1827,493,3),(1828,494,3),(1829,495,3),(1830,496,3),(1831,497,3),(1832,498,3),(1833,499,3),(1834,500,3),(1835,501,3),(1836,502,3),(1837,503,3),(1838,504,3),(1839,505,3),(1840,506,3),(1841,507,3),(1842,508,3),(1843,509,3),(1844,510,3),(1845,511,3),(1846,512,3),(1847,513,3),(1848,514,3),(1849,515,3),(1850,516,3),(1851,517,3),(1852,518,3),(1853,519,3),(1854,520,3),(1855,521,3),(1856,522,3),(1857,523,3),(1858,524,3),(1859,525,3),(1860,526,3),(1861,527,3),(1862,528,3),(1863,529,3),(1864,530,3),(1865,531,3),(1866,532,3),(1867,533,3),(1868,534,3),(1869,535,3),(1870,536,3),(1871,537,3),(1872,538,3),(1873,539,3),(1874,540,3),(1875,541,3),(1876,542,3),(1877,543,3),(1878,544,3),(1879,545,3),(1880,546,3),(1881,547,3),(1882,548,3),(1883,549,3),(1884,550,3),(1885,551,3),(1886,552,3),(1887,553,3),(1888,554,3),(1889,555,3),(1890,556,3),(1891,557,3),(1892,558,3),(1893,559,3),(1894,560,3),(1895,561,3),(1896,562,3),(1897,563,3),(1898,564,3),(1899,565,3),(1900,566,3),(1901,567,3),(1902,568,3),(1903,569,3),(1904,570,3),(1905,571,3),(1906,572,3),(1907,573,3),(1908,574,3),(1909,575,3),(1910,576,3),(1911,577,3),(1912,578,3),(1913,579,3),(1914,580,3),(1915,581,3),(1916,582,3),(1917,583,3),(1918,584,3),(1919,585,3),(1920,586,3),(1921,587,3),(1922,588,3),(1923,589,3),(1924,590,3),(1925,591,3),(1926,592,3),(1927,593,3),(1928,594,3),(1929,595,3),(1930,596,3),(1931,597,3),(1932,598,3),(1933,599,3),(1934,600,3),(1935,601,3),(1936,602,3),(1937,603,3),(1938,604,3),(1939,605,3),(1940,606,3),(1941,607,3),(1942,608,3),(1943,609,3),(1944,610,3),(1945,611,3),(1946,612,3),(1947,613,3),(1948,614,3),(1949,615,3),(1950,616,3),(1951,617,3),(1952,618,3),(1953,619,3),(1954,620,3),(1955,621,3),(1956,622,3),(1957,623,3),(1958,624,3),(1959,625,3),(1960,626,3),(1961,627,3),(1962,628,3),(1963,629,3),(1964,630,3),(1965,631,3),(1966,632,3),(1967,633,3),(1968,634,3),(1969,635,3),(1970,636,3),(1971,637,3),(1972,638,3),(1973,639,3),(1974,640,3),(1975,641,3),(1976,642,3),(1977,643,3),(1978,644,3),(1979,645,3),(1980,646,3),(1981,647,3),(1982,648,3),(1983,649,3),(1984,650,3),(1985,651,3),(1986,652,3),(1987,653,3),(1988,654,3),(1989,655,3),(1990,656,3),(1991,657,3),(1992,658,3),(1993,659,3),(1994,660,3),(1995,661,3),(1996,662,3),(1997,663,3),(1998,664,3),(1999,665,3),(2000,666,3),(2001,667,3),(2002,1,4),(2003,2,4),(2004,3,4),(2005,4,4),(2006,5,4),(2007,6,4),(2008,7,4),(2009,8,4),(2010,9,4),(2011,10,4),(2012,11,4),(2013,12,4),(2014,13,4),(2015,14,4),(2016,15,4),(2017,16,4),(2018,17,4),(2019,18,4),(2020,19,4),(2021,20,4),(2022,21,4),(2023,22,4),(2024,23,4),(2025,24,4),(2026,25,4),(2027,26,4),(2028,27,4),(2029,28,4),(2030,29,4),(2031,30,4),(2032,31,4),(2033,32,4),(2034,33,4),(2035,34,4),(2036,35,4),(2037,36,4),(2038,37,4),(2039,38,4),(2040,39,4),(2041,40,4),(2042,41,4),(2043,42,4),(2044,43,4),(2045,44,4),(2046,45,4),(2047,46,4),(2048,47,4),(2049,48,4),(2050,49,4),(2051,50,4),(2052,51,4),(2053,52,4),(2054,53,4),(2055,54,4),(2056,55,4),(2057,56,4),(2058,57,4),(2059,58,4),(2060,59,4),(2061,60,4),(2062,61,4),(2063,62,4),(2064,63,4),(2065,64,4),(2066,65,4),(2067,66,4),(2068,67,4),(2069,68,4),(2070,69,4),(2071,70,4),(2072,71,4),(2073,72,4),(2074,73,4),(2075,74,4),(2076,75,4),(2077,76,4),(2078,77,4),(2079,78,4),(2080,79,4),(2081,80,4),(2082,81,4),(2083,82,4),(2084,83,4),(2085,84,4),(2086,85,4),(2087,86,4),(2088,87,4),(2089,88,4),(2090,89,4),(2091,90,4),(2092,91,4),(2093,92,4),(2094,93,4),(2095,94,4),(2096,95,4),(2097,96,4),(2098,97,4),(2099,98,4),(2100,99,4),(2101,100,4),(2102,101,4),(2103,102,4),(2104,103,4),(2105,104,4),(2106,105,4),(2107,106,4),(2108,107,4),(2109,108,4),(2110,109,4),(2111,110,4),(2112,111,4),(2113,112,4),(2114,113,4),(2115,114,4),(2116,115,4),(2117,116,4),(2118,117,4),(2119,118,4),(2120,119,4),(2121,120,4),(2122,121,4),(2123,122,4),(2124,123,4),(2125,124,4),(2126,125,4),(2127,126,4),(2128,127,4),(2129,128,4),(2130,129,4),(2131,130,4),(2132,131,4),(2133,132,4),(2134,133,4),(2135,134,4),(2136,135,4),(2137,136,4),(2138,137,4),(2139,138,4),(2140,139,4),(2141,140,4),(2142,141,4),(2143,142,4),(2144,143,4),(2145,144,4),(2146,145,4),(2147,146,4),(2148,147,4),(2149,148,4),(2150,149,4),(2151,150,4),(2152,151,4),(2153,152,4),(2154,153,4),(2155,154,4),(2156,155,4),(2157,156,4),(2158,157,4),(2159,158,4),(2160,159,4),(2161,160,4),(2162,161,4),(2163,162,4),(2164,163,4),(2165,164,4),(2166,165,4),(2167,166,4),(2168,167,4),(2169,168,4),(2170,169,4),(2171,170,4),(2172,171,4),(2173,172,4),(2174,173,4),(2175,174,4),(2176,175,4),(2177,176,4),(2178,177,4),(2179,178,4),(2180,179,4),(2181,180,4),(2182,181,4),(2183,182,4),(2184,183,4),(2185,184,4),(2186,185,4),(2187,186,4),(2188,187,4),(2189,188,4),(2190,189,4),(2191,190,4),(2192,191,4),(2193,192,4),(2194,193,4),(2195,194,4),(2196,195,4),(2197,196,4),(2198,197,4),(2199,198,4),(2200,199,4),(2201,200,4),(2202,201,4),(2203,202,4),(2204,203,4),(2205,204,4),(2206,205,4),(2207,206,4),(2208,207,4),(2209,208,4),(2210,209,4),(2211,210,4),(2212,211,4),(2213,212,4),(2214,213,4),(2215,214,4),(2216,215,4),(2217,216,4),(2218,217,4),(2219,218,4),(2220,219,4),(2221,220,4),(2222,221,4),(2223,222,4),(2224,223,4),(2225,224,4),(2226,225,4),(2227,226,4),(2228,227,4),(2229,228,4),(2230,229,4),(2231,230,4),(2232,231,4),(2233,232,4),(2234,233,4),(2235,234,4),(2236,235,4),(2237,236,4),(2238,237,4),(2239,238,4),(2240,239,4),(2241,240,4),(2242,241,4),(2243,242,4),(2244,243,4),(2245,244,4),(2246,245,4),(2247,246,4),(2248,247,4),(2249,248,4),(2250,249,4),(2251,250,4),(2252,251,4),(2253,252,4),(2254,253,4),(2255,254,4),(2256,255,4),(2257,256,4),(2258,257,4),(2259,258,4),(2260,259,4),(2261,260,4),(2262,261,4),(2263,262,4),(2264,263,4),(2265,264,4),(2266,265,4),(2267,266,4),(2268,267,4),(2269,268,4),(2270,269,4),(2271,270,4),(2272,271,4),(2273,272,4),(2274,273,4),(2275,274,4),(2276,275,4),(2277,276,4),(2278,277,4),(2279,278,4),(2280,279,4),(2281,280,4),(2282,281,4),(2283,282,4),(2284,283,4),(2285,284,4),(2286,285,4),(2287,286,4),(2288,287,4),(2289,288,4),(2290,289,4),(2291,290,4),(2292,291,4),(2293,292,4),(2294,293,4),(2295,294,4),(2296,295,4),(2297,296,4),(2298,297,4),(2299,298,4),(2300,299,4),(2301,300,4),(2302,301,4),(2303,302,4),(2304,303,4),(2305,304,4),(2306,305,4),(2307,306,4),(2308,307,4),(2309,308,4),(2310,309,4),(2311,310,4),(2312,311,4),(2313,312,4),(2314,313,4),(2315,314,4),(2316,315,4),(2317,316,4),(2318,317,4),(2319,318,4),(2320,319,4),(2321,320,4),(2322,321,4),(2323,322,4),(2324,323,4),(2325,324,4),(2326,325,4),(2327,326,4),(2328,327,4),(2329,328,4),(2330,329,4),(2331,330,4),(2332,331,4),(2333,332,4),(2334,333,4),(2335,334,4),(2336,335,4),(2337,336,4),(2338,337,4),(2339,338,4),(2340,339,4),(2341,340,4),(2342,341,4),(2343,342,4),(2344,343,4),(2345,344,4),(2346,345,4),(2347,346,4),(2348,347,4),(2349,348,4),(2350,349,4),(2351,350,4),(2352,351,4),(2353,352,4),(2354,353,4),(2355,354,4),(2356,355,4),(2357,356,4),(2358,357,4),(2359,358,4),(2360,359,4),(2361,360,4),(2362,361,4),(2363,362,4),(2364,363,4),(2365,364,4),(2366,365,4),(2367,366,4),(2368,367,4),(2369,368,4),(2370,369,4),(2371,370,4),(2372,371,4),(2373,372,4),(2374,373,4),(2375,374,4),(2376,375,4),(2377,376,4),(2378,377,4),(2379,378,4),(2380,379,4),(2381,380,4),(2382,381,4),(2383,382,4),(2384,383,4),(2385,384,4),(2386,385,4),(2387,386,4),(2388,387,4),(2389,388,4),(2390,389,4),(2391,390,4),(2392,391,4),(2393,392,4),(2394,393,4),(2395,394,4),(2396,395,4),(2397,396,4),(2398,397,4),(2399,398,4),(2400,399,4),(2401,400,4),(2402,401,4),(2403,402,4),(2404,403,4),(2405,404,4),(2406,405,4),(2407,406,4),(2408,407,4),(2409,408,4),(2410,409,4),(2411,410,4),(2412,411,4),(2413,412,4),(2414,413,4),(2415,414,4),(2416,415,4),(2417,416,4),(2418,417,4),(2419,418,4),(2420,419,4),(2421,420,4),(2422,421,4),(2423,422,4),(2424,423,4),(2425,424,4),(2426,425,4),(2427,426,4),(2428,427,4),(2429,428,4),(2430,429,4),(2431,430,4),(2432,431,4),(2433,432,4),(2434,433,4),(2435,434,4),(2436,435,4),(2437,436,4),(2438,437,4),(2439,438,4),(2440,439,4),(2441,440,4),(2442,441,4),(2443,442,4),(2444,443,4),(2445,444,4),(2446,445,4),(2447,446,4),(2448,447,4),(2449,448,4),(2450,449,4),(2451,450,4),(2452,451,4),(2453,452,4),(2454,453,4),(2455,454,4),(2456,455,4),(2457,456,4),(2458,457,4),(2459,458,4),(2460,459,4),(2461,460,4),(2462,461,4),(2463,462,4),(2464,463,4),(2465,464,4),(2466,465,4),(2467,466,4),(2468,467,4),(2469,468,4),(2470,469,4),(2471,470,4),(2472,471,4),(2473,472,4),(2474,473,4),(2475,474,4),(2476,475,4),(2477,476,4),(2478,477,4),(2479,478,4),(2480,479,4),(2481,480,4),(2482,481,4),(2483,482,4),(2484,483,4),(2485,484,4),(2486,485,4),(2487,486,4),(2488,487,4),(2489,488,4),(2490,489,4),(2491,490,4),(2492,491,4),(2493,492,4),(2494,493,4),(2495,494,4),(2496,495,4),(2497,496,4),(2498,497,4),(2499,498,4),(2500,499,4),(2501,500,4),(2502,501,4),(2503,502,4),(2504,503,4),(2505,504,4),(2506,505,4),(2507,506,4),(2508,507,4),(2509,508,4),(2510,509,4),(2511,510,4),(2512,511,4),(2513,512,4),(2514,513,4),(2515,514,4),(2516,515,4),(2517,516,4),(2518,517,4),(2519,518,4),(2520,519,4),(2521,520,4),(2522,521,4),(2523,522,4),(2524,523,4),(2525,524,4),(2526,525,4),(2527,526,4),(2528,527,4),(2529,528,4),(2530,529,4),(2531,530,4),(2532,531,4),(2533,532,4),(2534,533,4),(2535,534,4),(2536,535,4),(2537,536,4),(2538,537,4),(2539,538,4),(2540,539,4),(2541,540,4),(2542,541,4),(2543,542,4),(2544,543,4),(2545,544,4),(2546,545,4),(2547,546,4),(2548,547,4),(2549,548,4),(2550,549,4),(2551,550,4),(2552,551,4),(2553,552,4),(2554,553,4),(2555,554,4),(2556,555,4),(2557,556,4),(2558,557,4),(2559,558,4),(2560,559,4),(2561,560,4),(2562,561,4),(2563,562,4),(2564,563,4),(2565,564,4),(2566,565,4),(2567,566,4),(2568,567,4),(2569,568,4),(2570,569,4),(2571,570,4),(2572,571,4),(2573,572,4),(2574,573,4),(2575,574,4),(2576,575,4),(2577,576,4),(2578,577,4),(2579,578,4),(2580,579,4),(2581,580,4),(2582,581,4),(2583,582,4),(2584,583,4),(2585,584,4),(2586,585,4),(2587,586,4),(2588,587,4),(2589,588,4),(2590,589,4),(2591,590,4),(2592,591,4),(2593,592,4),(2594,593,4),(2595,594,4),(2596,595,4),(2597,596,4),(2598,597,4),(2599,598,4),(2600,599,4),(2601,600,4),(2602,601,4),(2603,602,4),(2604,603,4),(2605,604,4),(2606,605,4),(2607,606,4),(2608,607,4),(2609,608,4),(2610,609,4),(2611,610,4),(2612,611,4),(2613,612,4),(2614,613,4),(2615,614,4),(2616,615,4),(2617,616,4),(2618,617,4),(2619,618,4),(2620,619,4),(2621,620,4),(2622,621,4),(2623,622,4),(2624,623,4),(2625,624,4),(2626,625,4),(2627,626,4),(2628,627,4),(2629,628,4),(2630,629,4),(2631,630,4),(2632,631,4),(2633,632,4),(2634,633,4),(2635,634,4),(2636,635,4),(2637,636,4),(2638,637,4),(2639,638,4),(2640,639,4),(2641,640,4),(2642,641,4),(2643,642,4),(2644,643,4),(2645,644,4),(2646,645,4),(2647,646,4),(2648,647,4),(2649,648,4),(2650,649,4),(2651,650,4),(2652,651,4),(2653,652,4),(2654,653,4),(2655,654,4),(2656,655,4),(2657,656,4),(2658,657,4),(2659,658,4),(2660,659,4),(2661,660,4),(2662,661,4),(2663,662,4),(2664,663,4),(2665,664,4),(2666,665,4),(2667,666,4),(2668,667,4),(2669,1,5),(2670,2,5),(2671,3,5),(2672,4,5),(2673,5,5),(2674,6,5),(2675,7,5),(2676,8,5),(2677,9,5),(2678,10,5),(2679,11,5),(2680,12,5),(2681,13,5),(2682,14,5),(2683,15,5),(2684,16,5),(2685,17,5),(2686,18,5),(2687,19,5),(2688,20,5),(2689,21,5),(2690,22,5),(2691,23,5),(2692,24,5),(2693,25,5),(2694,26,5),(2695,27,5),(2696,28,5),(2697,29,5),(2698,30,5),(2699,31,5),(2700,32,5),(2701,33,5),(2702,34,5),(2703,35,5),(2704,36,5),(2705,37,5),(2706,38,5),(2707,39,5),(2708,40,5),(2709,41,5),(2710,42,5),(2711,43,5),(2712,44,5),(2713,45,5),(2714,46,5),(2715,47,5),(2716,48,5),(2717,49,5),(2718,50,5),(2719,51,5),(2720,52,5),(2721,53,5),(2722,54,5),(2723,55,5),(2724,56,5),(2725,57,5),(2726,58,5),(2727,59,5),(2728,60,5),(2729,61,5),(2730,62,5),(2731,63,5),(2732,64,5),(2733,65,5),(2734,66,5),(2735,67,5),(2736,68,5),(2737,69,5),(2738,70,5),(2739,71,5),(2740,72,5),(2741,73,5),(2742,74,5),(2743,75,5),(2744,76,5),(2745,77,5),(2746,78,5),(2747,79,5),(2748,80,5),(2749,81,5),(2750,82,5),(2751,83,5),(2752,84,5),(2753,85,5),(2754,86,5),(2755,87,5),(2756,88,5),(2757,89,5),(2758,90,5),(2759,91,5),(2760,92,5),(2761,93,5),(2762,94,5),(2763,95,5),(2764,96,5),(2765,97,5),(2766,98,5),(2767,99,5),(2768,100,5),(2769,101,5),(2770,102,5),(2771,103,5),(2772,104,5),(2773,105,5),(2774,106,5),(2775,107,5),(2776,108,5),(2777,109,5),(2778,110,5),(2779,111,5),(2780,112,5),(2781,113,5),(2782,114,5),(2783,115,5),(2784,116,5),(2785,117,5),(2786,118,5),(2787,119,5),(2788,120,5),(2789,121,5),(2790,122,5),(2791,123,5),(2792,124,5),(2793,125,5),(2794,126,5),(2795,127,5),(2796,128,5),(2797,129,5),(2798,130,5),(2799,131,5),(2800,132,5),(2801,133,5),(2802,134,5),(2803,135,5),(2804,136,5),(2805,137,5),(2806,138,5),(2807,139,5),(2808,140,5),(2809,141,5),(2810,142,5),(2811,143,5),(2812,144,5),(2813,145,5),(2814,146,5),(2815,147,5),(2816,148,5),(2817,149,5),(2818,150,5),(2819,151,5),(2820,152,5),(2821,153,5),(2822,154,5),(2823,155,5),(2824,156,5),(2825,157,5),(2826,158,5),(2827,159,5),(2828,160,5),(2829,161,5),(2830,162,5),(2831,163,5),(2832,164,5),(2833,165,5),(2834,166,5),(2835,167,5),(2836,168,5),(2837,169,5),(2838,170,5),(2839,171,5),(2840,172,5),(2841,173,5),(2842,174,5),(2843,175,5),(2844,176,5),(2845,177,5),(2846,178,5),(2847,179,5),(2848,180,5),(2849,181,5),(2850,182,5),(2851,183,5),(2852,184,5),(2853,185,5),(2854,186,5),(2855,187,5),(2856,188,5),(2857,189,5),(2858,190,5),(2859,191,5),(2860,192,5),(2861,193,5),(2862,194,5),(2863,195,5),(2864,196,5),(2865,197,5),(2866,198,5),(2867,199,5),(2868,200,5),(2869,201,5),(2870,202,5),(2871,203,5),(2872,204,5),(2873,205,5),(2874,206,5),(2875,207,5),(2876,208,5),(2877,209,5),(2878,210,5),(2879,211,5),(2880,212,5),(2881,213,5),(2882,214,5),(2883,215,5),(2884,216,5),(2885,217,5),(2886,218,5),(2887,219,5),(2888,220,5),(2889,221,5),(2890,222,5),(2891,223,5),(2892,224,5),(2893,225,5),(2894,226,5),(2895,227,5),(2896,228,5),(2897,229,5),(2898,230,5),(2899,231,5),(2900,232,5),(2901,233,5),(2902,234,5),(2903,235,5),(2904,236,5),(2905,237,5),(2906,238,5),(2907,239,5),(2908,240,5),(2909,241,5),(2910,242,5),(2911,243,5),(2912,244,5),(2913,245,5),(2914,246,5),(2915,247,5),(2916,248,5),(2917,249,5),(2918,250,5),(2919,251,5),(2920,252,5),(2921,253,5),(2922,254,5),(2923,255,5),(2924,256,5),(2925,257,5),(2926,258,5),(2927,259,5),(2928,260,5),(2929,261,5),(2930,262,5),(2931,263,5),(2932,264,5),(2933,265,5),(2934,266,5),(2935,267,5),(2936,268,5),(2937,269,5),(2938,270,5),(2939,271,5),(2940,272,5),(2941,273,5),(2942,274,5),(2943,275,5),(2944,276,5),(2945,277,5),(2946,278,5),(2947,279,5),(2948,280,5),(2949,281,5),(2950,282,5),(2951,283,5),(2952,284,5),(2953,285,5),(2954,286,5),(2955,287,5),(2956,288,5),(2957,289,5),(2958,290,5),(2959,291,5),(2960,292,5),(2961,293,5),(2962,294,5),(2963,295,5),(2964,296,5),(2965,297,5),(2966,298,5),(2967,299,5),(2968,300,5),(2969,301,5),(2970,302,5),(2971,303,5),(2972,304,5),(2973,305,5),(2974,306,5),(2975,307,5),(2976,308,5),(2977,309,5),(2978,310,5),(2979,311,5),(2980,312,5),(2981,313,5),(2982,314,5),(2983,315,5),(2984,316,5),(2985,317,5),(2986,318,5),(2987,319,5),(2988,320,5),(2989,321,5),(2990,322,5),(2991,323,5),(2992,324,5),(2993,325,5),(2994,326,5),(2995,327,5),(2996,328,5),(2997,329,5),(2998,330,5),(2999,331,5),(3000,332,5),(3001,333,5),(3002,334,5),(3003,335,5),(3004,336,5),(3005,337,5),(3006,338,5),(3007,339,5),(3008,340,5),(3009,341,5),(3010,342,5),(3011,343,5),(3012,344,5),(3013,345,5),(3014,346,5),(3015,347,5),(3016,348,5),(3017,349,5),(3018,350,5),(3019,351,5),(3020,352,5),(3021,353,5),(3022,354,5),(3023,355,5),(3024,356,5),(3025,357,5),(3026,358,5),(3027,359,5),(3028,360,5),(3029,361,5),(3030,362,5),(3031,363,5),(3032,364,5),(3033,365,5),(3034,366,5),(3035,367,5),(3036,368,5),(3037,369,5),(3038,370,5),(3039,371,5),(3040,372,5),(3041,373,5),(3042,374,5),(3043,375,5),(3044,376,5),(3045,377,5),(3046,378,5),(3047,379,5),(3048,380,5),(3049,381,5),(3050,382,5),(3051,383,5),(3052,384,5),(3053,385,5),(3054,386,5),(3055,387,5),(3056,388,5),(3057,389,5),(3058,390,5),(3059,391,5),(3060,392,5),(3061,393,5),(3062,394,5),(3063,395,5),(3064,396,5),(3065,397,5),(3066,398,5),(3067,399,5),(3068,400,5),(3069,401,5),(3070,402,5),(3071,403,5),(3072,404,5),(3073,405,5),(3074,406,5),(3075,407,5),(3076,408,5),(3077,409,5),(3078,410,5),(3079,411,5),(3080,412,5),(3081,413,5),(3082,414,5),(3083,415,5),(3084,416,5),(3085,417,5),(3086,418,5),(3087,419,5),(3088,420,5),(3089,421,5),(3090,422,5),(3091,423,5),(3092,424,5),(3093,425,5),(3094,426,5),(3095,427,5),(3096,428,5),(3097,429,5),(3098,430,5),(3099,431,5),(3100,432,5),(3101,433,5),(3102,434,5),(3103,435,5),(3104,436,5),(3105,437,5),(3106,438,5),(3107,439,5),(3108,440,5),(3109,441,5),(3110,442,5),(3111,443,5),(3112,444,5),(3113,445,5),(3114,446,5),(3115,447,5),(3116,448,5),(3117,449,5),(3118,450,5),(3119,451,5),(3120,452,5),(3121,453,5),(3122,454,5),(3123,455,5),(3124,456,5),(3125,457,5),(3126,458,5),(3127,459,5),(3128,460,5),(3129,461,5),(3130,462,5),(3131,463,5),(3132,464,5),(3133,465,5),(3134,466,5),(3135,467,5),(3136,468,5),(3137,469,5),(3138,470,5),(3139,471,5),(3140,472,5),(3141,473,5),(3142,474,5),(3143,475,5),(3144,476,5),(3145,477,5),(3146,478,5),(3147,479,5),(3148,480,5),(3149,481,5),(3150,482,5),(3151,483,5),(3152,484,5),(3153,485,5),(3154,486,5),(3155,487,5),(3156,488,5),(3157,489,5),(3158,490,5),(3159,491,5),(3160,492,5),(3161,493,5),(3162,494,5),(3163,495,5),(3164,496,5),(3165,497,5),(3166,498,5),(3167,499,5),(3168,500,5),(3169,501,5),(3170,502,5),(3171,503,5),(3172,504,5),(3173,505,5),(3174,506,5),(3175,507,5),(3176,508,5),(3177,509,5),(3178,510,5),(3179,511,5),(3180,512,5),(3181,513,5),(3182,514,5),(3183,515,5),(3184,516,5),(3185,517,5),(3186,518,5),(3187,519,5),(3188,520,5),(3189,521,5),(3190,522,5),(3191,523,5),(3192,524,5),(3193,525,5),(3194,526,5),(3195,527,5),(3196,528,5),(3197,529,5),(3198,530,5),(3199,531,5),(3200,532,5),(3201,533,5),(3202,534,5),(3203,535,5),(3204,536,5),(3205,537,5),(3206,538,5),(3207,539,5),(3208,540,5),(3209,541,5),(3210,542,5),(3211,543,5),(3212,544,5),(3213,545,5),(3214,546,5),(3215,547,5),(3216,548,5),(3217,549,5),(3218,550,5),(3219,551,5),(3220,552,5),(3221,553,5),(3222,554,5),(3223,555,5),(3224,556,5),(3225,557,5),(3226,558,5),(3227,559,5),(3228,560,5),(3229,561,5),(3230,562,5),(3231,563,5),(3232,564,5),(3233,565,5),(3234,566,5),(3235,567,5),(3236,568,5),(3237,569,5),(3238,570,5),(3239,571,5),(3240,572,5),(3241,573,5),(3242,574,5),(3243,575,5),(3244,576,5),(3245,577,5),(3246,578,5),(3247,579,5),(3248,580,5),(3249,581,5),(3250,582,5),(3251,583,5),(3252,584,5),(3253,585,5),(3254,586,5),(3255,587,5),(3256,588,5),(3257,589,5),(3258,590,5),(3259,591,5),(3260,592,5),(3261,593,5),(3262,594,5),(3263,595,5),(3264,596,5),(3265,597,5),(3266,598,5),(3267,599,5),(3268,600,5),(3269,601,5),(3270,602,5),(3271,603,5),(3272,604,5),(3273,605,5),(3274,606,5),(3275,607,5),(3276,608,5),(3277,609,5),(3278,610,5),(3279,611,5),(3280,612,5),(3281,613,5),(3282,614,5),(3283,615,5),(3284,616,5),(3285,617,5),(3286,618,5),(3287,619,5),(3288,620,5),(3289,621,5),(3290,622,5),(3291,623,5),(3292,624,5),(3293,625,5),(3294,626,5),(3295,627,5),(3296,628,5),(3297,629,5),(3298,630,5),(3299,631,5),(3300,632,5),(3301,633,5),(3302,634,5),(3303,635,5),(3304,636,5),(3305,637,5),(3306,638,5),(3307,639,5),(3308,640,5),(3309,641,5),(3310,642,5),(3311,643,5),(3312,644,5),(3313,645,5),(3314,646,5),(3315,647,5),(3316,648,5),(3317,649,5),(3318,650,5),(3319,651,5),(3320,652,5),(3321,653,5),(3322,654,5),(3323,655,5),(3324,656,5),(3325,657,5),(3326,658,5),(3327,659,5),(3328,660,5),(3329,661,5),(3330,662,5),(3331,663,5),(3332,664,5),(3333,665,5),(3334,666,5),(3335,667,5),(3336,1,6),(3337,2,6),(3338,3,6),(3339,4,6),(3340,5,6),(3341,6,6),(3342,7,6),(3343,8,6),(3344,9,6),(3345,10,6),(3346,11,6),(3347,12,6),(3348,13,6),(3349,14,6),(3350,15,6),(3351,16,6),(3352,17,6),(3353,18,6),(3354,19,6),(3355,20,6),(3356,21,6),(3357,22,6),(3358,23,6),(3359,24,6),(3360,25,6),(3361,26,6),(3362,27,6),(3363,28,6),(3364,29,6),(3365,30,6),(3366,31,6),(3367,32,6),(3368,33,6),(3369,34,6),(3370,35,6),(3371,36,6),(3372,37,6),(3373,38,6),(3374,39,6),(3375,40,6),(3376,41,6),(3377,42,6),(3378,43,6),(3379,44,6),(3380,45,6),(3381,46,6),(3382,47,6),(3383,48,6),(3384,49,6),(3385,50,6),(3386,51,6),(3387,52,6),(3388,53,6),(3389,54,6),(3390,55,6),(3391,56,6),(3392,57,6),(3393,58,6),(3394,59,6),(3395,60,6),(3396,61,6),(3397,62,6),(3398,63,6),(3399,64,6),(3400,65,6),(3401,66,6),(3402,67,6),(3403,68,6),(3404,69,6),(3405,70,6),(3406,71,6),(3407,72,6),(3408,73,6),(3409,74,6),(3410,75,6),(3411,76,6),(3412,77,6),(3413,78,6),(3414,79,6),(3415,80,6),(3416,81,6),(3417,82,6),(3418,83,6),(3419,84,6),(3420,85,6),(3421,86,6),(3422,87,6),(3423,88,6),(3424,89,6),(3425,90,6),(3426,91,6),(3427,92,6),(3428,93,6),(3429,94,6),(3430,95,6),(3431,96,6),(3432,97,6),(3433,98,6),(3434,99,6),(3435,100,6),(3436,101,6),(3437,102,6),(3438,103,6),(3439,104,6),(3440,105,6),(3441,106,6),(3442,107,6),(3443,108,6),(3444,109,6),(3445,110,6),(3446,111,6),(3447,112,6),(3448,113,6),(3449,114,6),(3450,115,6),(3451,116,6),(3452,117,6),(3453,118,6),(3454,119,6),(3455,120,6),(3456,121,6),(3457,122,6),(3458,123,6),(3459,124,6),(3460,125,6),(3461,126,6),(3462,127,6),(3463,128,6),(3464,129,6),(3465,130,6),(3466,131,6),(3467,132,6),(3468,133,6),(3469,134,6),(3470,135,6),(3471,136,6),(3472,137,6),(3473,138,6),(3474,139,6),(3475,140,6),(3476,141,6),(3477,142,6),(3478,143,6),(3479,144,6),(3480,145,6),(3481,146,6),(3482,147,6),(3483,148,6),(3484,149,6),(3485,150,6),(3486,151,6),(3487,152,6),(3488,153,6),(3489,154,6),(3490,155,6),(3491,156,6),(3492,157,6),(3493,158,6),(3494,159,6),(3495,160,6),(3496,161,6),(3497,162,6),(3498,163,6),(3499,164,6),(3500,165,6),(3501,166,6),(3502,167,6),(3503,168,6),(3504,169,6),(3505,170,6),(3506,171,6),(3507,172,6),(3508,173,6),(3509,174,6),(3510,175,6),(3511,176,6),(3512,177,6),(3513,178,6),(3514,179,6),(3515,180,6),(3516,181,6),(3517,182,6),(3518,183,6),(3519,184,6),(3520,185,6),(3521,186,6),(3522,187,6),(3523,188,6),(3524,189,6),(3525,190,6),(3526,191,6),(3527,192,6),(3528,193,6),(3529,194,6),(3530,195,6),(3531,196,6),(3532,197,6),(3533,198,6),(3534,199,6),(3535,200,6),(3536,201,6),(3537,202,6),(3538,203,6),(3539,204,6),(3540,205,6),(3541,206,6),(3542,207,6),(3543,208,6),(3544,209,6),(3545,210,6),(3546,211,6),(3547,212,6),(3548,213,6),(3549,214,6),(3550,215,6),(3551,216,6),(3552,217,6),(3553,218,6),(3554,219,6),(3555,220,6),(3556,221,6),(3557,222,6),(3558,223,6),(3559,224,6),(3560,225,6),(3561,226,6),(3562,227,6),(3563,228,6),(3564,229,6),(3565,230,6),(3566,231,6),(3567,232,6),(3568,233,6),(3569,234,6),(3570,235,6),(3571,236,6),(3572,237,6),(3573,238,6),(3574,239,6),(3575,240,6),(3576,241,6),(3577,242,6),(3578,243,6),(3579,244,6),(3580,245,6),(3581,246,6),(3582,247,6),(3583,248,6),(3584,249,6),(3585,250,6),(3586,251,6),(3587,252,6),(3588,253,6),(3589,254,6),(3590,255,6),(3591,256,6),(3592,257,6),(3593,258,6),(3594,259,6),(3595,260,6),(3596,261,6),(3597,262,6),(3598,263,6),(3599,264,6),(3600,265,6),(3601,266,6),(3602,267,6),(3603,268,6),(3604,269,6),(3605,270,6),(3606,271,6),(3607,272,6),(3608,273,6),(3609,274,6),(3610,275,6),(3611,276,6),(3612,277,6),(3613,278,6),(3614,279,6),(3615,280,6),(3616,281,6),(3617,282,6),(3618,283,6),(3619,284,6),(3620,285,6),(3621,286,6),(3622,287,6),(3623,288,6),(3624,289,6),(3625,290,6),(3626,291,6),(3627,292,6),(3628,293,6),(3629,294,6),(3630,295,6),(3631,296,6),(3632,297,6),(3633,298,6),(3634,299,6),(3635,300,6),(3636,301,6),(3637,302,6),(3638,303,6),(3639,304,6),(3640,305,6),(3641,306,6),(3642,307,6),(3643,308,6),(3644,309,6),(3645,310,6),(3646,311,6),(3647,312,6),(3648,313,6),(3649,314,6),(3650,315,6),(3651,316,6),(3652,317,6),(3653,318,6),(3654,319,6),(3655,320,6),(3656,321,6),(3657,322,6),(3658,323,6),(3659,324,6),(3660,325,6),(3661,326,6),(3662,327,6),(3663,328,6),(3664,329,6),(3665,330,6),(3666,331,6),(3667,332,6),(3668,333,6),(3669,334,6),(3670,335,6),(3671,336,6),(3672,337,6),(3673,338,6),(3674,339,6),(3675,340,6),(3676,341,6),(3677,342,6),(3678,343,6),(3679,344,6),(3680,345,6),(3681,346,6),(3682,347,6),(3683,348,6),(3684,349,6),(3685,350,6),(3686,351,6),(3687,352,6),(3688,353,6),(3689,354,6),(3690,355,6),(3691,356,6),(3692,357,6),(3693,358,6),(3694,359,6),(3695,360,6),(3696,361,6),(3697,362,6),(3698,363,6),(3699,364,6),(3700,365,6),(3701,366,6),(3702,367,6),(3703,368,6),(3704,369,6),(3705,370,6),(3706,371,6),(3707,372,6),(3708,373,6),(3709,374,6),(3710,375,6),(3711,376,6),(3712,377,6),(3713,378,6),(3714,379,6),(3715,380,6),(3716,381,6),(3717,382,6),(3718,383,6),(3719,384,6),(3720,385,6),(3721,386,6),(3722,387,6),(3723,388,6),(3724,389,6),(3725,390,6),(3726,391,6),(3727,392,6),(3728,393,6),(3729,394,6),(3730,395,6),(3731,396,6),(3732,397,6),(3733,398,6),(3734,399,6),(3735,400,6),(3736,401,6),(3737,402,6),(3738,403,6),(3739,404,6),(3740,405,6),(3741,406,6),(3742,407,6),(3743,408,6),(3744,409,6),(3745,410,6),(3746,411,6),(3747,412,6),(3748,413,6),(3749,414,6),(3750,415,6),(3751,416,6),(3752,417,6),(3753,418,6),(3754,419,6),(3755,420,6),(3756,421,6),(3757,422,6),(3758,423,6),(3759,424,6),(3760,425,6),(3761,426,6),(3762,427,6),(3763,428,6),(3764,429,6),(3765,430,6),(3766,431,6),(3767,432,6),(3768,433,6),(3769,434,6),(3770,435,6),(3771,436,6),(3772,437,6),(3773,438,6),(3774,439,6),(3775,440,6),(3776,441,6),(3777,442,6),(3778,443,6),(3779,444,6),(3780,445,6),(3781,446,6),(3782,447,6),(3783,448,6),(3784,449,6),(3785,450,6),(3786,451,6),(3787,452,6),(3788,453,6),(3789,454,6),(3790,455,6),(3791,456,6),(3792,457,6),(3793,458,6),(3794,459,6),(3795,460,6),(3796,461,6),(3797,462,6),(3798,463,6),(3799,464,6),(3800,465,6),(3801,466,6),(3802,467,6),(3803,468,6),(3804,469,6),(3805,470,6),(3806,471,6),(3807,472,6),(3808,473,6),(3809,474,6),(3810,475,6),(3811,476,6),(3812,477,6),(3813,478,6),(3814,479,6),(3815,480,6),(3816,481,6),(3817,482,6),(3818,483,6),(3819,484,6),(3820,485,6),(3821,486,6),(3822,487,6),(3823,488,6),(3824,489,6),(3825,490,6),(3826,491,6),(3827,492,6),(3828,493,6),(3829,494,6),(3830,495,6),(3831,496,6),(3832,497,6),(3833,498,6),(3834,499,6),(3835,500,6),(3836,501,6),(3837,502,6),(3838,503,6),(3839,504,6),(3840,505,6),(3841,506,6),(3842,507,6),(3843,508,6),(3844,509,6),(3845,510,6),(3846,511,6),(3847,512,6),(3848,513,6),(3849,514,6),(3850,515,6),(3851,516,6),(3852,517,6),(3853,518,6),(3854,519,6),(3855,520,6),(3856,521,6),(3857,522,6),(3858,523,6),(3859,524,6),(3860,525,6),(3861,526,6),(3862,527,6),(3863,528,6),(3864,529,6),(3865,530,6),(3866,531,6),(3867,532,6),(3868,533,6),(3869,534,6),(3870,535,6),(3871,536,6),(3872,537,6),(3873,538,6),(3874,539,6),(3875,540,6),(3876,541,6),(3877,542,6),(3878,543,6),(3879,544,6),(3880,545,6),(3881,546,6),(3882,547,6),(3883,548,6),(3884,549,6),(3885,550,6),(3886,551,6),(3887,552,6),(3888,553,6),(3889,554,6),(3890,555,6),(3891,556,6),(3892,557,6),(3893,558,6),(3894,559,6),(3895,560,6),(3896,561,6),(3897,562,6),(3898,563,6),(3899,564,6),(3900,565,6),(3901,566,6),(3902,567,6),(3903,568,6),(3904,569,6),(3905,570,6),(3906,571,6),(3907,572,6),(3908,573,6),(3909,574,6),(3910,575,6),(3911,576,6),(3912,577,6),(3913,578,6),(3914,579,6),(3915,580,6),(3916,581,6),(3917,582,6),(3918,583,6),(3919,584,6),(3920,585,6),(3921,586,6),(3922,587,6),(3923,588,6),(3924,589,6),(3925,590,6),(3926,591,6),(3927,592,6),(3928,593,6),(3929,594,6),(3930,595,6),(3931,596,6),(3932,597,6),(3933,598,6),(3934,599,6),(3935,600,6),(3936,601,6),(3937,602,6),(3938,603,6),(3939,604,6),(3940,605,6),(3941,606,6),(3942,607,6),(3943,608,6),(3944,609,6),(3945,610,6),(3946,611,6),(3947,612,6),(3948,613,6),(3949,614,6),(3950,615,6),(3951,616,6),(3952,617,6),(3953,618,6),(3954,619,6),(3955,620,6),(3956,621,6),(3957,622,6),(3958,623,6),(3959,624,6),(3960,625,6),(3961,626,6),(3962,627,6),(3963,628,6),(3964,629,6),(3965,630,6),(3966,631,6),(3967,632,6),(3968,633,6),(3969,634,6),(3970,635,6),(3971,636,6),(3972,637,6),(3973,638,6),(3974,639,6),(3975,640,6),(3976,641,6),(3977,642,6),(3978,643,6),(3979,644,6),(3980,645,6),(3981,646,6),(3982,647,6),(3983,648,6),(3984,649,6),(3985,650,6),(3986,651,6),(3987,652,6),(3988,653,6),(3989,654,6),(3990,655,6),(3991,656,6),(3992,657,6),(3993,658,6),(3994,659,6),(3995,660,6),(3996,661,6),(3997,662,6),(3998,663,6),(3999,664,6),(4000,665,6),(4001,666,6),(4002,667,6),(4003,1,7),(4004,2,7),(4005,3,7),(4006,4,7),(4007,5,7),(4008,6,7),(4009,7,7),(4010,8,7),(4011,9,7),(4012,10,7),(4013,11,7),(4014,12,7),(4015,13,7),(4016,14,7),(4017,15,7),(4018,16,7),(4019,17,7),(4020,18,7),(4021,19,7),(4022,20,7),(4023,21,7),(4024,22,7),(4025,23,7),(4026,24,7),(4027,25,7),(4028,26,7),(4029,27,7),(4030,28,7),(4031,29,7),(4032,30,7),(4033,31,7),(4034,32,7),(4035,33,7),(4036,34,7),(4037,35,7),(4038,36,7),(4039,37,7),(4040,38,7),(4041,39,7),(4042,40,7),(4043,41,7),(4044,42,7),(4045,43,7),(4046,44,7),(4047,45,7),(4048,46,7),(4049,47,7),(4050,48,7),(4051,49,7),(4052,50,7),(4053,51,7),(4054,52,7),(4055,53,7),(4056,54,7),(4057,55,7),(4058,56,7),(4059,57,7),(4060,58,7),(4061,59,7),(4062,60,7),(4063,61,7),(4064,62,7),(4065,63,7),(4066,64,7),(4067,65,7),(4068,66,7),(4069,67,7),(4070,68,7),(4071,69,7),(4072,70,7),(4073,71,7),(4074,72,7),(4075,73,7),(4076,74,7),(4077,75,7),(4078,76,7),(4079,77,7),(4080,78,7),(4081,79,7),(4082,80,7),(4083,81,7),(4084,82,7),(4085,83,7),(4086,84,7),(4087,85,7),(4088,86,7),(4089,87,7),(4090,88,7),(4091,89,7),(4092,90,7),(4093,91,7),(4094,92,7),(4095,93,7),(4096,94,7),(4097,95,7),(4098,96,7),(4099,97,7),(4100,98,7),(4101,99,7),(4102,100,7),(4103,101,7),(4104,102,7),(4105,103,7),(4106,104,7),(4107,105,7),(4108,106,7),(4109,107,7),(4110,108,7),(4111,109,7),(4112,110,7),(4113,111,7),(4114,112,7),(4115,113,7),(4116,114,7),(4117,115,7),(4118,116,7),(4119,117,7),(4120,118,7),(4121,119,7),(4122,120,7),(4123,121,7),(4124,122,7),(4125,123,7),(4126,124,7),(4127,125,7),(4128,126,7),(4129,127,7),(4130,128,7),(4131,129,7),(4132,130,7),(4133,131,7),(4134,132,7),(4135,133,7),(4136,134,7),(4137,135,7),(4138,136,7),(4139,137,7),(4140,138,7),(4141,139,7),(4142,140,7),(4143,141,7),(4144,142,7),(4145,143,7),(4146,144,7),(4147,145,7),(4148,146,7),(4149,147,7),(4150,148,7),(4151,149,7),(4152,150,7),(4153,151,7),(4154,152,7),(4155,153,7),(4156,154,7),(4157,155,7),(4158,156,7),(4159,157,7),(4160,158,7),(4161,159,7),(4162,160,7),(4163,161,7),(4164,162,7),(4165,163,7),(4166,164,7),(4167,165,7),(4168,166,7),(4169,167,7),(4170,168,7),(4171,169,7),(4172,170,7),(4173,171,7),(4174,172,7),(4175,173,7),(4176,174,7),(4177,175,7),(4178,176,7),(4179,177,7),(4180,178,7),(4181,179,7),(4182,180,7),(4183,181,7),(4184,182,7),(4185,183,7),(4186,184,7),(4187,185,7),(4188,186,7),(4189,187,7),(4190,188,7),(4191,189,7),(4192,190,7),(4193,191,7),(4194,192,7),(4195,193,7),(4196,194,7),(4197,195,7),(4198,196,7),(4199,197,7),(4200,198,7),(4201,199,7),(4202,200,7),(4203,201,7),(4204,202,7),(4205,203,7),(4206,204,7),(4207,205,7),(4208,206,7),(4209,207,7),(4210,208,7),(4211,209,7),(4212,210,7),(4213,211,7),(4214,212,7),(4215,213,7),(4216,214,7),(4217,215,7),(4218,216,7),(4219,217,7),(4220,218,7),(4221,219,7),(4222,220,7),(4223,221,7),(4224,222,7),(4225,223,7),(4226,224,7),(4227,225,7),(4228,226,7),(4229,227,7),(4230,228,7),(4231,229,7),(4232,230,7),(4233,231,7),(4234,232,7),(4235,233,7),(4236,234,7),(4237,235,7),(4238,236,7),(4239,237,7),(4240,238,7),(4241,239,7),(4242,240,7),(4243,241,7),(4244,242,7),(4245,243,7),(4246,244,7),(4247,245,7),(4248,246,7),(4249,247,7),(4250,248,7),(4251,249,7),(4252,250,7),(4253,251,7),(4254,252,7),(4255,253,7),(4256,254,7),(4257,255,7),(4258,256,7),(4259,257,7),(4260,258,7),(4261,259,7),(4262,260,7),(4263,261,7),(4264,262,7),(4265,263,7),(4266,264,7),(4267,265,7),(4268,266,7),(4269,267,7),(4270,268,7),(4271,269,7),(4272,270,7),(4273,271,7),(4274,272,7),(4275,273,7),(4276,274,7),(4277,275,7),(4278,276,7),(4279,277,7),(4280,278,7),(4281,279,7),(4282,280,7),(4283,281,7),(4284,282,7),(4285,283,7),(4286,284,7),(4287,285,7),(4288,286,7),(4289,287,7),(4290,288,7),(4291,289,7),(4292,290,7),(4293,291,7),(4294,292,7),(4295,293,7),(4296,294,7),(4297,295,7),(4298,296,7),(4299,297,7),(4300,298,7),(4301,299,7),(4302,300,7),(4303,301,7),(4304,302,7),(4305,303,7),(4306,304,7),(4307,305,7),(4308,306,7),(4309,307,7),(4310,308,7),(4311,309,7),(4312,310,7),(4313,311,7),(4314,312,7),(4315,313,7),(4316,314,7),(4317,315,7),(4318,316,7),(4319,317,7),(4320,318,7),(4321,319,7),(4322,320,7),(4323,321,7),(4324,322,7),(4325,323,7),(4326,324,7),(4327,325,7),(4328,326,7),(4329,327,7),(4330,328,7),(4331,329,7),(4332,330,7),(4333,331,7),(4334,332,7),(4335,333,7),(4336,334,7),(4337,335,7),(4338,336,7),(4339,337,7),(4340,338,7),(4341,339,7),(4342,340,7),(4343,341,7),(4344,342,7),(4345,343,7),(4346,344,7),(4347,345,7),(4348,346,7),(4349,347,7),(4350,348,7),(4351,349,7),(4352,350,7),(4353,351,7),(4354,352,7),(4355,353,7),(4356,354,7),(4357,355,7),(4358,356,7),(4359,357,7),(4360,358,7),(4361,359,7),(4362,360,7),(4363,361,7),(4364,362,7),(4365,363,7),(4366,364,7),(4367,365,7),(4368,366,7),(4369,367,7),(4370,368,7),(4371,369,7),(4372,370,7),(4373,371,7),(4374,372,7),(4375,373,7),(4376,374,7),(4377,375,7),(4378,376,7),(4379,377,7),(4380,378,7),(4381,379,7),(4382,380,7),(4383,381,7),(4384,382,7),(4385,383,7),(4386,384,7),(4387,385,7),(4388,386,7),(4389,387,7),(4390,388,7),(4391,389,7),(4392,390,7),(4393,391,7),(4394,392,7),(4395,393,7),(4396,394,7),(4397,395,7),(4398,396,7),(4399,397,7),(4400,398,7),(4401,399,7),(4402,400,7),(4403,401,7),(4404,402,7),(4405,403,7),(4406,404,7),(4407,405,7),(4408,406,7),(4409,407,7),(4410,408,7),(4411,409,7),(4412,410,7),(4413,411,7),(4414,412,7),(4415,413,7),(4416,414,7),(4417,415,7),(4418,416,7),(4419,417,7),(4420,418,7),(4421,419,7),(4422,420,7),(4423,421,7),(4424,422,7),(4425,423,7),(4426,424,7),(4427,425,7),(4428,426,7),(4429,427,7),(4430,428,7),(4431,429,7),(4432,430,7),(4433,431,7),(4434,432,7),(4435,433,7),(4436,434,7),(4437,435,7),(4438,436,7),(4439,437,7),(4440,438,7),(4441,439,7),(4442,440,7),(4443,441,7),(4444,442,7),(4445,443,7),(4446,444,7),(4447,445,7),(4448,446,7),(4449,447,7),(4450,448,7),(4451,449,7),(4452,450,7),(4453,451,7),(4454,452,7),(4455,453,7),(4456,454,7),(4457,455,7),(4458,456,7),(4459,457,7),(4460,458,7),(4461,459,7),(4462,460,7),(4463,461,7),(4464,462,7),(4465,463,7),(4466,464,7),(4467,465,7),(4468,466,7),(4469,467,7),(4470,468,7),(4471,469,7),(4472,470,7),(4473,471,7),(4474,472,7),(4475,473,7),(4476,474,7),(4477,475,7),(4478,476,7),(4479,477,7),(4480,478,7),(4481,479,7),(4482,480,7),(4483,481,7),(4484,482,7),(4485,483,7),(4486,484,7),(4487,485,7),(4488,486,7),(4489,487,7),(4490,488,7),(4491,489,7),(4492,490,7),(4493,491,7),(4494,492,7),(4495,493,7),(4496,494,7),(4497,495,7),(4498,496,7),(4499,497,7),(4500,498,7),(4501,499,7),(4502,500,7),(4503,501,7),(4504,502,7),(4505,503,7),(4506,504,7),(4507,505,7),(4508,506,7),(4509,507,7),(4510,508,7),(4511,509,7),(4512,510,7),(4513,511,7),(4514,512,7),(4515,513,7),(4516,514,7),(4517,515,7),(4518,516,7),(4519,517,7),(4520,518,7),(4521,519,7),(4522,520,7),(4523,521,7),(4524,522,7),(4525,523,7),(4526,524,7),(4527,525,7),(4528,526,7),(4529,527,7),(4530,528,7),(4531,529,7),(4532,530,7),(4533,531,7),(4534,532,7),(4535,533,7),(4536,534,7),(4537,535,7),(4538,536,7),(4539,537,7),(4540,538,7),(4541,539,7),(4542,540,7),(4543,541,7),(4544,542,7),(4545,543,7),(4546,544,7),(4547,545,7),(4548,546,7),(4549,547,7),(4550,548,7),(4551,549,7),(4552,550,7),(4553,551,7),(4554,552,7),(4555,553,7),(4556,554,7),(4557,555,7),(4558,556,7),(4559,557,7),(4560,558,7),(4561,559,7),(4562,560,7),(4563,561,7),(4564,562,7),(4565,563,7),(4566,564,7),(4567,565,7),(4568,566,7),(4569,567,7),(4570,568,7),(4571,569,7),(4572,570,7),(4573,571,7),(4574,572,7),(4575,573,7),(4576,574,7),(4577,575,7),(4578,576,7),(4579,577,7),(4580,578,7),(4581,579,7),(4582,580,7),(4583,581,7),(4584,582,7),(4585,583,7),(4586,584,7),(4587,585,7),(4588,586,7),(4589,587,7),(4590,588,7),(4591,589,7),(4592,590,7),(4593,591,7),(4594,592,7),(4595,593,7),(4596,594,7),(4597,595,7),(4598,596,7),(4599,597,7),(4600,598,7),(4601,599,7),(4602,600,7),(4603,601,7),(4604,602,7),(4605,603,7),(4606,604,7),(4607,605,7),(4608,606,7),(4609,607,7),(4610,608,7),(4611,609,7),(4612,610,7),(4613,611,7),(4614,612,7),(4615,613,7),(4616,614,7),(4617,615,7),(4618,616,7),(4619,617,7),(4620,618,7),(4621,619,7),(4622,620,7),(4623,621,7),(4624,622,7),(4625,623,7),(4626,624,7),(4627,625,7),(4628,626,7),(4629,627,7),(4630,628,7),(4631,629,7),(4632,630,7),(4633,631,7),(4634,632,7),(4635,633,7),(4636,634,7),(4637,635,7),(4638,636,7),(4639,637,7),(4640,638,7),(4641,639,7),(4642,640,7),(4643,641,7),(4644,642,7),(4645,643,7),(4646,644,7),(4647,645,7),(4648,646,7),(4649,647,7),(4650,648,7),(4651,649,7),(4652,650,7),(4653,651,7),(4654,652,7),(4655,653,7),(4656,654,7),(4657,655,7),(4658,656,7),(4659,657,7),(4660,658,7),(4661,659,7),(4662,660,7),(4663,661,7),(4664,662,7),(4665,663,7),(4666,664,7),(4667,665,7),(4668,666,7),(4669,667,7),(4670,1,8),(4671,2,8),(4672,3,8),(4673,4,8),(4674,5,8),(4675,6,8),(4676,7,8),(4677,8,8),(4678,9,8),(4679,10,8),(4680,11,8),(4681,12,8),(4682,13,8),(4683,14,8),(4684,15,8),(4685,16,8),(4686,17,8),(4687,18,8),(4688,19,8),(4689,20,8),(4690,21,8),(4691,22,8),(4692,23,8),(4693,24,8),(4694,25,8),(4695,26,8),(4696,27,8),(4697,28,8),(4698,29,8),(4699,30,8),(4700,31,8),(4701,32,8),(4702,33,8),(4703,34,8),(4704,35,8),(4705,36,8),(4706,37,8),(4707,38,8),(4708,39,8),(4709,40,8),(4710,41,8),(4711,42,8),(4712,43,8),(4713,44,8),(4714,45,8),(4715,46,8),(4716,47,8),(4717,48,8),(4718,49,8),(4719,50,8),(4720,51,8),(4721,52,8),(4722,53,8),(4723,54,8),(4724,55,8),(4725,56,8),(4726,57,8),(4727,58,8),(4728,59,8),(4729,60,8),(4730,61,8),(4731,62,8),(4732,63,8),(4733,64,8),(4734,65,8),(4735,66,8),(4736,67,8),(4737,68,8),(4738,69,8),(4739,70,8),(4740,71,8),(4741,72,8),(4742,73,8),(4743,74,8),(4744,75,8),(4745,76,8),(4746,77,8),(4747,78,8),(4748,79,8),(4749,80,8),(4750,81,8),(4751,82,8),(4752,83,8),(4753,84,8),(4754,85,8),(4755,86,8),(4756,87,8),(4757,88,8),(4758,89,8),(4759,90,8),(4760,91,8),(4761,92,8),(4762,93,8),(4763,94,8),(4764,95,8),(4765,96,8),(4766,97,8),(4767,98,8),(4768,99,8),(4769,100,8),(4770,101,8),(4771,102,8),(4772,103,8),(4773,104,8),(4774,105,8),(4775,106,8),(4776,107,8),(4777,108,8),(4778,109,8),(4779,110,8),(4780,111,8),(4781,112,8),(4782,113,8),(4783,114,8),(4784,115,8),(4785,116,8),(4786,117,8),(4787,118,8),(4788,119,8),(4789,120,8),(4790,121,8),(4791,122,8),(4792,123,8),(4793,124,8),(4794,125,8),(4795,126,8),(4796,127,8),(4797,128,8),(4798,129,8),(4799,130,8),(4800,131,8),(4801,132,8),(4802,133,8),(4803,134,8),(4804,135,8),(4805,136,8),(4806,137,8),(4807,138,8),(4808,139,8),(4809,140,8),(4810,141,8),(4811,142,8),(4812,143,8),(4813,144,8),(4814,145,8),(4815,146,8),(4816,147,8),(4817,148,8),(4818,149,8),(4819,150,8),(4820,151,8),(4821,152,8),(4822,153,8),(4823,154,8),(4824,155,8),(4825,156,8),(4826,157,8),(4827,158,8),(4828,159,8),(4829,160,8),(4830,161,8),(4831,162,8),(4832,163,8),(4833,164,8),(4834,165,8),(4835,166,8),(4836,167,8),(4837,168,8),(4838,169,8),(4839,170,8),(4840,171,8),(4841,172,8),(4842,173,8),(4843,174,8),(4844,175,8),(4845,176,8),(4846,177,8),(4847,178,8),(4848,179,8),(4849,180,8),(4850,181,8),(4851,182,8),(4852,183,8),(4853,184,8),(4854,185,8),(4855,186,8),(4856,187,8),(4857,188,8),(4858,189,8),(4859,190,8),(4860,191,8),(4861,192,8),(4862,193,8),(4863,194,8),(4864,195,8),(4865,196,8),(4866,197,8),(4867,198,8),(4868,199,8),(4869,200,8),(4870,201,8),(4871,202,8),(4872,203,8),(4873,204,8),(4874,205,8),(4875,206,8),(4876,207,8),(4877,208,8),(4878,209,8),(4879,210,8),(4880,211,8),(4881,212,8),(4882,213,8),(4883,214,8),(4884,215,8),(4885,216,8),(4886,217,8),(4887,218,8),(4888,219,8),(4889,220,8),(4890,221,8),(4891,222,8),(4892,223,8),(4893,224,8),(4894,225,8),(4895,226,8),(4896,227,8),(4897,228,8),(4898,229,8),(4899,230,8),(4900,231,8),(4901,232,8),(4902,233,8),(4903,234,8),(4904,235,8),(4905,236,8),(4906,237,8),(4907,238,8),(4908,239,8),(4909,240,8),(4910,241,8),(4911,242,8),(4912,243,8),(4913,244,8),(4914,245,8),(4915,246,8),(4916,247,8),(4917,248,8),(4918,249,8),(4919,250,8),(4920,251,8),(4921,252,8),(4922,253,8),(4923,254,8),(4924,255,8),(4925,256,8),(4926,257,8),(4927,258,8),(4928,259,8),(4929,260,8),(4930,261,8),(4931,262,8),(4932,263,8),(4933,264,8),(4934,265,8),(4935,266,8),(4936,267,8),(4937,268,8),(4938,269,8),(4939,270,8),(4940,271,8),(4941,272,8),(4942,273,8),(4943,274,8),(4944,275,8),(4945,276,8),(4946,277,8),(4947,278,8),(4948,279,8),(4949,280,8),(4950,281,8),(4951,282,8),(4952,283,8),(4953,284,8),(4954,285,8),(4955,286,8),(4956,287,8),(4957,288,8),(4958,289,8),(4959,290,8),(4960,291,8),(4961,292,8),(4962,293,8),(4963,294,8),(4964,295,8),(4965,296,8),(4966,297,8),(4967,298,8),(4968,299,8),(4969,300,8),(4970,301,8),(4971,302,8),(4972,303,8),(4973,304,8),(4974,305,8),(4975,306,8),(4976,307,8),(4977,308,8),(4978,309,8),(4979,310,8),(4980,311,8),(4981,312,8),(4982,313,8),(4983,314,8),(4984,315,8),(4985,316,8),(4986,317,8),(4987,318,8),(4988,319,8),(4989,320,8),(4990,321,8),(4991,322,8),(4992,323,8),(4993,324,8),(4994,325,8),(4995,326,8),(4996,327,8),(4997,328,8),(4998,329,8),(4999,330,8),(5000,331,8),(5001,332,8),(5002,333,8),(5003,334,8),(5004,335,8),(5005,336,8),(5006,337,8),(5007,338,8),(5008,339,8),(5009,340,8),(5010,341,8),(5011,342,8),(5012,343,8),(5013,344,8),(5014,345,8),(5015,346,8),(5016,347,8),(5017,348,8),(5018,349,8),(5019,350,8),(5020,351,8),(5021,352,8),(5022,353,8),(5023,354,8),(5024,355,8),(5025,356,8),(5026,357,8),(5027,358,8),(5028,359,8),(5029,360,8),(5030,361,8),(5031,362,8),(5032,363,8),(5033,364,8),(5034,365,8),(5035,366,8),(5036,367,8),(5037,368,8),(5038,369,8),(5039,370,8),(5040,371,8),(5041,372,8),(5042,373,8),(5043,374,8),(5044,375,8),(5045,376,8),(5046,377,8),(5047,378,8),(5048,379,8),(5049,380,8),(5050,381,8),(5051,382,8),(5052,383,8),(5053,384,8),(5054,385,8),(5055,386,8),(5056,387,8),(5057,388,8),(5058,389,8),(5059,390,8),(5060,391,8),(5061,392,8),(5062,393,8),(5063,394,8),(5064,395,8),(5065,396,8),(5066,397,8),(5067,398,8),(5068,399,8),(5069,400,8),(5070,401,8),(5071,402,8),(5072,403,8),(5073,404,8),(5074,405,8),(5075,406,8),(5076,407,8),(5077,408,8),(5078,409,8),(5079,410,8),(5080,411,8),(5081,412,8),(5082,413,8),(5083,414,8),(5084,415,8),(5085,416,8),(5086,417,8),(5087,418,8),(5088,419,8),(5089,420,8),(5090,421,8),(5091,422,8),(5092,423,8),(5093,424,8),(5094,425,8),(5095,426,8),(5096,427,8),(5097,428,8),(5098,429,8),(5099,430,8),(5100,431,8),(5101,432,8),(5102,433,8),(5103,434,8),(5104,435,8),(5105,436,8),(5106,437,8),(5107,438,8),(5108,439,8),(5109,440,8),(5110,441,8),(5111,442,8),(5112,443,8),(5113,444,8),(5114,445,8),(5115,446,8),(5116,447,8),(5117,448,8),(5118,449,8),(5119,450,8),(5120,451,8),(5121,452,8),(5122,453,8),(5123,454,8),(5124,455,8),(5125,456,8),(5126,457,8),(5127,458,8),(5128,459,8),(5129,460,8),(5130,461,8),(5131,462,8),(5132,463,8),(5133,464,8),(5134,465,8),(5135,466,8),(5136,467,8),(5137,468,8),(5138,469,8),(5139,470,8),(5140,471,8),(5141,472,8),(5142,473,8),(5143,474,8),(5144,475,8),(5145,476,8),(5146,477,8),(5147,478,8),(5148,479,8),(5149,480,8),(5150,481,8),(5151,482,8),(5152,483,8),(5153,484,8),(5154,485,8),(5155,486,8),(5156,487,8),(5157,488,8),(5158,489,8),(5159,490,8),(5160,491,8),(5161,492,8),(5162,493,8),(5163,494,8),(5164,495,8),(5165,496,8),(5166,497,8),(5167,498,8),(5168,499,8),(5169,500,8),(5170,501,8),(5171,502,8),(5172,503,8),(5173,504,8),(5174,505,8),(5175,506,8),(5176,507,8),(5177,508,8),(5178,509,8),(5179,510,8),(5180,511,8),(5181,512,8),(5182,513,8),(5183,514,8),(5184,515,8),(5185,516,8),(5186,517,8),(5187,518,8),(5188,519,8),(5189,520,8),(5190,521,8),(5191,522,8),(5192,523,8),(5193,524,8),(5194,525,8),(5195,526,8),(5196,527,8),(5197,528,8),(5198,529,8),(5199,530,8),(5200,531,8),(5201,532,8),(5202,533,8),(5203,534,8),(5204,535,8),(5205,536,8),(5206,537,8),(5207,538,8),(5208,539,8),(5209,540,8),(5210,541,8),(5211,542,8),(5212,543,8),(5213,544,8),(5214,545,8),(5215,546,8),(5216,547,8),(5217,548,8),(5218,549,8),(5219,550,8),(5220,551,8),(5221,552,8),(5222,553,8),(5223,554,8),(5224,555,8),(5225,556,8),(5226,557,8),(5227,558,8),(5228,559,8),(5229,560,8),(5230,561,8),(5231,562,8),(5232,563,8),(5233,564,8),(5234,565,8),(5235,566,8),(5236,567,8),(5237,568,8),(5238,569,8),(5239,570,8),(5240,571,8),(5241,572,8),(5242,573,8),(5243,574,8),(5244,575,8),(5245,576,8),(5246,577,8),(5247,578,8),(5248,579,8),(5249,580,8),(5250,581,8),(5251,582,8),(5252,583,8),(5253,584,8),(5254,585,8),(5255,586,8),(5256,587,8),(5257,588,8),(5258,589,8),(5259,590,8),(5260,591,8),(5261,592,8),(5262,593,8),(5263,594,8),(5264,595,8),(5265,596,8),(5266,597,8),(5267,598,8),(5268,599,8),(5269,600,8),(5270,601,8),(5271,602,8),(5272,603,8),(5273,604,8),(5274,605,8),(5275,606,8),(5276,607,8),(5277,608,8),(5278,609,8),(5279,610,8),(5280,611,8),(5281,612,8),(5282,613,8),(5283,614,8),(5284,615,8),(5285,616,8),(5286,617,8),(5287,618,8),(5288,619,8),(5289,620,8),(5290,621,8),(5291,622,8),(5292,623,8),(5293,624,8),(5294,625,8),(5295,626,8),(5296,627,8),(5297,628,8),(5298,629,8),(5299,630,8),(5300,631,8),(5301,632,8),(5302,633,8),(5303,634,8),(5304,635,8),(5305,636,8),(5306,637,8),(5307,638,8),(5308,639,8),(5309,640,8),(5310,641,8),(5311,642,8),(5312,643,8),(5313,644,8),(5314,645,8),(5315,646,8),(5316,647,8),(5317,648,8),(5318,649,8),(5319,650,8),(5320,651,8),(5321,652,8),(5322,653,8),(5323,654,8),(5324,655,8),(5325,656,8),(5326,657,8),(5327,658,8),(5328,659,8),(5329,660,8),(5330,661,8),(5331,662,8),(5332,663,8),(5333,664,8),(5334,665,8),(5335,666,8),(5336,667,8),(5337,1,9),(5338,2,9),(5339,3,9),(5340,4,9),(5341,5,9),(5342,6,9),(5343,7,9),(5344,8,9),(5345,9,9),(5346,10,9),(5347,11,9),(5348,12,9),(5349,13,9),(5350,14,9),(5351,15,9),(5352,16,9),(5353,17,9),(5354,18,9),(5355,19,9),(5356,20,9),(5357,21,9),(5358,22,9),(5359,23,9),(5360,24,9),(5361,25,9),(5362,26,9),(5363,27,9),(5364,28,9),(5365,29,9),(5366,30,9),(5367,31,9),(5368,32,9),(5369,33,9),(5370,34,9),(5371,35,9),(5372,36,9),(5373,37,9),(5374,38,9),(5375,39,9),(5376,40,9),(5377,41,9),(5378,42,9),(5379,43,9),(5380,44,9),(5381,45,9),(5382,46,9),(5383,47,9),(5384,48,9),(5385,49,9),(5386,50,9),(5387,51,9),(5388,52,9),(5389,53,9),(5390,54,9),(5391,55,9),(5392,56,9),(5393,57,9),(5394,58,9),(5395,59,9),(5396,60,9),(5397,61,9),(5398,62,9),(5399,63,9),(5400,64,9),(5401,65,9),(5402,66,9),(5403,67,9),(5404,68,9),(5405,69,9),(5406,70,9),(5407,71,9),(5408,72,9),(5409,73,9),(5410,74,9),(5411,75,9),(5412,76,9),(5413,77,9),(5414,78,9),(5415,79,9),(5416,80,9),(5417,81,9),(5418,82,9),(5419,83,9),(5420,84,9),(5421,85,9),(5422,86,9),(5423,87,9),(5424,88,9),(5425,89,9),(5426,90,9),(5427,91,9),(5428,92,9),(5429,93,9),(5430,94,9),(5431,95,9),(5432,96,9),(5433,97,9),(5434,98,9),(5435,99,9),(5436,100,9),(5437,101,9),(5438,102,9),(5439,103,9),(5440,104,9),(5441,105,9),(5442,106,9),(5443,107,9),(5444,108,9),(5445,109,9),(5446,110,9),(5447,111,9),(5448,112,9),(5449,113,9),(5450,114,9),(5451,115,9),(5452,116,9),(5453,117,9),(5454,118,9),(5455,119,9),(5456,120,9),(5457,121,9),(5458,122,9),(5459,123,9),(5460,124,9),(5461,125,9),(5462,126,9),(5463,127,9),(5464,128,9),(5465,129,9),(5466,130,9),(5467,131,9),(5468,132,9),(5469,133,9),(5470,134,9),(5471,135,9),(5472,136,9),(5473,137,9),(5474,138,9),(5475,139,9),(5476,140,9),(5477,141,9),(5478,142,9),(5479,143,9),(5480,144,9),(5481,145,9),(5482,146,9),(5483,147,9),(5484,148,9),(5485,149,9),(5486,150,9),(5487,151,9),(5488,152,9),(5489,153,9),(5490,154,9),(5491,155,9),(5492,156,9),(5493,157,9),(5494,158,9),(5495,159,9),(5496,160,9),(5497,161,9),(5498,162,9),(5499,163,9),(5500,164,9),(5501,165,9),(5502,166,9),(5503,167,9),(5504,168,9),(5505,169,9),(5506,170,9),(5507,171,9),(5508,172,9),(5509,173,9),(5510,174,9),(5511,175,9),(5512,176,9),(5513,177,9),(5514,178,9),(5515,179,9),(5516,180,9),(5517,181,9),(5518,182,9),(5519,183,9),(5520,184,9),(5521,185,9),(5522,186,9),(5523,187,9),(5524,188,9),(5525,189,9),(5526,190,9),(5527,191,9),(5528,192,9),(5529,193,9),(5530,194,9),(5531,195,9),(5532,196,9),(5533,197,9),(5534,198,9),(5535,199,9),(5536,200,9),(5537,201,9),(5538,202,9),(5539,203,9),(5540,204,9),(5541,205,9),(5542,206,9),(5543,207,9),(5544,208,9),(5545,209,9),(5546,210,9),(5547,211,9),(5548,212,9),(5549,213,9),(5550,214,9),(5551,215,9),(5552,216,9),(5553,217,9),(5554,218,9),(5555,219,9),(5556,220,9),(5557,221,9),(5558,222,9),(5559,223,9),(5560,224,9),(5561,225,9),(5562,226,9),(5563,227,9),(5564,228,9),(5565,229,9),(5566,230,9),(5567,231,9),(5568,232,9),(5569,233,9),(5570,234,9),(5571,235,9),(5572,236,9),(5573,237,9),(5574,238,9),(5575,239,9),(5576,240,9),(5577,241,9),(5578,242,9),(5579,243,9),(5580,244,9),(5581,245,9),(5582,246,9),(5583,247,9),(5584,248,9),(5585,249,9),(5586,250,9),(5587,251,9),(5588,252,9),(5589,253,9),(5590,254,9),(5591,255,9),(5592,256,9),(5593,257,9),(5594,258,9),(5595,259,9),(5596,260,9),(5597,261,9),(5598,262,9),(5599,263,9),(5600,264,9),(5601,265,9),(5602,266,9),(5603,267,9),(5604,268,9),(5605,269,9),(5606,270,9),(5607,271,9),(5608,272,9),(5609,273,9),(5610,274,9),(5611,275,9),(5612,276,9),(5613,277,9),(5614,278,9),(5615,279,9),(5616,280,9),(5617,281,9),(5618,282,9),(5619,283,9),(5620,284,9),(5621,285,9),(5622,286,9),(5623,287,9),(5624,288,9),(5625,289,9),(5626,290,9),(5627,291,9),(5628,292,9),(5629,293,9),(5630,294,9),(5631,295,9),(5632,296,9),(5633,297,9),(5634,298,9),(5635,299,9),(5636,300,9),(5637,301,9),(5638,302,9),(5639,303,9),(5640,304,9),(5641,305,9),(5642,306,9),(5643,307,9),(5644,308,9),(5645,309,9),(5646,310,9),(5647,311,9),(5648,312,9),(5649,313,9),(5650,314,9),(5651,315,9),(5652,316,9),(5653,317,9),(5654,318,9),(5655,319,9),(5656,320,9),(5657,321,9),(5658,322,9),(5659,323,9),(5660,324,9),(5661,325,9),(5662,326,9),(5663,327,9),(5664,328,9),(5665,329,9),(5666,330,9),(5667,331,9),(5668,332,9),(5669,333,9),(5670,334,9),(5671,335,9),(5672,336,9),(5673,337,9),(5674,338,9),(5675,339,9),(5676,340,9),(5677,341,9),(5678,342,9),(5679,343,9),(5680,344,9),(5681,345,9),(5682,346,9),(5683,347,9),(5684,348,9),(5685,349,9),(5686,350,9),(5687,351,9),(5688,352,9),(5689,353,9),(5690,354,9),(5691,355,9),(5692,356,9),(5693,357,9),(5694,358,9),(5695,359,9),(5696,360,9),(5697,361,9),(5698,362,9),(5699,363,9),(5700,364,9),(5701,365,9),(5702,366,9),(5703,367,9),(5704,368,9),(5705,369,9),(5706,370,9),(5707,371,9),(5708,372,9),(5709,373,9),(5710,374,9),(5711,375,9),(5712,376,9),(5713,377,9),(5714,378,9),(5715,379,9),(5716,380,9),(5717,381,9),(5718,382,9),(5719,383,9),(5720,384,9),(5721,385,9),(5722,386,9),(5723,387,9),(5724,388,9),(5725,389,9),(5726,390,9),(5727,391,9),(5728,392,9),(5729,393,9),(5730,394,9),(5731,395,9),(5732,396,9),(5733,397,9),(5734,398,9),(5735,399,9),(5736,400,9),(5737,401,9),(5738,402,9),(5739,403,9),(5740,404,9),(5741,405,9),(5742,406,9),(5743,407,9),(5744,408,9),(5745,409,9),(5746,410,9),(5747,411,9),(5748,412,9),(5749,413,9),(5750,414,9),(5751,415,9),(5752,416,9),(5753,417,9),(5754,418,9),(5755,419,9),(5756,420,9),(5757,421,9),(5758,422,9),(5759,423,9),(5760,424,9),(5761,425,9),(5762,426,9),(5763,427,9),(5764,428,9),(5765,429,9),(5766,430,9),(5767,431,9),(5768,432,9),(5769,433,9),(5770,434,9),(5771,435,9),(5772,436,9),(5773,437,9),(5774,438,9),(5775,439,9),(5776,440,9),(5777,441,9),(5778,442,9),(5779,443,9),(5780,444,9),(5781,445,9),(5782,446,9),(5783,447,9),(5784,448,9),(5785,449,9),(5786,450,9),(5787,451,9),(5788,452,9),(5789,453,9),(5790,454,9),(5791,455,9),(5792,456,9),(5793,457,9),(5794,458,9),(5795,459,9),(5796,460,9),(5797,461,9),(5798,462,9),(5799,463,9),(5800,464,9),(5801,465,9),(5802,466,9),(5803,467,9),(5804,468,9),(5805,469,9),(5806,470,9),(5807,471,9),(5808,472,9),(5809,473,9),(5810,474,9),(5811,475,9),(5812,476,9),(5813,477,9),(5814,478,9),(5815,479,9),(5816,480,9),(5817,481,9),(5818,482,9),(5819,483,9),(5820,484,9),(5821,485,9),(5822,486,9),(5823,487,9),(5824,488,9),(5825,489,9),(5826,490,9),(5827,491,9),(5828,492,9),(5829,493,9),(5830,494,9),(5831,495,9),(5832,496,9),(5833,497,9),(5834,498,9),(5835,499,9),(5836,500,9),(5837,501,9),(5838,502,9),(5839,503,9),(5840,504,9),(5841,505,9),(5842,506,9),(5843,507,9),(5844,508,9),(5845,509,9),(5846,510,9),(5847,511,9),(5848,512,9),(5849,513,9),(5850,514,9),(5851,515,9),(5852,516,9),(5853,517,9),(5854,518,9),(5855,519,9),(5856,520,9),(5857,521,9),(5858,522,9),(5859,523,9),(5860,524,9),(5861,525,9),(5862,526,9),(5863,527,9),(5864,528,9),(5865,529,9),(5866,530,9),(5867,531,9),(5868,532,9),(5869,533,9),(5870,534,9),(5871,535,9),(5872,536,9),(5873,537,9),(5874,538,9),(5875,539,9),(5876,540,9),(5877,541,9),(5878,542,9),(5879,543,9),(5880,544,9),(5881,545,9),(5882,546,9),(5883,547,9),(5884,548,9),(5885,549,9),(5886,550,9),(5887,551,9),(5888,552,9),(5889,553,9),(5890,554,9),(5891,555,9),(5892,556,9),(5893,557,9),(5894,558,9),(5895,559,9),(5896,560,9),(5897,561,9),(5898,562,9),(5899,563,9),(5900,564,9),(5901,565,9),(5902,566,9),(5903,567,9),(5904,568,9),(5905,569,9),(5906,570,9),(5907,571,9),(5908,572,9),(5909,573,9),(5910,574,9),(5911,575,9),(5912,576,9),(5913,577,9),(5914,578,9),(5915,579,9),(5916,580,9),(5917,581,9),(5918,582,9),(5919,583,9),(5920,584,9),(5921,585,9),(5922,586,9),(5923,587,9),(5924,588,9),(5925,589,9),(5926,590,9),(5927,591,9),(5928,592,9),(5929,593,9),(5930,594,9),(5931,595,9),(5932,596,9),(5933,597,9),(5934,598,9),(5935,599,9),(5936,600,9),(5937,601,9),(5938,602,9),(5939,603,9),(5940,604,9),(5941,605,9),(5942,606,9),(5943,607,9),(5944,608,9),(5945,609,9),(5946,610,9),(5947,611,9),(5948,612,9),(5949,613,9),(5950,614,9),(5951,615,9),(5952,616,9),(5953,617,9),(5954,618,9),(5955,619,9),(5956,620,9),(5957,621,9),(5958,622,9),(5959,623,9),(5960,624,9),(5961,625,9),(5962,626,9),(5963,627,9),(5964,628,9),(5965,629,9),(5966,630,9),(5967,631,9),(5968,632,9),(5969,633,9),(5970,634,9),(5971,635,9),(5972,636,9),(5973,637,9),(5974,638,9),(5975,639,9),(5976,640,9),(5977,641,9),(5978,642,9),(5979,643,9),(5980,644,9),(5981,645,9),(5982,646,9),(5983,647,9),(5984,648,9),(5985,649,9),(5986,650,9),(5987,651,9),(5988,652,9),(5989,653,9),(5990,654,9),(5991,655,9),(5992,656,9),(5993,657,9),(5994,658,9),(5995,659,9),(5996,660,9),(5997,661,9),(5998,662,9),(5999,663,9),(6000,664,9),(6001,665,9),(6002,666,9),(6003,667,9),(7338,1,12),(7339,2,12),(7340,3,12),(7341,4,12),(7342,5,12),(7343,6,12),(7344,7,12),(7345,8,12),(7346,9,12),(7347,10,12),(7348,11,12),(7349,12,12),(7350,13,12),(7351,14,12),(7352,15,12),(7353,16,12),(7354,17,12),(7355,18,12),(7356,19,12),(7357,20,12),(7358,21,12),(7359,22,12),(7360,23,12),(7361,24,12),(7362,25,12),(7363,26,12),(7364,27,12),(7365,28,12),(7366,29,12),(7367,30,12),(7368,31,12),(7369,32,12),(7370,33,12),(7371,34,12),(7372,35,12),(7373,36,12),(7374,37,12),(7375,38,12),(7376,39,12),(7377,40,12),(7378,41,12),(7379,42,12),(7380,43,12),(7381,44,12),(7382,45,12),(7383,46,12),(7384,47,12),(7385,48,12),(7386,49,12),(7387,50,12),(7388,51,12),(7389,52,12),(7390,53,12),(7391,54,12),(7392,55,12),(7393,56,12),(7394,57,12),(7395,58,12),(7396,59,12),(7397,60,12),(7398,61,12),(7399,62,12),(7400,63,12),(7401,64,12),(7402,65,12),(7403,66,12),(7404,67,12),(7405,68,12),(7406,69,12),(7407,70,12),(7408,71,12),(7409,72,12),(7410,73,12),(7411,74,12),(7412,75,12),(7413,76,12),(7414,77,12),(7415,78,12),(7416,79,12),(7417,80,12),(7418,81,12),(7419,82,12),(7420,83,12),(7421,84,12),(7422,85,12),(7423,86,12),(7424,87,12),(7425,88,12),(7426,89,12),(7427,90,12),(7428,91,12),(7429,92,12),(7430,93,12),(7431,94,12),(7432,95,12),(7433,96,12),(7434,97,12),(7435,98,12),(7436,99,12),(7437,100,12),(7438,101,12),(7439,102,12),(7440,103,12),(7441,104,12),(7442,105,12),(7443,106,12),(7444,107,12),(7445,108,12),(7446,109,12),(7447,110,12),(7448,111,12),(7449,112,12),(7450,113,12),(7451,114,12),(7452,115,12),(7453,116,12),(7454,117,12),(7455,118,12),(7456,119,12),(7457,120,12),(7458,121,12),(7459,122,12),(7460,123,12),(7461,124,12),(7462,125,12),(7463,126,12),(7464,127,12),(7465,128,12),(7466,129,12),(7467,130,12),(7468,131,12),(7469,132,12),(7470,133,12),(7471,134,12),(7472,135,12),(7473,136,12),(7474,137,12),(7475,138,12),(7476,139,12),(7477,140,12),(7478,141,12),(7479,142,12),(7480,143,12),(7481,144,12),(7482,145,12),(7483,146,12),(7484,147,12),(7485,148,12),(7486,149,12),(7487,150,12),(7488,151,12),(7489,152,12),(7490,153,12),(7491,154,12),(7492,155,12),(7493,156,12),(7494,157,12),(7495,158,12),(7496,159,12),(7497,160,12),(7498,161,12),(7499,162,12),(7500,163,12),(7501,164,12),(7502,165,12),(7503,166,12),(7504,167,12),(7505,168,12),(7506,169,12),(7507,170,12),(7508,171,12),(7509,172,12),(7510,173,12),(7511,174,12),(7512,175,12),(7513,176,12),(7514,177,12),(7515,178,12),(7516,179,12),(7517,180,12),(7518,181,12),(7519,182,12),(7520,183,12),(7521,184,12),(7522,185,12),(7523,186,12),(7524,187,12),(7525,188,12),(7526,189,12),(7527,190,12),(7528,191,12),(7529,192,12),(7530,193,12),(7531,194,12),(7532,195,12),(7533,196,12),(7534,197,12),(7535,198,12),(7536,199,12),(7537,200,12),(7538,201,12),(7539,202,12),(7540,203,12),(7541,204,12),(7542,205,12),(7543,206,12),(7544,207,12),(7545,208,12),(7546,209,12),(7547,210,12),(7548,211,12),(7549,212,12),(7550,213,12),(7551,214,12),(7552,215,12),(7553,216,12),(7554,217,12),(7555,218,12),(7556,219,12),(7557,220,12),(7558,221,12),(7559,222,12),(7560,223,12),(7561,224,12),(7562,225,12),(7563,226,12),(7564,227,12),(7565,228,12),(7566,229,12),(7567,230,12),(7568,231,12),(7569,232,12),(7570,233,12),(7571,234,12),(7572,235,12),(7573,236,12),(7574,237,12),(7575,238,12),(7576,239,12),(7577,240,12),(7578,241,12),(7579,242,12),(7580,243,12),(7581,244,12),(7582,245,12),(7583,246,12),(7584,247,12),(7585,248,12),(7586,249,12),(7587,250,12),(7588,251,12),(7589,252,12),(7590,253,12),(7591,254,12),(7592,255,12),(7593,256,12),(7594,257,12),(7595,258,12),(7596,259,12),(7597,260,12),(7598,261,12),(7599,262,12),(7600,263,12),(7601,264,12),(7602,265,12),(7603,266,12),(7604,267,12),(7605,268,12),(7606,269,12),(7607,270,12),(7608,271,12),(7609,272,12),(7610,273,12),(7611,274,12),(7612,275,12),(7613,276,12),(7614,277,12),(7615,278,12),(7616,279,12),(7617,280,12),(7618,281,12),(7619,282,12),(7620,283,12),(7621,284,12),(7622,285,12),(7623,286,12),(7624,287,12),(7625,288,12),(7626,289,12),(7627,290,12),(7628,291,12),(7629,292,12),(7630,293,12),(7631,294,12),(7632,295,12),(7633,296,12),(7634,297,12),(7635,298,12),(7636,299,12),(7637,300,12),(7638,301,12),(7639,302,12),(7640,303,12),(7641,304,12),(7642,305,12),(7643,306,12),(7644,307,12),(7645,308,12),(7646,309,12),(7647,310,12),(7648,311,12),(7649,312,12),(7650,313,12),(7651,314,12),(7652,315,12),(7653,316,12),(7654,317,12),(7655,318,12),(7656,319,12),(7657,320,12),(7658,321,12),(7659,322,12),(7660,323,12),(7661,324,12),(7662,325,12),(7663,326,12),(7664,327,12),(7665,328,12),(7666,329,12),(7667,330,12),(7668,331,12),(7669,332,12),(7670,333,12),(7671,334,12),(7672,335,12),(7673,336,12),(7674,337,12),(7675,338,12),(7676,339,12),(7677,340,12),(7678,341,12),(7679,342,12),(7680,343,12),(7681,344,12),(7682,345,12),(7683,346,12),(7684,347,12),(7685,348,12),(7686,349,12),(7687,350,12),(7688,351,12),(7689,352,12),(7690,353,12),(7691,354,12),(7692,355,12),(7693,356,12),(7694,357,12),(7695,358,12),(7696,359,12),(7697,360,12),(7698,361,12),(7699,362,12),(7700,363,12),(7701,364,12),(7702,365,12),(7703,366,12),(7704,367,12),(7705,368,12),(7706,369,12),(7707,370,12),(7708,371,12),(7709,372,12),(7710,373,12),(7711,374,12),(7712,375,12),(7713,376,12),(7714,377,12),(7715,378,12),(7716,379,12),(7717,380,12),(7718,381,12),(7719,382,12),(7720,383,12),(7721,384,12),(7722,385,12),(7723,386,12),(7724,387,12),(7725,388,12),(7726,389,12),(7727,390,12),(7728,391,12),(7729,392,12),(7730,393,12),(7731,394,12),(7732,395,12),(7733,396,12),(7734,397,12),(7735,398,12),(7736,399,12),(7737,400,12),(7738,401,12),(7739,402,12),(7740,403,12),(7741,404,12),(7742,405,12),(7743,406,12),(7744,407,12),(7745,408,12),(7746,409,12),(7747,410,12),(7748,411,12),(7749,412,12),(7750,413,12),(7751,414,12),(7752,415,12),(7753,416,12),(7754,417,12),(7755,418,12),(7756,419,12),(7757,420,12),(7758,421,12),(7759,422,12),(7760,423,12),(7761,424,12),(7762,425,12),(7763,426,12),(7764,427,12),(7765,428,12),(7766,429,12),(7767,430,12),(7768,431,12),(7769,432,12),(7770,433,12),(7771,434,12),(7772,435,12),(7773,436,12),(7774,437,12),(7775,438,12),(7776,439,12),(7777,440,12),(7778,441,12),(7779,442,12),(7780,443,12),(7781,444,12),(7782,445,12),(7783,446,12),(7784,447,12),(7785,448,12),(7786,449,12),(7787,450,12),(7788,451,12),(7789,452,12),(7790,453,12),(7791,454,12),(7792,455,12),(7793,456,12),(7794,457,12),(7795,458,12),(7796,459,12),(7797,460,12),(7798,461,12),(7799,462,12),(7800,463,12),(7801,464,12),(7802,465,12),(7803,466,12),(7804,467,12),(7805,468,12),(7806,469,12),(7807,470,12),(7808,471,12),(7809,472,12),(7810,473,12),(7811,474,12),(7812,475,12),(7813,476,12),(7814,477,12),(7815,478,12),(7816,479,12),(7817,480,12),(7818,481,12),(7819,482,12),(7820,483,12),(7821,484,12),(7822,485,12),(7823,486,12),(7824,487,12),(7825,488,12),(7826,489,12),(7827,490,12),(7828,491,12),(7829,492,12),(7830,493,12),(7831,494,12),(7832,495,12),(7833,496,12),(7834,497,12),(7835,498,12),(7836,499,12),(7837,500,12),(7838,501,12),(7839,502,12),(7840,503,12),(7841,504,12),(7842,505,12),(7843,506,12),(7844,507,12),(7845,508,12),(7846,509,12),(7847,510,12),(7848,511,12),(7849,512,12),(7850,513,12),(7851,514,12),(7852,515,12),(7853,516,12),(7854,517,12),(7855,518,12),(7856,519,12),(7857,520,12),(7858,521,12),(7859,522,12),(7860,523,12),(7861,524,12),(7862,525,12),(7863,526,12),(7864,527,12),(7865,528,12),(7866,529,12),(7867,530,12),(7868,531,12),(7869,532,12),(7870,533,12),(7871,534,12),(7872,535,12),(7873,536,12),(7874,537,12),(7875,538,12),(7876,539,12),(7877,540,12),(7878,541,12),(7879,542,12),(7880,543,12),(7881,544,12),(7882,545,12),(7883,546,12),(7884,547,12),(7885,548,12),(7886,549,12),(7887,550,12),(7888,551,12),(7889,552,12),(7890,553,12),(7891,554,12),(7892,555,12),(7893,556,12),(7894,557,12),(7895,558,12),(7896,559,12),(7897,560,12),(7898,561,12),(7899,562,12),(7900,563,12),(7901,564,12),(7902,565,12),(7903,566,12),(7904,567,12),(7905,568,12),(7906,569,12),(7907,570,12),(7908,571,12),(7909,572,12),(7910,573,12),(7911,574,12),(7912,575,12),(7913,576,12),(7914,577,12),(7915,578,12),(7916,579,12),(7917,580,12),(7918,581,12),(7919,582,12),(7920,583,12),(7921,584,12),(7922,585,12),(7923,586,12),(7924,587,12),(7925,588,12),(7926,589,12),(7927,590,12),(7928,591,12),(7929,592,12),(7930,593,12),(7931,594,12),(7932,595,12),(7933,596,12),(7934,597,12),(7935,598,12),(7936,599,12),(7937,600,12),(7938,601,12),(7939,602,12),(7940,603,12),(7941,604,12),(7942,605,12),(7943,606,12),(7944,607,12),(7945,608,12),(7946,609,12),(7947,610,12),(7948,611,12),(7949,612,12),(7950,613,12),(7951,614,12),(7952,615,12),(7953,616,12),(7954,617,12),(7955,618,12),(7956,619,12),(7957,620,12),(7958,621,12),(7959,622,12),(7960,623,12),(7961,624,12),(7962,625,12),(7963,626,12),(7964,627,12),(7965,628,12),(7966,629,12),(7967,630,12),(7968,631,12),(7969,632,12),(7970,633,12),(7971,634,12),(7972,635,12),(7973,636,12),(7974,637,12),(7975,638,12),(7976,639,12),(7977,640,12),(7978,641,12),(7979,642,12),(7980,643,12),(7981,644,12),(7982,645,12),(7983,646,12),(7984,647,12),(7985,648,12),(7986,649,12),(7987,650,12),(7988,651,12),(7989,652,12),(7990,653,12),(7991,654,12),(7992,655,12),(7993,656,12),(7994,657,12),(7995,658,12),(7996,659,12),(7997,660,12),(7998,661,12),(7999,662,12),(8000,663,12),(8001,664,12),(8002,665,12),(8003,666,12),(8004,667,12),(8672,1,14),(8673,2,14),(8674,3,14),(8675,4,14),(8676,5,14),(8677,6,14),(8678,7,14),(8679,8,14),(8680,9,14),(8681,10,14),(8682,11,14),(8683,12,14),(8684,13,14),(8685,14,14),(8686,15,14),(8687,16,14),(8688,17,14),(8689,18,14),(8690,19,14),(8691,20,14),(8692,21,14),(8693,22,14),(8694,23,14),(8695,24,14),(8696,25,14),(8697,26,14),(8698,27,14),(8699,28,14),(8700,29,14),(8701,30,14),(8702,31,14),(8703,32,14),(8704,33,14),(8705,34,14),(8706,35,14),(8707,36,14),(8708,37,14),(8709,38,14),(8710,39,14),(8711,40,14),(8712,41,14),(8713,42,14),(8714,43,14),(8715,44,14),(8716,45,14),(8717,46,14),(8718,47,14),(8719,48,14),(8720,49,14),(8721,50,14),(8722,51,14),(8723,52,14),(8724,53,14),(8725,54,14),(8726,55,14),(8727,56,14),(8728,57,14),(8729,58,14),(8730,59,14),(8731,60,14),(8732,61,14),(8733,62,14),(8734,63,14),(8735,64,14),(8736,65,14),(8737,66,14),(8738,67,14),(8739,68,14),(8740,69,14),(8741,70,14),(8742,71,14),(8743,72,14),(8744,73,14),(8745,74,14),(8746,75,14),(8747,76,14),(8748,77,14),(8749,78,14),(8750,79,14),(8751,80,14),(8752,81,14),(8753,82,14),(8754,83,14),(8755,84,14),(8756,85,14),(8757,86,14),(8758,87,14),(8759,88,14),(8760,89,14),(8761,90,14),(8762,91,14),(8763,92,14),(8764,93,14),(8765,94,14),(8766,95,14),(8767,96,14),(8768,97,14),(8769,98,14),(8770,99,14),(8771,100,14),(8772,101,14),(8773,102,14),(8774,103,14),(8775,104,14),(8776,105,14),(8777,106,14),(8778,107,14),(8779,108,14),(8780,109,14),(8781,110,14),(8782,111,14),(8783,112,14),(8784,113,14),(8785,114,14),(8786,115,14),(8787,116,14),(8788,117,14),(8789,118,14),(8790,119,14),(8791,120,14),(8792,121,14),(8793,122,14),(8794,123,14),(8795,124,14),(8796,125,14),(8797,126,14),(8798,127,14),(8799,128,14),(8800,129,14),(8801,130,14),(8802,131,14),(8803,132,14),(8804,133,14),(8805,134,14),(8806,135,14),(8807,136,14),(8808,137,14),(8809,138,14),(8810,139,14),(8811,140,14),(8812,141,14),(8813,142,14),(8814,143,14),(8815,144,14),(8816,145,14),(8817,146,14),(8818,147,14),(8819,148,14),(8820,149,14),(8821,150,14),(8822,151,14),(8823,152,14),(8824,153,14),(8825,154,14),(8826,155,14),(8827,156,14),(8828,157,14),(8829,158,14),(8830,159,14),(8831,160,14),(8832,161,14),(8833,162,14),(8834,163,14),(8835,164,14),(8836,165,14),(8837,166,14),(8838,167,14),(8839,168,14),(8840,169,14),(8841,170,14),(8842,171,14),(8843,172,14),(8844,173,14),(8845,174,14),(8846,175,14),(8847,176,14),(8848,177,14),(8849,178,14),(8850,179,14),(8851,180,14),(8852,181,14),(8853,182,14),(8854,183,14),(8855,184,14),(8856,185,14),(8857,186,14),(8858,187,14),(8859,188,14),(8860,189,14),(8861,190,14),(8862,191,14),(8863,192,14),(8864,193,14),(8865,194,14),(8866,195,14),(8867,196,14),(8868,197,14),(8869,198,14),(8870,199,14),(8871,200,14),(8872,201,14),(8873,202,14),(8874,203,14),(8875,204,14),(8876,205,14),(8877,206,14),(8878,207,14),(8879,208,14),(8880,209,14),(8881,210,14),(8882,211,14),(8883,212,14),(8884,213,14),(8885,214,14),(8886,215,14),(8887,216,14),(8888,217,14),(8889,218,14),(8890,219,14),(8891,220,14),(8892,221,14),(8893,222,14),(8894,223,14),(8895,224,14),(8896,225,14),(8897,226,14),(8898,227,14),(8899,228,14),(8900,229,14),(8901,230,14),(8902,231,14),(8903,232,14),(8904,233,14),(8905,234,14),(8906,235,14),(8907,236,14),(8908,237,14),(8909,238,14),(8910,239,14),(8911,240,14),(8912,241,14),(8913,242,14),(8914,243,14),(8915,244,14),(8916,245,14),(8917,246,14),(8918,247,14),(8919,248,14),(8920,249,14),(8921,250,14),(8922,251,14),(8923,252,14),(8924,253,14),(8925,254,14),(8926,255,14),(8927,256,14),(8928,257,14),(8929,258,14),(8930,259,14),(8931,260,14),(8932,261,14),(8933,262,14),(8934,263,14),(8935,264,14),(8936,265,14),(8937,266,14),(8938,267,14),(8939,268,14),(8940,269,14),(8941,270,14),(8942,271,14),(8943,272,14),(8944,273,14),(8945,274,14),(8946,275,14),(8947,276,14),(8948,277,14),(8949,278,14),(8950,279,14),(8951,280,14),(8952,281,14),(8953,282,14),(8954,283,14),(8955,284,14),(8956,285,14),(8957,286,14),(8958,287,14),(8959,288,14),(8960,289,14),(8961,290,14),(8962,291,14),(8963,292,14),(8964,293,14),(8965,294,14),(8966,295,14),(8967,296,14),(8968,297,14),(8969,298,14),(8970,299,14),(8971,300,14),(8972,301,14),(8973,302,14),(8974,303,14),(8975,304,14),(8976,305,14),(8977,306,14),(8978,307,14),(8979,308,14),(8980,309,14),(8981,310,14),(8982,311,14),(8983,312,14),(8984,313,14),(8985,314,14),(8986,315,14),(8987,316,14),(8988,317,14),(8989,318,14),(8990,319,14),(8991,320,14),(8992,321,14),(8993,322,14),(8994,323,14),(8995,324,14),(8996,325,14),(8997,326,14),(8998,327,14),(8999,328,14),(9000,329,14),(9001,330,14),(9002,331,14),(9003,332,14),(9004,333,14),(9005,334,14),(9006,335,14),(9007,336,14),(9008,337,14),(9009,338,14),(9010,339,14),(9011,340,14),(9012,341,14),(9013,342,14),(9014,343,14),(9015,344,14),(9016,345,14),(9017,346,14),(9018,347,14),(9019,348,14),(9020,349,14),(9021,350,14),(9022,351,14),(9023,352,14),(9024,353,14),(9025,354,14),(9026,355,14),(9027,356,14),(9028,357,14),(9029,358,14),(9030,359,14),(9031,360,14),(9032,361,14),(9033,362,14),(9034,363,14),(9035,364,14),(9036,365,14),(9037,366,14),(9038,367,14),(9039,368,14),(9040,369,14),(9041,370,14),(9042,371,14),(9043,372,14),(9044,373,14),(9045,374,14),(9046,375,14),(9047,376,14),(9048,377,14),(9049,378,14),(9050,379,14),(9051,380,14),(9052,381,14),(9053,382,14),(9054,383,14),(9055,384,14),(9056,385,14),(9057,386,14),(9058,387,14),(9059,388,14),(9060,389,14),(9061,390,14),(9062,391,14),(9063,392,14),(9064,393,14),(9065,394,14),(9066,395,14),(9067,396,14),(9068,397,14),(9069,398,14),(9070,399,14),(9071,400,14),(9072,401,14),(9073,402,14),(9074,403,14),(9075,404,14),(9076,405,14),(9077,406,14),(9078,407,14),(9079,408,14),(9080,409,14),(9081,410,14),(9082,411,14),(9083,412,14),(9084,413,14),(9085,414,14),(9086,415,14),(9087,416,14),(9088,417,14),(9089,418,14),(9090,419,14),(9091,420,14),(9092,421,14),(9093,422,14),(9094,423,14),(9095,424,14),(9096,425,14),(9097,426,14),(9098,427,14),(9099,428,14),(9100,429,14),(9101,430,14),(9102,431,14),(9103,432,14),(9104,433,14),(9105,434,14),(9106,435,14),(9107,436,14),(9108,437,14),(9109,438,14),(9110,439,14),(9111,440,14),(9112,441,14),(9113,442,14),(9114,443,14),(9115,444,14),(9116,445,14),(9117,446,14),(9118,447,14),(9119,448,14),(9120,449,14),(9121,450,14),(9122,451,14),(9123,452,14),(9124,453,14),(9125,454,14),(9126,455,14),(9127,456,14),(9128,457,14),(9129,458,14),(9130,459,14),(9131,460,14),(9132,461,14),(9133,462,14),(9134,463,14),(9135,464,14),(9136,465,14),(9137,466,14),(9138,467,14),(9139,468,14),(9140,469,14),(9141,470,14),(9142,471,14),(9143,472,14),(9144,473,14),(9145,474,14),(9146,475,14),(9147,476,14),(9148,477,14),(9149,478,14),(9150,479,14),(9151,480,14),(9152,481,14),(9153,482,14),(9154,483,14),(9155,484,14),(9156,485,14),(9157,486,14),(9158,487,14),(9159,488,14),(9160,489,14),(9161,490,14),(9162,491,14),(9163,492,14),(9164,493,14),(9165,494,14),(9166,495,14),(9167,496,14),(9168,497,14),(9169,498,14),(9170,499,14),(9171,500,14),(9172,501,14),(9173,502,14),(9174,503,14),(9175,504,14),(9176,505,14),(9177,506,14),(9178,507,14),(9179,508,14),(9180,509,14),(9181,510,14),(9182,511,14),(9183,512,14),(9184,513,14),(9185,514,14),(9186,515,14),(9187,516,14),(9188,517,14),(9189,518,14),(9190,519,14),(9191,520,14),(9192,521,14),(9193,522,14),(9194,523,14),(9195,524,14),(9196,525,14),(9197,526,14),(9198,527,14),(9199,528,14),(9200,529,14),(9201,530,14),(9202,531,14),(9203,532,14),(9204,533,14),(9205,534,14),(9206,535,14),(9207,536,14),(9208,537,14),(9209,538,14),(9210,539,14),(9211,540,14),(9212,541,14),(9213,542,14),(9214,543,14),(9215,544,14),(9216,545,14),(9217,546,14),(9218,547,14),(9219,548,14),(9220,549,14),(9221,550,14),(9222,551,14),(9223,552,14),(9224,553,14),(9225,554,14),(9226,555,14),(9227,556,14),(9228,557,14),(9229,558,14),(9230,559,14),(9231,560,14),(9232,561,14),(9233,562,14),(9234,563,14),(9235,564,14),(9236,565,14),(9237,566,14),(9238,567,14),(9239,568,14),(9240,569,14),(9241,570,14),(9242,571,14),(9243,572,14),(9244,573,14),(9245,574,14),(9246,575,14),(9247,576,14),(9248,577,14),(9249,578,14),(9250,579,14),(9251,580,14),(9252,581,14),(9253,582,14),(9254,583,14),(9255,584,14),(9256,585,14),(9257,586,14),(9258,587,14),(9259,588,14),(9260,589,14),(9261,590,14),(9262,591,14),(9263,592,14),(9264,593,14),(9265,594,14),(9266,595,14),(9267,596,14),(9268,597,14),(9269,598,14),(9270,599,14),(9271,600,14),(9272,601,14),(9273,602,14),(9274,603,14),(9275,604,14),(9276,605,14),(9277,606,14),(9278,607,14),(9279,608,14),(9280,609,14),(9281,610,14),(9282,611,14),(9283,612,14),(9284,613,14),(9285,614,14),(9286,615,14),(9287,616,14),(9288,617,14),(9289,618,14),(9290,619,14),(9291,620,14),(9292,621,14),(9293,622,14),(9294,623,14),(9295,624,14),(9296,625,14),(9297,626,14),(9298,627,14),(9299,628,14),(9300,629,14),(9301,630,14),(9302,631,14),(9303,632,14),(9304,633,14),(9305,634,14),(9306,635,14),(9307,636,14),(9308,637,14),(9309,638,14),(9310,639,14),(9311,640,14),(9312,641,14),(9313,642,14),(9314,643,14),(9315,644,14),(9316,645,14),(9317,646,14),(9318,647,14),(9319,648,14),(9320,649,14),(9321,650,14),(9322,651,14),(9323,652,14),(9324,653,14),(9325,654,14),(9326,655,14),(9327,656,14),(9328,657,14),(9329,658,14),(9330,659,14),(9331,660,14),(9332,661,14),(9333,662,14),(9334,663,14),(9335,664,14),(9336,665,14),(9337,666,14),(9338,667,14),(10006,1,16),(10007,2,16),(10008,3,16),(10009,4,16),(10010,5,16),(10011,6,16),(10012,7,16),(10013,8,16),(10014,9,16),(10015,10,16),(10016,11,16),(10017,12,16),(10018,13,16),(10019,14,16),(10020,15,16),(10021,16,16),(10022,17,16),(10023,18,16),(10024,19,16),(10025,20,16),(10026,21,16),(10027,22,16),(10028,23,16),(10029,24,16),(10030,25,16),(10031,26,16),(10032,27,16),(10033,28,16),(10034,29,16),(10035,30,16),(10036,31,16),(10037,32,16),(10038,33,16),(10039,34,16),(10040,35,16),(10041,36,16),(10042,37,16),(10043,38,16),(10044,39,16),(10045,40,16),(10046,41,16),(10047,42,16),(10048,43,16),(10049,44,16),(10050,45,16),(10051,46,16),(10052,47,16),(10053,48,16),(10054,49,16),(10055,50,16),(10056,51,16),(10057,52,16),(10058,53,16),(10059,54,16),(10060,55,16),(10061,56,16),(10062,57,16),(10063,58,16),(10064,59,16),(10065,60,16),(10066,61,16),(10067,62,16),(10068,63,16),(10069,64,16),(10070,65,16),(10071,66,16),(10072,67,16),(10073,68,16),(10074,69,16),(10075,70,16),(10076,71,16),(10077,72,16),(10078,73,16),(10079,74,16),(10080,75,16),(10081,76,16),(10082,77,16),(10083,78,16),(10084,79,16),(10085,80,16),(10086,81,16),(10087,82,16),(10088,83,16),(10089,84,16),(10090,85,16),(10091,86,16),(10092,87,16),(10093,88,16),(10094,89,16),(10095,90,16),(10096,91,16),(10097,92,16),(10098,93,16),(10099,94,16),(10100,95,16),(10101,96,16),(10102,97,16),(10103,98,16),(10104,99,16),(10105,100,16),(10106,101,16),(10107,102,16),(10108,103,16),(10109,104,16),(10110,105,16),(10111,106,16),(10112,107,16),(10113,108,16),(10114,109,16),(10115,110,16),(10116,111,16),(10117,112,16),(10118,113,16),(10119,114,16),(10120,115,16),(10121,116,16),(10122,117,16),(10123,118,16),(10124,119,16),(10125,120,16),(10126,121,16),(10127,122,16),(10128,123,16),(10129,124,16),(10130,125,16),(10131,126,16),(10132,127,16),(10133,128,16),(10134,129,16),(10135,130,16),(10136,131,16),(10137,132,16),(10138,133,16),(10139,134,16),(10140,135,16),(10141,136,16),(10142,137,16),(10143,138,16),(10144,139,16),(10145,140,16),(10146,141,16),(10147,142,16),(10148,143,16),(10149,144,16),(10150,145,16),(10151,146,16),(10152,147,16),(10153,148,16),(10154,149,16),(10155,150,16),(10156,151,16),(10157,152,16),(10158,153,16),(10159,154,16),(10160,155,16),(10161,156,16),(10162,157,16),(10163,158,16),(10164,159,16),(10165,160,16),(10166,161,16),(10167,162,16),(10168,163,16),(10169,164,16),(10170,165,16),(10171,166,16),(10172,167,16),(10173,168,16),(10174,169,16),(10175,170,16),(10176,171,16),(10177,172,16),(10178,173,16),(10179,174,16),(10180,175,16),(10181,176,16),(10182,177,16),(10183,178,16),(10184,179,16),(10185,180,16),(10186,181,16),(10187,182,16),(10188,183,16),(10189,184,16),(10190,185,16),(10191,186,16),(10192,187,16),(10193,188,16),(10194,189,16),(10195,190,16),(10196,191,16),(10197,192,16),(10198,193,16),(10199,194,16),(10200,195,16),(10201,196,16),(10202,197,16),(10203,198,16),(10204,199,16),(10205,200,16),(10206,201,16),(10207,202,16),(10208,203,16),(10209,204,16),(10210,205,16),(10211,206,16),(10212,207,16),(10213,208,16),(10214,209,16),(10215,210,16),(10216,211,16),(10217,212,16),(10218,213,16),(10219,214,16),(10220,215,16),(10221,216,16),(10222,217,16),(10223,218,16),(10224,219,16),(10225,220,16),(10226,221,16),(10227,222,16),(10228,223,16),(10229,224,16),(10230,225,16),(10231,226,16),(10232,227,16),(10233,228,16),(10234,229,16),(10235,230,16),(10236,231,16),(10237,232,16),(10238,233,16),(10239,234,16),(10240,235,16),(10241,236,16),(10242,237,16),(10243,238,16),(10244,239,16),(10245,240,16),(10246,241,16),(10247,242,16),(10248,243,16),(10249,244,16),(10250,245,16),(10251,246,16),(10252,247,16),(10253,248,16),(10254,249,16),(10255,250,16),(10256,251,16),(10257,252,16),(10258,253,16),(10259,254,16),(10260,255,16),(10261,256,16),(10262,257,16),(10263,258,16),(10264,259,16),(10265,260,16),(10266,261,16),(10267,262,16),(10268,263,16),(10269,264,16),(10270,265,16),(10271,266,16),(10272,267,16),(10273,268,16),(10274,269,16),(10275,270,16),(10276,271,16),(10277,272,16),(10278,273,16),(10279,274,16),(10280,275,16),(10281,276,16),(10282,277,16),(10283,278,16),(10284,279,16),(10285,280,16),(10286,281,16),(10287,282,16),(10288,283,16),(10289,284,16),(10290,285,16),(10291,286,16),(10292,287,16),(10293,288,16),(10294,289,16),(10295,290,16),(10296,291,16),(10297,292,16),(10298,293,16),(10299,294,16),(10300,295,16),(10301,296,16),(10302,297,16),(10303,298,16),(10304,299,16),(10305,300,16),(10306,301,16),(10307,302,16),(10308,303,16),(10309,304,16),(10310,305,16),(10311,306,16),(10312,307,16),(10313,308,16),(10314,309,16),(10315,310,16),(10316,311,16),(10317,312,16),(10318,313,16),(10319,314,16),(10320,315,16),(10321,316,16),(10322,317,16),(10323,318,16),(10324,319,16),(10325,320,16),(10326,321,16),(10327,322,16),(10328,323,16),(10329,324,16),(10330,325,16),(10331,326,16),(10332,327,16),(10333,328,16),(10334,329,16),(10335,330,16),(10336,331,16),(10337,332,16),(10338,333,16),(10339,334,16),(10340,335,16),(10341,336,16),(10342,337,16),(10343,338,16),(10344,339,16),(10345,340,16),(10346,341,16),(10347,342,16),(10348,343,16),(10349,344,16),(10350,345,16),(10351,346,16),(10352,347,16),(10353,348,16),(10354,349,16),(10355,350,16),(10356,351,16),(10357,352,16),(10358,353,16),(10359,354,16),(10360,355,16),(10361,356,16),(10362,357,16),(10363,358,16),(10364,359,16),(10365,360,16),(10366,361,16),(10367,362,16),(10368,363,16),(10369,364,16),(10370,365,16),(10371,366,16),(10372,367,16),(10373,368,16),(10374,369,16),(10375,370,16),(10376,371,16),(10377,372,16),(10378,373,16),(10379,374,16),(10380,375,16),(10381,376,16),(10382,377,16),(10383,378,16),(10384,379,16),(10385,380,16),(10386,381,16),(10387,382,16),(10388,383,16),(10389,384,16),(10390,385,16),(10391,386,16),(10392,387,16),(10393,388,16),(10394,389,16),(10395,390,16),(10396,391,16),(10397,392,16),(10398,393,16),(10399,394,16),(10400,395,16),(10401,396,16),(10402,397,16),(10403,398,16),(10404,399,16),(10405,400,16),(10406,401,16),(10407,402,16),(10408,403,16),(10409,404,16),(10410,405,16),(10411,406,16),(10412,407,16),(10413,408,16),(10414,409,16),(10415,410,16),(10416,411,16),(10417,412,16),(10418,413,16),(10419,414,16),(10420,415,16),(10421,416,16),(10422,417,16),(10423,418,16),(10424,419,16),(10425,420,16),(10426,421,16),(10427,422,16),(10428,423,16),(10429,424,16),(10430,425,16),(10431,426,16),(10432,427,16),(10433,428,16),(10434,429,16),(10435,430,16),(10436,431,16),(10437,432,16),(10438,433,16),(10439,434,16),(10440,435,16),(10441,436,16),(10442,437,16),(10443,438,16),(10444,439,16),(10445,440,16),(10446,441,16),(10447,442,16),(10448,443,16),(10449,444,16),(10450,445,16),(10451,446,16),(10452,447,16),(10453,448,16),(10454,449,16),(10455,450,16),(10456,451,16),(10457,452,16),(10458,453,16),(10459,454,16),(10460,455,16),(10461,456,16),(10462,457,16),(10463,458,16),(10464,459,16),(10465,460,16),(10466,461,16),(10467,462,16),(10468,463,16),(10469,464,16),(10470,465,16),(10471,466,16),(10472,467,16),(10473,468,16),(10474,469,16),(10475,470,16),(10476,471,16),(10477,472,16),(10478,473,16),(10479,474,16),(10480,475,16),(10481,476,16),(10482,477,16),(10483,478,16),(10484,479,16),(10485,480,16),(10486,481,16),(10487,482,16),(10488,483,16),(10489,484,16),(10490,485,16),(10491,486,16),(10492,487,16),(10493,488,16),(10494,489,16),(10495,490,16),(10496,491,16),(10497,492,16),(10498,493,16),(10499,494,16),(10500,495,16),(10501,496,16),(10502,497,16),(10503,498,16),(10504,499,16),(10505,500,16),(10506,501,16),(10507,502,16),(10508,503,16),(10509,504,16),(10510,505,16),(10511,506,16),(10512,507,16),(10513,508,16),(10514,509,16),(10515,510,16),(10516,511,16),(10517,512,16),(10518,513,16),(10519,514,16),(10520,515,16),(10521,516,16),(10522,517,16),(10523,518,16),(10524,519,16),(10525,520,16),(10526,521,16),(10527,522,16),(10528,523,16),(10529,524,16),(10530,525,16),(10531,526,16),(10532,527,16),(10533,528,16),(10534,529,16),(10535,530,16),(10536,531,16),(10537,532,16),(10538,533,16),(10539,534,16),(10540,535,16),(10541,536,16),(10542,537,16),(10543,538,16),(10544,539,16),(10545,540,16),(10546,541,16),(10547,542,16),(10548,543,16),(10549,544,16),(10550,545,16),(10551,546,16),(10552,547,16),(10553,548,16),(10554,549,16),(10555,550,16),(10556,551,16),(10557,552,16),(10558,553,16),(10559,554,16),(10560,555,16),(10561,556,16),(10562,557,16),(10563,558,16),(10564,559,16),(10565,560,16),(10566,561,16),(10567,562,16),(10568,563,16),(10569,564,16),(10570,565,16),(10571,566,16),(10572,567,16),(10573,568,16),(10574,569,16),(10575,570,16),(10576,571,16),(10577,572,16),(10578,573,16),(10579,574,16),(10580,575,16),(10581,576,16),(10582,577,16),(10583,578,16),(10584,579,16),(10585,580,16),(10586,581,16),(10587,582,16),(10588,583,16),(10589,584,16),(10590,585,16),(10591,586,16),(10592,587,16),(10593,588,16),(10594,589,16),(10595,590,16),(10596,591,16),(10597,592,16),(10598,593,16),(10599,594,16),(10600,595,16),(10601,596,16),(10602,597,16),(10603,598,16),(10604,599,16),(10605,600,16),(10606,601,16),(10607,602,16),(10608,603,16),(10609,604,16),(10610,605,16),(10611,606,16),(10612,607,16),(10613,608,16),(10614,609,16),(10615,610,16),(10616,611,16),(10617,612,16),(10618,613,16),(10619,614,16),(10620,615,16),(10621,616,16),(10622,617,16),(10623,618,16),(10624,619,16),(10625,620,16),(10626,621,16),(10627,622,16),(10628,623,16),(10629,624,16),(10630,625,16),(10631,626,16),(10632,627,16),(10633,628,16),(10634,629,16),(10635,630,16),(10636,631,16),(10637,632,16),(10638,633,16),(10639,634,16),(10640,635,16),(10641,636,16),(10642,637,16),(10643,638,16),(10644,639,16),(10645,640,16),(10646,641,16),(10647,642,16),(10648,643,16),(10649,644,16),(10650,645,16),(10651,646,16),(10652,647,16),(10653,648,16),(10654,649,16),(10655,650,16),(10656,651,16),(10657,652,16),(10658,653,16),(10659,654,16),(10660,655,16),(10661,656,16),(10662,657,16),(10663,658,16),(10664,659,16),(10665,660,16),(10666,661,16),(10667,662,16),(10668,663,16),(10669,664,16),(10670,665,16),(10671,666,16),(10672,667,16),(10673,1,17),(10674,2,17),(10675,3,17),(10676,4,17),(10677,5,17),(10678,6,17),(10679,7,17),(10680,8,17),(10681,9,17),(10682,10,17),(10683,11,17),(10684,12,17),(10685,13,17),(10686,14,17),(10687,15,17),(10688,16,17),(10689,17,17),(10690,18,17),(10691,19,17),(10692,20,17),(10693,21,17),(10694,22,17),(10695,23,17),(10696,24,17),(10697,25,17),(10698,26,17),(10699,27,17),(10700,28,17),(10701,29,17),(10702,30,17),(10703,31,17),(10704,32,17),(10705,33,17),(10706,34,17),(10707,35,17),(10708,36,17),(10709,37,17),(10710,38,17),(10711,39,17),(10712,40,17),(10713,41,17),(10714,42,17),(10715,43,17),(10716,44,17),(10717,45,17),(10718,46,17),(10719,47,17),(10720,48,17),(10721,49,17),(10722,50,17),(10723,51,17),(10724,52,17),(10725,53,17),(10726,54,17),(10727,55,17),(10728,56,17),(10729,57,17),(10730,58,17),(10731,59,17),(10732,60,17),(10733,61,17),(10734,62,17),(10735,63,17),(10736,64,17),(10737,65,17),(10738,66,17),(10739,67,17),(10740,68,17),(10741,69,17),(10742,70,17),(10743,71,17),(10744,72,17),(10745,73,17),(10746,74,17),(10747,75,17),(10748,76,17),(10749,77,17),(10750,78,17),(10751,79,17),(10752,80,17),(10753,81,17),(10754,82,17),(10755,83,17),(10756,84,17),(10757,85,17),(10758,86,17),(10759,87,17),(10760,88,17),(10761,89,17),(10762,90,17),(10763,91,17),(10764,92,17),(10765,93,17),(10766,94,17),(10767,95,17),(10768,96,17),(10769,97,17),(10770,98,17),(10771,99,17),(10772,100,17),(10773,101,17),(10774,102,17),(10775,103,17),(10776,104,17),(10777,105,17),(10778,106,17),(10779,107,17),(10780,108,17),(10781,109,17),(10782,110,17),(10783,111,17),(10784,112,17),(10785,113,17),(10786,114,17),(10787,115,17),(10788,116,17),(10789,117,17),(10790,118,17),(10791,119,17),(10792,120,17),(10793,121,17),(10794,122,17),(10795,123,17),(10796,124,17),(10797,125,17),(10798,126,17),(10799,127,17),(10800,128,17),(10801,129,17),(10802,130,17),(10803,131,17),(10804,132,17),(10805,133,17),(10806,134,17),(10807,135,17),(10808,136,17),(10809,137,17),(10810,138,17),(10811,139,17),(10812,140,17),(10813,141,17),(10814,142,17),(10815,143,17),(10816,144,17),(10817,145,17),(10818,146,17),(10819,147,17),(10820,148,17),(10821,149,17),(10822,150,17),(10823,151,17),(10824,152,17),(10825,153,17),(10826,154,17),(10827,155,17),(10828,156,17),(10829,157,17),(10830,158,17),(10831,159,17),(10832,160,17),(10833,161,17),(10834,162,17),(10835,163,17),(10836,164,17),(10837,165,17),(10838,166,17),(10839,167,17),(10840,168,17),(10841,169,17),(10842,170,17),(10843,171,17),(10844,172,17),(10845,173,17),(10846,174,17),(10847,175,17),(10848,176,17),(10849,177,17),(10850,178,17),(10851,179,17),(10852,180,17),(10853,181,17),(10854,182,17),(10855,183,17),(10856,184,17),(10857,185,17),(10858,186,17),(10859,187,17),(10860,188,17),(10861,189,17),(10862,190,17),(10863,191,17),(10864,192,17),(10865,193,17),(10866,194,17),(10867,195,17),(10868,196,17),(10869,197,17),(10870,198,17),(10871,199,17),(10872,200,17),(10873,201,17),(10874,202,17),(10875,203,17),(10876,204,17),(10877,205,17),(10878,206,17),(10879,207,17),(10880,208,17),(10881,209,17),(10882,210,17),(10883,211,17),(10884,212,17),(10885,213,17),(10886,214,17),(10887,215,17),(10888,216,17),(10889,217,17),(10890,218,17),(10891,219,17),(10892,220,17),(10893,221,17),(10894,222,17),(10895,223,17),(10896,224,17),(10897,225,17),(10898,226,17),(10899,227,17),(10900,228,17),(10901,229,17),(10902,230,17),(10903,231,17),(10904,232,17),(10905,233,17),(10906,234,17),(10907,235,17),(10908,236,17),(10909,237,17),(10910,238,17),(10911,239,17),(10912,240,17),(10913,241,17),(10914,242,17),(10915,243,17),(10916,244,17),(10917,245,17),(10918,246,17),(10919,247,17),(10920,248,17),(10921,249,17),(10922,250,17),(10923,251,17),(10924,252,17),(10925,253,17),(10926,254,17),(10927,255,17),(10928,256,17),(10929,257,17),(10930,258,17),(10931,259,17),(10932,260,17),(10933,261,17),(10934,262,17),(10935,263,17),(10936,264,17),(10937,265,17),(10938,266,17),(10939,267,17),(10940,268,17),(10941,269,17),(10942,270,17),(10943,271,17),(10944,272,17),(10945,273,17),(10946,274,17),(10947,275,17),(10948,276,17),(10949,277,17),(10950,278,17),(10951,279,17),(10952,280,17),(10953,281,17),(10954,282,17),(10955,283,17),(10956,284,17),(10957,285,17),(10958,286,17),(10959,287,17),(10960,288,17),(10961,289,17),(10962,290,17),(10963,291,17),(10964,292,17),(10965,293,17),(10966,294,17),(10967,295,17),(10968,296,17),(10969,297,17),(10970,298,17),(10971,299,17),(10972,300,17),(10973,301,17),(10974,302,17),(10975,303,17),(10976,304,17),(10977,305,17),(10978,306,17),(10979,307,17),(10980,308,17),(10981,309,17),(10982,310,17),(10983,311,17),(10984,312,17),(10985,313,17),(10986,314,17),(10987,315,17),(10988,316,17),(10989,317,17),(10990,318,17),(10991,319,17),(10992,320,17),(10993,321,17),(10994,322,17),(10995,323,17),(10996,324,17),(10997,325,17),(10998,326,17),(10999,327,17),(11000,328,17),(11001,329,17),(11002,330,17),(11003,331,17),(11004,332,17),(11005,333,17),(11006,334,17),(11007,335,17),(11008,336,17),(11009,337,17),(11010,338,17),(11011,339,17),(11012,340,17),(11013,341,17),(11014,342,17),(11015,343,17),(11016,344,17),(11017,345,17),(11018,346,17),(11019,347,17),(11020,348,17),(11021,349,17),(11022,350,17),(11023,351,17),(11024,352,17),(11025,353,17),(11026,354,17),(11027,355,17),(11028,356,17),(11029,357,17),(11030,358,17),(11031,359,17),(11032,360,17),(11033,361,17),(11034,362,17),(11035,363,17),(11036,364,17),(11037,365,17),(11038,366,17),(11039,367,17),(11040,368,17),(11041,369,17),(11042,370,17),(11043,371,17),(11044,372,17),(11045,373,17),(11046,374,17),(11047,375,17),(11048,376,17),(11049,377,17),(11050,378,17),(11051,379,17),(11052,380,17),(11053,381,17),(11054,382,17),(11055,383,17),(11056,384,17),(11057,385,17),(11058,386,17),(11059,387,17),(11060,388,17),(11061,389,17),(11062,390,17),(11063,391,17),(11064,392,17),(11065,393,17),(11066,394,17),(11067,395,17),(11068,396,17),(11069,397,17),(11070,398,17),(11071,399,17),(11072,400,17),(11073,401,17),(11074,402,17),(11075,403,17),(11076,404,17),(11077,405,17),(11078,406,17),(11079,407,17),(11080,408,17),(11081,409,17),(11082,410,17),(11083,411,17),(11084,412,17),(11085,413,17),(11086,414,17),(11087,415,17),(11088,416,17),(11089,417,17),(11090,418,17),(11091,419,17),(11092,420,17),(11093,421,17),(11094,422,17),(11095,423,17),(11096,424,17),(11097,425,17),(11098,426,17),(11099,427,17),(11100,428,17),(11101,429,17),(11102,430,17),(11103,431,17),(11104,432,17),(11105,433,17),(11106,434,17),(11107,435,17),(11108,436,17),(11109,437,17),(11110,438,17),(11111,439,17),(11112,440,17),(11113,441,17),(11114,442,17),(11115,443,17),(11116,444,17),(11117,445,17),(11118,446,17),(11119,447,17),(11120,448,17),(11121,449,17),(11122,450,17),(11123,451,17),(11124,452,17),(11125,453,17),(11126,454,17),(11127,455,17),(11128,456,17),(11129,457,17),(11130,458,17),(11131,459,17),(11132,460,17),(11133,461,17),(11134,462,17),(11135,463,17),(11136,464,17),(11137,465,17),(11138,466,17),(11139,467,17),(11140,468,17),(11141,469,17),(11142,470,17),(11143,471,17),(11144,472,17),(11145,473,17),(11146,474,17),(11147,475,17),(11148,476,17),(11149,477,17),(11150,478,17),(11151,479,17),(11152,480,17),(11153,481,17),(11154,482,17),(11155,483,17),(11156,484,17),(11157,485,17),(11158,486,17),(11159,487,17),(11160,488,17),(11161,489,17),(11162,490,17),(11163,491,17),(11164,492,17),(11165,493,17),(11166,494,17),(11167,495,17),(11168,496,17),(11169,497,17),(11170,498,17),(11171,499,17),(11172,500,17),(11173,501,17),(11174,502,17),(11175,503,17),(11176,504,17),(11177,505,17),(11178,506,17),(11179,507,17),(11180,508,17),(11181,509,17),(11182,510,17),(11183,511,17),(11184,512,17),(11185,513,17),(11186,514,17),(11187,515,17),(11188,516,17),(11189,517,17),(11190,518,17),(11191,519,17),(11192,520,17),(11193,521,17),(11194,522,17),(11195,523,17),(11196,524,17),(11197,525,17),(11198,526,17),(11199,527,17),(11200,528,17),(11201,529,17),(11202,530,17),(11203,531,17),(11204,532,17),(11205,533,17),(11206,534,17),(11207,535,17),(11208,536,17),(11209,537,17),(11210,538,17),(11211,539,17),(11212,540,17),(11213,541,17),(11214,542,17),(11215,543,17),(11216,544,17),(11217,545,17),(11218,546,17),(11219,547,17),(11220,548,17),(11221,549,17),(11222,550,17),(11223,551,17),(11224,552,17),(11225,553,17),(11226,554,17),(11227,555,17),(11228,556,17),(11229,557,17),(11230,558,17),(11231,559,17),(11232,560,17),(11233,561,17),(11234,562,17),(11235,563,17),(11236,564,17),(11237,565,17),(11238,566,17),(11239,567,17),(11240,568,17),(11241,569,17),(11242,570,17),(11243,571,17),(11244,572,17),(11245,573,17),(11246,574,17),(11247,575,17),(11248,576,17),(11249,577,17),(11250,578,17),(11251,579,17),(11252,580,17),(11253,581,17),(11254,582,17),(11255,583,17),(11256,584,17),(11257,585,17),(11258,586,17),(11259,587,17),(11260,588,17),(11261,589,17),(11262,590,17),(11263,591,17),(11264,592,17),(11265,593,17),(11266,594,17),(11267,595,17),(11268,596,17),(11269,597,17),(11270,598,17),(11271,599,17),(11272,600,17),(11273,601,17),(11274,602,17),(11275,603,17),(11276,604,17),(11277,605,17),(11278,606,17),(11279,607,17),(11280,608,17),(11281,609,17),(11282,610,17),(11283,611,17),(11284,612,17),(11285,613,17),(11286,614,17),(11287,615,17),(11288,616,17),(11289,617,17),(11290,618,17),(11291,619,17),(11292,620,17),(11293,621,17),(11294,622,17),(11295,623,17),(11296,624,17),(11297,625,17),(11298,626,17),(11299,627,17),(11300,628,17),(11301,629,17),(11302,630,17),(11303,631,17),(11304,632,17),(11305,633,17),(11306,634,17),(11307,635,17),(11308,636,17),(11309,637,17),(11310,638,17),(11311,639,17),(11312,640,17),(11313,641,17),(11314,642,17),(11315,643,17),(11316,644,17),(11317,645,17),(11318,646,17),(11319,647,17),(11320,648,17),(11321,649,17),(11322,650,17),(11323,651,17),(11324,652,17),(11325,653,17),(11326,654,17),(11327,655,17),(11328,656,17),(11329,657,17),(11330,658,17),(11331,659,17),(11332,660,17),(11333,661,17),(11334,662,17),(11335,663,17),(11336,664,17),(11337,665,17),(11338,666,17),(11339,667,17),(15342,1,25),(15343,2,25),(15344,3,25),(15345,4,25),(15346,5,25),(15347,6,25),(15348,7,25),(15349,8,25),(15350,9,25),(15351,10,25),(15352,11,25),(15353,12,25),(15354,13,25),(15355,14,25),(15356,15,25),(15357,16,25),(15358,17,25),(15359,18,25),(15360,19,25),(15361,20,25),(15362,21,25),(15363,22,25),(15364,23,25),(15365,24,25),(15366,25,25),(15367,26,25),(15368,27,25),(15369,28,25),(15370,29,25),(15371,30,25),(15372,31,25),(15373,32,25),(15374,33,25),(15375,34,25),(15376,35,25),(15377,36,25),(15378,37,25),(15379,38,25),(15380,39,25),(15381,40,25),(15382,41,25),(15383,42,25),(15384,43,25),(15385,44,25),(15386,45,25),(15387,46,25),(15388,47,25),(15389,48,25),(15390,49,25),(15391,50,25),(15392,51,25),(15393,52,25),(15394,53,25),(15395,54,25),(15396,55,25),(15397,56,25),(15398,57,25),(15399,58,25),(15400,59,25),(15401,60,25),(15402,61,25),(15403,62,25),(15404,63,25),(15405,64,25),(15406,65,25),(15407,66,25),(15408,67,25),(15409,68,25),(15410,69,25),(15411,70,25),(15412,71,25),(15413,72,25),(15414,73,25),(15415,74,25),(15416,75,25),(15417,76,25),(15418,77,25),(15419,78,25),(15420,79,25),(15421,80,25),(15422,81,25),(15423,82,25),(15424,83,25),(15425,84,25),(15426,85,25),(15427,86,25),(15428,87,25),(15429,88,25),(15430,89,25),(15431,90,25),(15432,91,25),(15433,92,25),(15434,93,25),(15435,94,25),(15436,95,25),(15437,96,25),(15438,97,25),(15439,98,25),(15440,99,25),(15441,100,25),(15442,101,25),(15443,102,25),(15444,103,25),(15445,104,25),(15446,105,25),(15447,106,25),(15448,107,25),(15449,108,25),(15450,109,25),(15451,110,25),(15452,111,25),(15453,112,25),(15454,113,25),(15455,114,25),(15456,115,25),(15457,116,25),(15458,117,25),(15459,118,25),(15460,119,25),(15461,120,25),(15462,121,25),(15463,122,25),(15464,123,25),(15465,124,25),(15466,125,25),(15467,126,25),(15468,127,25),(15469,128,25),(15470,129,25),(15471,130,25),(15472,131,25),(15473,132,25),(15474,133,25),(15475,134,25),(15476,135,25),(15477,136,25),(15478,137,25),(15479,138,25),(15480,139,25),(15481,140,25),(15482,141,25),(15483,142,25),(15484,143,25),(15485,144,25),(15486,145,25),(15487,146,25),(15488,147,25),(15489,148,25),(15490,149,25),(15491,150,25),(15492,151,25),(15493,152,25),(15494,153,25),(15495,154,25),(15496,155,25),(15497,156,25),(15498,157,25),(15499,158,25),(15500,159,25),(15501,160,25),(15502,161,25),(15503,162,25),(15504,163,25),(15505,164,25),(15506,165,25),(15507,166,25),(15508,167,25),(15509,168,25),(15510,169,25),(15511,170,25),(15512,171,25),(15513,172,25),(15514,173,25),(15515,174,25),(15516,175,25),(15517,176,25),(15518,177,25),(15519,178,25),(15520,179,25),(15521,180,25),(15522,181,25),(15523,182,25),(15524,183,25),(15525,184,25),(15526,185,25),(15527,186,25),(15528,187,25),(15529,188,25),(15530,189,25),(15531,190,25),(15532,191,25),(15533,192,25),(15534,193,25),(15535,194,25),(15536,195,25),(15537,196,25),(15538,197,25),(15539,198,25),(15540,199,25),(15541,200,25),(15542,201,25),(15543,202,25),(15544,203,25),(15545,204,25),(15546,205,25),(15547,206,25),(15548,207,25),(15549,208,25),(15550,209,25),(15551,210,25),(15552,211,25),(15553,212,25),(15554,213,25),(15555,214,25),(15556,215,25),(15557,216,25),(15558,217,25),(15559,218,25),(15560,219,25),(15561,220,25),(15562,221,25),(15563,222,25),(15564,223,25),(15565,224,25),(15566,225,25),(15567,226,25),(15568,227,25),(15569,228,25),(15570,229,25),(15571,230,25),(15572,231,25),(15573,232,25),(15574,233,25),(15575,234,25),(15576,235,25),(15577,236,25),(15578,237,25),(15579,238,25),(15580,239,25),(15581,240,25),(15582,241,25),(15583,242,25),(15584,243,25),(15585,244,25),(15586,245,25),(15587,246,25),(15588,247,25),(15589,248,25),(15590,249,25),(15591,250,25),(15592,251,25),(15593,252,25),(15594,253,25),(15595,254,25),(15596,255,25),(15597,256,25),(15598,257,25),(15599,258,25),(15600,259,25),(15601,260,25),(15602,261,25),(15603,262,25),(15604,263,25),(15605,264,25),(15606,265,25),(15607,266,25),(15608,267,25),(15609,268,25),(15610,269,25),(15611,270,25),(15612,271,25),(15613,272,25),(15614,273,25),(15615,274,25),(15616,275,25),(15617,276,25),(15618,277,25),(15619,278,25),(15620,279,25),(15621,280,25),(15622,281,25),(15623,282,25),(15624,283,25),(15625,284,25),(15626,285,25),(15627,286,25),(15628,287,25),(15629,288,25),(15630,289,25),(15631,290,25),(15632,291,25),(15633,292,25),(15634,293,25),(15635,294,25),(15636,295,25),(15637,296,25),(15638,297,25),(15639,298,25),(15640,299,25),(15641,300,25),(15642,301,25),(15643,302,25),(15644,303,25),(15645,304,25),(15646,305,25),(15647,306,25),(15648,307,25),(15649,308,25),(15650,309,25),(15651,310,25),(15652,311,25),(15653,312,25),(15654,313,25),(15655,314,25),(15656,315,25),(15657,316,25),(15658,317,25),(15659,318,25),(15660,319,25),(15661,320,25),(15662,321,25),(15663,322,25),(15664,323,25),(15665,324,25),(15666,325,25),(15667,326,25),(15668,327,25),(15669,328,25),(15670,329,25),(15671,330,25),(15672,331,25),(15673,332,25),(15674,333,25),(15675,334,25),(15676,335,25),(15677,336,25),(15678,337,25),(15679,338,25),(15680,339,25),(15681,340,25),(15682,341,25),(15683,342,25),(15684,343,25),(15685,344,25),(15686,345,25),(15687,346,25),(15688,347,25),(15689,348,25),(15690,349,25),(15691,350,25),(15692,351,25),(15693,352,25),(15694,353,25),(15695,354,25),(15696,355,25),(15697,356,25),(15698,357,25),(15699,358,25),(15700,359,25),(15701,360,25),(15702,361,25),(15703,362,25),(15704,363,25),(15705,364,25),(15706,365,25),(15707,366,25),(15708,367,25),(15709,368,25),(15710,369,25),(15711,370,25),(15712,371,25),(15713,372,25),(15714,373,25),(15715,374,25),(15716,375,25),(15717,376,25),(15718,377,25),(15719,378,25),(15720,379,25),(15721,380,25),(15722,381,25),(15723,382,25),(15724,383,25),(15725,384,25),(15726,385,25),(15727,386,25),(15728,387,25),(15729,388,25),(15730,389,25),(15731,390,25),(15732,391,25),(15733,392,25),(15734,393,25),(15735,394,25),(15736,395,25),(15737,396,25),(15738,397,25),(15739,398,25),(15740,399,25),(15741,400,25),(15742,401,25),(15743,402,25),(15744,403,25),(15745,404,25),(15746,405,25),(15747,406,25),(15748,407,25),(15749,408,25),(15750,409,25),(15751,410,25),(15752,411,25),(15753,412,25),(15754,413,25),(15755,414,25),(15756,415,25),(15757,416,25),(15758,417,25),(15759,418,25),(15760,419,25),(15761,420,25),(15762,421,25),(15763,422,25),(15764,423,25),(15765,424,25),(15766,425,25),(15767,426,25),(15768,427,25),(15769,428,25),(15770,429,25),(15771,430,25),(15772,431,25),(15773,432,25),(15774,433,25),(15775,434,25),(15776,435,25),(15777,436,25),(15778,437,25),(15779,438,25),(15780,439,25),(15781,440,25),(15782,441,25),(15783,442,25),(15784,443,25),(15785,444,25),(15786,445,25),(15787,446,25),(15788,447,25),(15789,448,25),(15790,449,25),(15791,450,25),(15792,451,25),(15793,452,25),(15794,453,25),(15795,454,25),(15796,455,25),(15797,456,25),(15798,457,25),(15799,458,25),(15800,459,25),(15801,460,25),(15802,461,25),(15803,462,25),(15804,463,25),(15805,464,25),(15806,465,25),(15807,466,25),(15808,467,25),(15809,468,25),(15810,469,25),(15811,470,25),(15812,471,25),(15813,472,25),(15814,473,25),(15815,474,25),(15816,475,25),(15817,476,25),(15818,477,25),(15819,478,25),(15820,479,25),(15821,480,25),(15822,481,25),(15823,482,25),(15824,483,25),(15825,484,25),(15826,485,25),(15827,486,25),(15828,487,25),(15829,488,25),(15830,489,25),(15831,490,25),(15832,491,25),(15833,492,25),(15834,493,25),(15835,494,25),(15836,495,25),(15837,496,25),(15838,497,25),(15839,498,25),(15840,499,25),(15841,500,25),(15842,501,25),(15843,502,25),(15844,503,25),(15845,504,25),(15846,505,25),(15847,506,25),(15848,507,25),(15849,508,25),(15850,509,25),(15851,510,25),(15852,511,25),(15853,512,25),(15854,513,25),(15855,514,25),(15856,515,25),(15857,516,25),(15858,517,25),(15859,518,25),(15860,519,25),(15861,520,25),(15862,521,25),(15863,522,25),(15864,523,25),(15865,524,25),(15866,525,25),(15867,526,25),(15868,527,25),(15869,528,25),(15870,529,25),(15871,530,25),(15872,531,25),(15873,532,25),(15874,533,25),(15875,534,25),(15876,535,25),(15877,536,25),(15878,537,25),(15879,538,25),(15880,539,25),(15881,540,25),(15882,541,25),(15883,542,25),(15884,543,25),(15885,544,25),(15886,545,25),(15887,546,25),(15888,547,25),(15889,548,25),(15890,549,25),(15891,550,25),(15892,551,25),(15893,552,25),(15894,553,25),(15895,554,25),(15896,555,25),(15897,556,25),(15898,557,25),(15899,558,25),(15900,559,25),(15901,560,25),(15902,561,25),(15903,562,25),(15904,563,25),(15905,564,25),(15906,565,25),(15907,566,25),(15908,567,25),(15909,568,25),(15910,569,25),(15911,570,25),(15912,571,25),(15913,572,25),(15914,573,25),(15915,574,25),(15916,575,25),(15917,576,25),(15918,577,25),(15919,578,25),(15920,579,25),(15921,580,25),(15922,581,25),(15923,582,25),(15924,583,25),(15925,584,25),(15926,585,25),(15927,586,25),(15928,587,25),(15929,588,25),(15930,589,25),(15931,590,25),(15932,591,25),(15933,592,25),(15934,593,25),(15935,594,25),(15936,595,25),(15937,596,25),(15938,597,25),(15939,598,25),(15940,599,25),(15941,600,25),(15942,601,25),(15943,602,25),(15944,603,25),(15945,604,25),(15946,605,25),(15947,606,25),(15948,607,25),(15949,608,25),(15950,609,25),(15951,610,25),(15952,611,25),(15953,612,25),(15954,613,25),(15955,614,25),(15956,615,25),(15957,616,25),(15958,617,25),(15959,618,25),(15960,619,25),(15961,620,25),(15962,621,25),(15963,622,25),(15964,623,25),(15965,624,25),(15966,625,25),(15967,626,25),(15968,627,25),(15969,628,25),(15970,629,25),(15971,630,25),(15972,631,25),(15973,632,25),(15974,633,25),(15975,634,25),(15976,635,25),(15977,636,25),(15978,637,25),(15979,638,25),(15980,639,25),(15981,640,25),(15982,641,25),(15983,642,25),(15984,643,25),(15985,644,25),(15986,645,25),(15987,646,25),(15988,647,25),(15989,648,25),(15990,649,25),(15991,650,25),(15992,651,25),(15993,652,25),(15994,653,25),(15995,654,25),(15996,655,25),(15997,656,25),(15998,657,25),(15999,658,25),(16000,659,25),(16001,660,25),(16002,661,25),(16003,662,25),(16004,663,25),(16005,664,25),(16006,665,25),(16007,666,25),(16008,667,25);
/*!40000 ALTER TABLE `footballtracker_usercanbrowseplayer` ENABLE KEYS */;
UNLOCK TABLES;

--
-- Table structure for table `footballtracker_usercanbrowseplayermatchdata`
--

DROP TABLE IF EXISTS `footballtracker_usercanbrowseplayermatchdata`;
/*!40101 SET @saved_cs_client     = @@character_set_client */;
/*!50503 SET character_set_client = utf8mb4 */;
CREATE TABLE `footballtracker_usercanbrowseplayermatchdata` (
  `id` bigint NOT NULL AUTO_INCREMENT,
  `player_match_data_id` bigint NOT NULL,
  `user_id` int NOT NULL,
  PRIMARY KEY (`id`),
  UNIQUE KEY `unique_user_browse_player_match_data` (`user_id`,`player_match_data_id`),
  KEY `footballtracker_user_player_match_data_id_a97a75b9_fk_footballt` (`player_match_data_id`),
  CONSTRAINT `footballtracker_user_player_match_data_id_a97a75b9_fk_footballt` FOREIGN KEY (`player_match_data_id`) REFERENCES `footballtracker_playermatchdata` (`id`),
  CONSTRAINT `footballtracker_user_user_id_ff6cb52f_fk_auth_user` FOREIGN KEY (`user_id`) REFERENCES `auth_user` (`id`)
) ENGINE=InnoDB AUTO_INCREMENT=529 DEFAULT CHARSET=utf8mb4 COLLATE=utf8mb4_0900_ai_ci;
/*!40101 SET character_set_client = @saved_cs_client */;

--
-- Dumping data for table `footballtracker_usercanbrowseplayermatchdata`
--

LOCK TABLES `footballtracker_usercanbrowseplayermatchdata` WRITE;
/*!40000 ALTER TABLE `footballtracker_usercanbrowseplayermatchdata` DISABLE KEYS */;
INSERT INTO `footballtracker_usercanbrowseplayermatchdata` VALUES (1,1,1),(2,2,1),(3,3,1),(4,4,1),(5,5,1),(6,6,1),(7,7,1),(8,8,1),(9,9,1),(10,10,1),(11,11,1),(12,12,1),(13,13,1),(14,14,1),(15,15,1),(16,16,1),(17,17,1),(18,18,1),(19,19,1),(20,20,1),(21,21,1),(22,22,1),(23,1,2),(24,2,2),(25,3,2),(26,4,2),(27,5,2),(28,6,2),(29,7,2),(30,8,2),(31,9,2),(32,10,2),(33,11,2),(34,12,2),(35,13,2),(36,14,2),(37,15,2),(38,16,2),(39,17,2),(40,18,2),(41,19,2),(42,20,2),(43,21,2),(44,22,2),(45,1,3),(46,2,3),(47,3,3),(48,4,3),(49,5,3),(50,6,3),(51,7,3),(52,8,3),(53,9,3),(54,10,3),(55,11,3),(56,12,3),(57,13,3),(58,14,3),(59,15,3),(60,16,3),(61,17,3),(62,18,3),(63,19,3),(64,20,3),(65,21,3),(66,22,3),(67,1,4),(68,2,4),(69,3,4),(70,4,4),(71,5,4),(72,6,4),(73,7,4),(74,8,4),(75,9,4),(76,10,4),(77,11,4),(78,12,4),(79,13,4),(80,14,4),(81,15,4),(82,16,4),(83,17,4),(84,18,4),(85,19,4),(86,20,4),(87,21,4),(88,22,4),(89,1,5),(90,2,5),(91,3,5),(92,4,5),(93,5,5),(94,6,5),(95,7,5),(96,8,5),(97,9,5),(98,10,5),(99,11,5),(100,12,5),(101,13,5),(102,14,5),(103,15,5),(104,16,5),(105,17,5),(106,18,5),(107,19,5),(108,20,5),(109,21,5),(110,22,5),(111,1,6),(112,2,6),(113,3,6),(114,4,6),(115,5,6),(116,6,6),(117,7,6),(118,8,6),(119,9,6),(120,10,6),(121,11,6),(122,12,6),(123,13,6),(124,14,6),(125,15,6),(126,16,6),(127,17,6),(128,18,6),(129,19,6),(130,20,6),(131,21,6),(132,22,6),(133,1,7),(134,2,7),(135,3,7),(136,4,7),(137,5,7),(138,6,7),(139,7,7),(140,8,7),(141,9,7),(142,10,7),(143,11,7),(144,12,7),(145,13,7),(146,14,7),(147,15,7),(148,16,7),(149,17,7),(150,18,7),(151,19,7),(152,20,7),(153,21,7),(154,22,7),(155,1,8),(156,2,8),(157,3,8),(158,4,8),(159,5,8),(160,6,8),(161,7,8),(162,8,8),(163,9,8),(164,10,8),(165,11,8),(166,12,8),(167,13,8),(168,14,8),(169,15,8),(170,16,8),(171,17,8),(172,18,8),(173,19,8),(174,20,8),(175,21,8),(176,22,8),(177,1,9),(178,2,9),(179,3,9),(180,4,9),(181,5,9),(182,6,9),(183,7,9),(184,8,9),(185,9,9),(186,10,9),(187,11,9),(188,12,9),(189,13,9),(190,14,9),(191,15,9),(192,16,9),(193,17,9),(194,18,9),(195,19,9),(196,20,9),(197,21,9),(198,22,9),(243,1,12),(244,2,12),(245,3,12),(246,4,12),(247,5,12),(248,6,12),(249,7,12),(250,8,12),(251,9,12),(252,10,12),(253,11,12),(254,12,12),(255,13,12),(256,14,12),(257,15,12),(258,16,12),(259,17,12),(260,18,12),(261,19,12),(262,20,12),(263,21,12),(264,22,12),(287,1,14),(288,2,14),(289,3,14),(290,4,14),(291,5,14),(292,6,14),(293,7,14),(294,8,14),(295,9,14),(296,10,14),(297,11,14),(298,12,14),(299,13,14),(300,14,14),(301,15,14),(302,16,14),(303,17,14),(304,18,14),(305,19,14),(306,20,14),(307,21,14),(308,22,14),(331,1,16),(332,2,16),(333,3,16),(334,4,16),(335,5,16),(336,6,16),(337,7,16),(338,8,16),(339,9,16),(340,10,16),(341,11,16),(342,12,16),(343,13,16),(344,14,16),(345,15,16),(346,16,16),(347,17,16),(348,18,16),(349,19,16),(350,20,16),(351,21,16),(352,22,16),(353,1,17),(354,2,17),(355,3,17),(356,4,17),(357,5,17),(358,6,17),(359,7,17),(360,8,17),(361,9,17),(362,10,17),(363,11,17),(364,12,17),(365,13,17),(366,14,17),(367,15,17),(368,16,17),(369,17,17),(370,18,17),(371,19,17),(372,20,17),(373,21,17),(374,22,17),(507,1,25),(508,2,25),(509,3,25),(510,4,25),(511,5,25),(512,6,25),(513,7,25),(514,8,25),(515,9,25),(516,10,25),(517,11,25),(518,12,25),(519,13,25),(520,14,25),(521,15,25),(522,16,25),(523,17,25),(524,18,25),(525,19,25),(526,20,25),(527,21,25),(528,22,25);
/*!40000 ALTER TABLE `footballtracker_usercanbrowseplayermatchdata` ENABLE KEYS */;
UNLOCK TABLES;

--
-- Table structure for table `footballtracker_usercanbrowseteam`
--

DROP TABLE IF EXISTS `footballtracker_usercanbrowseteam`;
/*!40101 SET @saved_cs_client     = @@character_set_client */;
/*!50503 SET character_set_client = utf8mb4 */;
CREATE TABLE `footballtracker_usercanbrowseteam` (
  `id` bigint NOT NULL AUTO_INCREMENT,
  `team_id` varchar(100) NOT NULL,
  `user_id` int NOT NULL,
  PRIMARY KEY (`id`),
  UNIQUE KEY `unique_user_browse_team` (`user_id`,`team_id`),
  KEY `footballtracker_user_team_id_772fb670_fk_footballt` (`team_id`),
  CONSTRAINT `footballtracker_user_team_id_772fb670_fk_footballt` FOREIGN KEY (`team_id`) REFERENCES `footballtracker_team` (`name`),
  CONSTRAINT `footballtracker_user_user_id_805c208b_fk_auth_user` FOREIGN KEY (`user_id`) REFERENCES `auth_user` (`id`)
) ENGINE=InnoDB AUTO_INCREMENT=506 DEFAULT CHARSET=utf8mb4 COLLATE=utf8mb4_0900_ai_ci;
/*!40101 SET character_set_client = @saved_cs_client */;

--
-- Dumping data for table `footballtracker_usercanbrowseteam`
--

LOCK TABLES `footballtracker_usercanbrowseteam` WRITE;
/*!40000 ALTER TABLE `footballtracker_usercanbrowseteam` DISABLE KEYS */;
INSERT INTO `footballtracker_usercanbrowseteam` VALUES (1,'Athletic Club',1),(2,'Atltico Madrid',1),(3,'Barcelona',1),(4,'CA Osasuna',1),(5,'CD Legans',1),(6,'Celta Vigo',1),(7,'Deportivo Alavs',1),(8,'Getafe CF',1),(9,'Girona FC',1),(10,'Rayo Vallecano',1),(11,'RC Deportivo',1),(12,'RCD Espanyol',1),(13,'RCD Mallorca',1),(14,'Real Betis',1),(15,'Real Madrid',1),(16,'Real Sociedad',1),(17,'Real Valladolid',1),(18,'Sevilla',1),(20,'Valencia CF',1),(21,'Villarreal CF',1),(22,'Athletic Club',2),(23,'Atltico Madrid',2),(24,'Barcelona',2),(25,'CA Osasuna',2),(26,'CD Legans',2),(27,'Celta Vigo',2),(28,'Deportivo Alavs',2),(29,'Getafe CF',2),(30,'Girona FC',2),(31,'Rayo Vallecano',2),(32,'RC Deportivo',2),(33,'RCD Espanyol',2),(34,'RCD Mallorca',2),(35,'Real Betis',2),(36,'Real Madrid',2),(37,'Real Sociedad',2),(38,'Real Valladolid',2),(39,'Sevilla',2),(41,'Valencia CF',2),(42,'Villarreal CF',2),(43,'Athletic Club',3),(44,'Atltico Madrid',3),(45,'Barcelona',3),(46,'CA Osasuna',3),(190,'Canada',3),(47,'CD Legans',3),(48,'Celta Vigo',3),(49,'Deportivo Alavs',3),(50,'Getafe CF',3),(51,'Girona FC',3),(52,'Rayo Vallecano',3),(53,'RC Deportivo',3),(54,'RCD Espanyol',3),(55,'RCD Mallorca',3),(56,'Real Betis',3),(57,'Real Madrid',3),(58,'Real Sociedad',3),(59,'Real Valladolid',3),(60,'Sevilla',3),(62,'Valencia CF',3),(63,'Villarreal CF',3),(64,'Athletic Club',4),(65,'Atltico Madrid',4),(66,'Barcelona',4),(67,'CA Osasuna',4),(68,'CD Legans',4),(69,'Celta Vigo',4),(70,'Deportivo Alavs',4),(71,'Getafe CF',4),(72,'Girona FC',4),(73,'Rayo Vallecano',4),(74,'RC Deportivo',4),(75,'RCD Espanyol',4),(76,'RCD Mallorca',4),(77,'Real Betis',4),(78,'Real Madrid',4),(79,'Real Sociedad',4),(80,'Real Valladolid',4),(81,'Sevilla',4),(83,'Valencia CF',4),(84,'Villarreal CF',4),(85,'Athletic Club',5),(86,'Atltico Madrid',5),(87,'Barcelona',5),(88,'CA Osasuna',5),(89,'CD Legans',5),(90,'Celta Vigo',5),(91,'Deportivo Alavs',5),(92,'Getafe CF',5),(93,'Girona FC',5),(94,'Rayo Vallecano',5),(95,'RC Deportivo',5),(96,'RCD Espanyol',5),(97,'RCD Mallorca',5),(98,'Real Betis',5),(99,'Real Madrid',5),(100,'Real Sociedad',5),(101,'Real Valladolid',5),(102,'Sevilla',5),(104,'Valencia CF',5),(105,'Villarreal CF',5),(106,'Athletic Club',6),(107,'Atltico Madrid',6),(108,'Barcelona',6),(109,'CA Osasuna',6),(110,'CD Legans',6),(111,'Celta Vigo',6),(112,'Deportivo Alavs',6),(113,'Getafe CF',6),(114,'Girona FC',6),(115,'Rayo Vallecano',6),(116,'RC Deportivo',6),(117,'RCD Espanyol',6),(118,'RCD Mallorca',6),(119,'Real Betis',6),(120,'Real Madrid',6),(121,'Real Sociedad',6),(122,'Real Valladolid',6),(123,'Sevilla',6),(125,'Valencia CF',6),(126,'Villarreal CF',6),(127,'Athletic Club',7),(128,'Atltico Madrid',7),(129,'Barcelona',7),(130,'CA Osasuna',7),(131,'CD Legans',7),(132,'Celta Vigo',7),(133,'Deportivo Alavs',7),(134,'Getafe CF',7),(135,'Girona FC',7),(136,'Rayo Vallecano',7),(137,'RC Deportivo',7),(138,'RCD Espanyol',7),(139,'RCD Mallorca',7),(140,'Real Betis',7),(141,'Real Madrid',7),(142,'Real Sociedad',7),(143,'Real Valladolid',7),(144,'Sevilla',7),(146,'Valencia CF',7),(147,'Villarreal CF',7),(149,'Athletic Club',8),(150,'Atltico Madrid',8),(151,'Barcelona',8),(152,'CA Osasuna',8),(153,'CD Legans',8),(154,'Celta Vigo',8),(155,'Deportivo Alavs',8),(156,'Getafe CF',8),(157,'Girona FC',8),(158,'Rayo Vallecano',8),(159,'RC Deportivo',8),(160,'RCD Espanyol',8),(161,'RCD Mallorca',8),(162,'Real Betis',8),(163,'Real Madrid',8),(164,'Real Sociedad',8),(165,'Real Valladolid',8),(166,'Sevilla',8),(167,'Valencia CF',8),(168,'Villarreal CF',8),(169,'Athletic Club',9),(170,'Atltico Madrid',9),(171,'Barcelona',9),(172,'CA Osasuna',9),(173,'Canada',9),(174,'CD Legans',9),(175,'Celta Vigo',9),(176,'Deportivo Alavs',9),(177,'Getafe CF',9),(178,'Girona FC',9),(179,'Rayo Vallecano',9),(180,'RC Deportivo',9),(181,'RCD Espanyol',9),(182,'RCD Mallorca',9),(183,'Real Betis',9),(184,'Real Madrid',9),(185,'Real Sociedad',9),(186,'Real Valladolid',9),(187,'Sevilla',9),(188,'Valencia CF',9),(189,'Villarreal CF',9),(233,'Athletic Club',12),(234,'Atltico Madrid',12),(235,'Barcelona',12),(236,'CA Osasuna',12),(237,'Canada',12),(238,'CD Legans',12),(239,'Celta Vigo',12),(240,'Deportivo Alavs',12),(241,'Getafe CF',12),(242,'Girona FC',12),(243,'Rayo Vallecano',12),(244,'RC Deportivo',12),(245,'RCD Espanyol',12),(246,'RCD Mallorca',12),(247,'Real Betis',12),(248,'Real Madrid',12),(249,'Real Sociedad',12),(250,'Real Valladolid',12),(251,'Sevilla',12),(252,'Valencia CF',12),(253,'Villarreal CF',12),(275,'Athletic Club',14),(276,'Atltico Madrid',14),(277,'Barcelona',14),(278,'CA Osasuna',14),(279,'Canada',14),(280,'CD Legans',14),(281,'Celta Vigo',14),(282,'Deportivo Alavs',14),(283,'Getafe CF',14),(284,'Girona FC',14),(285,'Rayo Vallecano',14),(286,'RC Deportivo',14),(287,'RCD Espanyol',14),(288,'RCD Mallorca',14),(289,'Real Betis',14),(290,'Real Madrid',14),(291,'Real Sociedad',14),(292,'Real Valladolid',14),(293,'Sevilla',14),(294,'Valencia CF',14),(295,'Villarreal CF',14),(317,'Athletic Club',16),(318,'Atltico Madrid',16),(319,'Barcelona',16),(320,'CA Osasuna',16),(321,'Canada',16),(322,'CD Legans',16),(323,'Celta Vigo',16),(324,'Deportivo Alavs',16),(325,'Getafe CF',16),(326,'Girona FC',16),(327,'Rayo Vallecano',16),(328,'RC Deportivo',16),(329,'RCD Espanyol',16),(330,'RCD Mallorca',16),(331,'Real Betis',16),(332,'Real Madrid',16),(333,'Real Sociedad',16),(334,'Real Valladolid',16),(335,'Sevilla',16),(336,'Valencia CF',16),(337,'Villarreal CF',16),(338,'Athletic Club',17),(339,'Atltico Madrid',17),(340,'Barcelona',17),(341,'CA Osasuna',17),(342,'Canada',17),(343,'CD Legans',17),(344,'Celta Vigo',17),(345,'Deportivo Alavs',17),(346,'Getafe CF',17),(347,'Girona FC',17),(348,'Rayo Vallecano',17),(349,'RC Deportivo',17),(350,'RCD Espanyol',17),(351,'RCD Mallorca',17),(352,'Real Betis',17),(353,'Real Madrid',17),(354,'Real Sociedad',17),(355,'Real Valladolid',17),(356,'Sevilla',17),(357,'Valencia CF',17),(358,'Villarreal CF',17),(485,'Athletic Club',25),(486,'Atltico Madrid',25),(487,'Barcelona',25),(488,'CA Osasuna',25),(489,'Canada',25),(490,'CD Legans',25),(491,'Celta Vigo',25),(492,'Deportivo Alavs',25),(493,'Getafe CF',25),(494,'Girona FC',25),(495,'Rayo Vallecano',25),(496,'RC Deportivo',25),(497,'RCD Espanyol',25),(498,'RCD Mallorca',25),(499,'Real Betis',25),(500,'Real Madrid',25),(501,'Real Sociedad',25),(502,'Real Valladolid',25),(503,'Sevilla',25),(504,'Valencia CF',25),(505,'Villarreal CF',25);
/*!40000 ALTER TABLE `footballtracker_usercanbrowseteam` ENABLE KEYS */;
UNLOCK TABLES;

--
-- Table structure for table `footballtracker_usercanbrowseteammatchdata`
--

DROP TABLE IF EXISTS `footballtracker_usercanbrowseteammatchdata`;
/*!40101 SET @saved_cs_client     = @@character_set_client */;
/*!50503 SET character_set_client = utf8mb4 */;
CREATE TABLE `footballtracker_usercanbrowseteammatchdata` (
  `id` bigint NOT NULL AUTO_INCREMENT,
  `team_match_data_id` bigint NOT NULL,
  `user_id` int NOT NULL,
  PRIMARY KEY (`id`),
  UNIQUE KEY `unique_user_browse_team_match_data` (`user_id`,`team_match_data_id`),
  KEY `footballtracker_user_team_match_data_id_3bdda914_fk_footballt` (`team_match_data_id`),
  CONSTRAINT `footballtracker_user_team_match_data_id_3bdda914_fk_footballt` FOREIGN KEY (`team_match_data_id`) REFERENCES `footballtracker_teammatchdata` (`id`),
  CONSTRAINT `footballtracker_user_user_id_5e75a5ed_fk_auth_user` FOREIGN KEY (`user_id`) REFERENCES `auth_user` (`id`)
) ENGINE=InnoDB AUTO_INCREMENT=49 DEFAULT CHARSET=utf8mb4 COLLATE=utf8mb4_0900_ai_ci;
/*!40101 SET character_set_client = @saved_cs_client */;

--
-- Dumping data for table `footballtracker_usercanbrowseteammatchdata`
--

LOCK TABLES `footballtracker_usercanbrowseteammatchdata` WRITE;
/*!40000 ALTER TABLE `footballtracker_usercanbrowseteammatchdata` DISABLE KEYS */;
INSERT INTO `footballtracker_usercanbrowseteammatchdata` VALUES (1,1,1),(2,2,1),(3,1,2),(4,2,2),(5,1,3),(6,2,3),(7,1,4),(8,2,4),(9,1,5),(10,2,5),(11,1,6),(12,2,6),(13,1,7),(14,2,7),(15,1,8),(16,2,8),(17,1,9),(18,2,9),(23,1,12),(24,2,12),(27,1,14),(28,2,14),(31,1,16),(32,2,16),(33,1,17),(34,2,17),(47,1,25),(48,2,25);
/*!40000 ALTER TABLE `footballtracker_usercanbrowseteammatchdata` ENABLE KEYS */;
UNLOCK TABLES;

--
-- Table structure for table `footballtracker_userprofile`
--

DROP TABLE IF EXISTS `footballtracker_userprofile`;
/*!40101 SET @saved_cs_client     = @@character_set_client */;
/*!50503 SET character_set_client = utf8mb4 */;
CREATE TABLE `footballtracker_userprofile` (
  `user_id` int NOT NULL,
  `profile_image` varchar(100) DEFAULT NULL,
  PRIMARY KEY (`user_id`),
  CONSTRAINT `footballtracker_userprofile_user_id_682f2d5c_fk_auth_user_id` FOREIGN KEY (`user_id`) REFERENCES `auth_user` (`id`)
) ENGINE=InnoDB DEFAULT CHARSET=utf8mb4 COLLATE=utf8mb4_0900_ai_ci;
/*!40101 SET character_set_client = @saved_cs_client */;

--
-- Dumping data for table `footballtracker_userprofile`
--

LOCK TABLES `footballtracker_userprofile` WRITE;
/*!40000 ALTER TABLE `footballtracker_userprofile` DISABLE KEYS */;
INSERT INTO `footballtracker_userprofile` VALUES (12,''),(14,''),(16,''),(17,''),(25,'profile_pics/8f8fb6f160edc5ff064c69a98fad4cd9656ed6d8.jpg');
/*!40000 ALTER TABLE `footballtracker_userprofile` ENABLE KEYS */;
UNLOCK TABLES;
/*!40103 SET TIME_ZONE=@OLD_TIME_ZONE */;

/*!40101 SET SQL_MODE=@OLD_SQL_MODE */;
/*!40014 SET FOREIGN_KEY_CHECKS=@OLD_FOREIGN_KEY_CHECKS */;
/*!40014 SET UNIQUE_CHECKS=@OLD_UNIQUE_CHECKS */;
/*!40101 SET CHARACTER_SET_CLIENT=@OLD_CHARACTER_SET_CLIENT */;
/*!40101 SET CHARACTER_SET_RESULTS=@OLD_CHARACTER_SET_RESULTS */;
/*!40101 SET COLLATION_CONNECTION=@OLD_COLLATION_CONNECTION */;
/*!40111 SET SQL_NOTES=@OLD_SQL_NOTES */;

-- Dump completed on 2025-04-24  3:20:56
